surah;ayat;kata;huruf;cum_kata;cum_huruf
1;1;4;16;4;16
1;2;4;15;8;31
1;3;2;10;10;41
1;4;3;9;13;50
1;5;4;16;17;66
1;6;4;14;21;80
1;7;10;35;31;115
2;1;5;19;5;19
2;2;8;23;13;42
2;3;8;38;21;80
2;4;12;47;33;127
2;5;8;34;41;161
2;6;11;43;52;204
2;7;12;51;64;255
2;8;11;42;75;297
2;9;10;44;85;341
2;10;12;47;97;388
2;11;11;40;108;428
2;12;7;28;115;456
2;13;19;76;134;532
2;14;16;71;150;603
2;15;7;28;157;631
2;16;11;52;168;683
2;17;17;66;185;749
2;18;6;17;191;766
2;19;20;75;211;841
2;20;25;93;236;934
2;21;11;45;247;979
2;22;25;91;272;1070
2;23;20;73;292;1143
2;24;13;59;305;1202
2;25;35;137;340;1339
2;26;40;136;380;1475
2;27;20;71;400;1546
2;28;14;50;414;1596
2;29;20;60;434;1656
2;30;28;101;462;1757
2;31;15;68;477;1825
2;32;12;44;489;1869
2;33;23;96;512;1965
2;34;13;59;525;2024
2;35;18;75;543;2099
2;36;19;79;562;2178
2;37;11;40;573;2218
2;38;17;60;590;2278
2;39;10;48;600;2326
2;40;14;56;614;2382
2;41;18;75;632;2457
2;42;8;39;640;2496
2;43;8;35;648;2531
2;44;11;52;659;2583
2;45;8;40;667;2623
2;46;9;34;676;2657
2;47;12;46;688;2703
2;48;19;62;707;2765
2;49;19;77;726;2842
2;50;10;49;736;2891
2;51;13;48;749;2939
2;52;9;30;758;2969
2;53;7;35;765;3004
2;54;27;112;792;3116
2;55;14;57;806;3173
2;56;7;30;813;3203
2;57;18;84;831;3287
2;58;20;86;851;3373
2;59;18;67;869;3440
2;60;29;107;898;3547
2;61;62;233;960;3780
2;62;24;98;984;3878
2;63;15;66;999;3944
2;64;14;49;1013;3993
2;65;12;48;1025;4041
2;66;9;41;1034;4082
2;67;20;78;1054;4160
2;68;24;73;1078;4233
2;69;18;65;1096;4298
2;70;17;55;1113;4353
2;71;24;88;1137;4441
2;72;13;40;1150;4481
2;73;12;49;1162;4530
2;74;38;129;1200;4659
2;75;20;71;1220;4730
2;76;23;98;1243;4828
2;77;9;31;1252;4859
2;78;11;40;1263;4899
2;79;24;88;1287;4987
2;80;23;85;1310;5072
2;81;13;51;1323;5123
2;82;10;49;1333;5172
2;83;31;132;1364;5304
2;84;15;69;1379;5373
2;85;51;210;1430;5583
2;86;13;54;1443;5637
2;87;28;125;1471;5762
2;88;10;43;1481;5805
2;89;26;101;1507;5906
2;90;27;97;1534;6003
2;91;30;112;1564;6115
2;92;12;47;1576;6162
2;93;27;122;1603;6284
2;94;17;62;1620;6346
2;95;9;37;1629;6383
2;96;25;91;1654;6474
2;97;18;66;1672;6540
2;98;12;51;1684;6591
2;99;10;40;1694;6631
2;100;10;42;1704;6673
2;101;22;82;1726;6755
2;102;74;282;1800;7037
2;103;12;46;1812;7083
2;104;13;57;1825;7140
2;105;25;82;1850;7222
2;106;20;57;1870;7279
2;107;18;52;1888;7331
2;108;18;66;1906;7397
2;109;33;109;1939;7506
2;110;17;70;1956;7576
2;111;18;68;1974;7644
2;112;17;56;1991;7700
2;113;32;117;2023;7817
2;114;30;101;2053;7918
2;115;13;45;2066;7963
2;116;15;50;2081;8013
2;117;12;41;2093;8054
2;118;25;92;2118;8146
2;119;10;41;2128;8187
2;120;31;100;2159;8287
2;121;15;65;2174;8352
2;122;12;46;2186;8398
2;123;18;61;2204;8459
2;124;21;74;2225;8533
2;125;24;102;2249;8635
2;126;32;113;2281;8748
2;127;15;55;2296;8803
2;128;17;69;2313;8872
2;129;16;69;2329;8941
2;130;19;64;2348;9005
2;131;9;31;2357;9036
2;132;17;61;2374;9097
2;133;29;111;2403;9208
2;134;15;53;2418;9261
2;135;16;59;2434;9320
2;136;32;124;2466;9444
2;137;19;72;2485;9516
2;138;10;35;2495;9551
2;139;14;61;2509;9612
2;140;31;120;2540;9732
2;141;15;53;2555;9785
2;142;23;76;2578;9861
2;143;46;172;2624;10033
2;144;34;133;2658;10166
2;145;32;122;2690;10288
2;146;14;64;2704;10352
2;147;7;24;2711;10376
2;148;20;63;2731;10439
2;149;17;62;2748;10501
2;150;31;126;2779;10627
2;151;17;79;2796;10706
2;152;6;28;2802;10734
2;153;10;43;2812;10777
2;154;14;45;2826;10822
2;155;14;56;2840;10878
2;156;11;40;2851;10918
2;157;10;41;2861;10959
2;158;25;78;2886;11037
2;159;20;79;2906;11116
2;160;11;51;2917;11167
2;161;13;58;2930;11225
2;162;9;32;2939;11257
2;163;10;35;2949;11292
2;164;44;156;2993;11448
2;165;31;107;3024;11555
2;166;12;49;3036;11604
2;167;25;86;3061;11690
2;168;17;58;3078;11748
2;169;11;46;3089;11794
2;170;22;83;3111;11877
2;171;18;58;3129;11935
2;172;14;56;3143;11991
2;173;25;80;3168;12071
2;174;29;105;3197;12176
2;175;11;54;3208;12230
2;176;15;48;3223;12278
2;177;52;233;3275;12511
2;178;39;141;3314;12652
2;179;8;33;3322;12685
2;180;17;65;3339;12750
2;181;14;48;3353;12798
2;182;16;51;3369;12849
2;183;14;53;3383;12902
2;184;33;110;3416;13012
2;185;44;165;3460;13177
2;186;17;65;3477;13242
2;187;66;255;3543;13497
2;188;19;79;3562;13576
2;189;30;104;3592;13680
2;190;13;49;3605;13729
2;191;26;118;3631;13847
2;192;6;21;3637;13868
2;193;16;58;3653;13926
2;194;22;90;3675;14016
2;195;14;56;3689;14072
2;196;74;257;3763;14329
2;197;29;106;3792;14435
2;198;26;101;3818;14536
2;199;12;42;3830;14578
2;200;24;90;3854;14668
2;201;14;52;3868;14720
2;202;8;32;3876;14752
2;203;27;88;3903;14840
2;204;17;54;3920;14894
2;205;14;49;3934;14943
2;206;12;46;3946;14989
2;207;11;42;3957;15031
2;208;16;57;3973;15088
2;209;12;43;3985;15131
2;210;17;61;4002;15192
2;211;21;65;4023;15257
2;212;20;75;4043;15332
2;213;51;180;4094;15512
2;214;30;115;4124;15627
2;215;23;87;4147;15714
2;216;25;86;4172;15800
2;217;57;223;4229;16023
2;218;16;63;4245;16086
2;219;28;110;4273;16196
2;220;27;102;4300;16298
2;221;39;168;4339;16466
2;222;28;103;4367;16569
2;223;16;76;4383;16645
2;224;14;59;4397;16704
2;225;14;58;4411;16762
2;226;13;49;4424;16811
2;227;7;25;4431;16836
2;228;41;158;4472;16994
2;229;46;176;4518;17170
2;230;30;104;4548;17274
2;231;46;187;4594;17461
2;232;37;134;4631;17595
2;233;69;268;4700;17863
2;234;26;110;4726;17973
2;235;47;185;4773;18158
2;236;25;103;4798;18261
2;237;35;130;4833;18391
2;238;9;39;4842;18430
2;239;15;63;4857;18493
2;240;29;101;4886;18594
2;241;6;31;4892;18625
2;242;8;28;4900;18653
2;243;29;97;4929;18750
2;244;9;31;4938;18781
2;245;16;59;4954;18840
2;246;55;194;5009;19034
2;247;44;144;5053;19178
2;248;31;106;5084;19284
2;249;60;218;5144;19502
2;250;15;72;5159;19574
2;251;27;112;5186;19686
2;252;9;36;5195;19722
2;253;53;189;5248;19911
2;254;21;77;5269;19988
2;255;52;161;5321;20149
2;256;24;84;5345;20233
2;257;24;104;5369;20337
2;258;46;137;5415;20474
2;259;67;228;5482;20702
2;260;40;129;5522;20831
2;261;26;83;5548;20914
2;262;25;82;5573;20996
2;263;12;39;5585;21035
2;264;38;152;5623;21187
2;265;28;113;5651;21300
2;266;37;133;5688;21433
2;267;29;112;5717;21545
2;268;14;57;5731;21602
2;269;16;55;5747;21657
2;270;15;54;5762;21711
2;271;20;81;5782;21792
2;272;29;101;5811;21893
2;273;30;115;5841;22008
2;274;18;68;5859;22076
2;275;46;167;5905;22243
2;276;11;37;5916;22280
2;277;19;82;5935;22362
2;278;13;47;5948;22409
2;279;18;70;5966;22479
2;280;14;50;5980;22529
2;281;15;49;5995;22578
2;282;129;490;6124;23068
2;283;33;129;6157;23197
2;284;29;88;6186;23285
2;285;27;112;6213;23397
2;286;49;181;6262;23578
3;1;5;19;5;19
3;2;7;20;12;39
3;3;11;44;23;83
3;4;18;66;41;149
3;5;11;29;52;178
3;6;13;40;65;218
3;7;47;175;112;393
3;8;15;52;127;445
3;9;13;39;140;484
3;10;17;60;157;544
3;11;14;63;171;607
3;12;9;41;180;648
3;13;30;98;210;746
3;14;26;104;236;850
3;15;28;94;264;944
3;16;11;46;275;990
3;17;6;43;281;1033
3;18;18;67;299;1100
3;19;26;91;325;1191
3;20;26;110;351;1301
3;21;18;73;369;1374
3;22;11;45;380;1419
3;23;20;71;400;1490
3;24;17;59;417;1549
3;25;15;47;432;1596
3;26;25;82;457;1678
3;27;21;67;478;1745
3;28;28;96;506;1841
3;29;23;67;529;1908
3;30;26;87;555;1995
3;31;14;54;569;2049
3;32;11;40;580;2089
3;33;14;44;594;2133
3;34;7;23;601;2156
3;35;19;56;620;2212
3;36;24;94;644;2306
3;37;34;128;678;2434
3;38;15;46;693;2480
3;39;20;78;713;2558
3;40;18;54;731;2612
3;41;20;71;751;2683
3;42;12;52;763;2735
3;43;8;26;771;2761
3;44;21;70;792;2831
3;45;20;74;812;2905
3;46;7;27;819;2932
3;47;24;70;843;3002
3;48;5;29;848;3031
3;49;47;163;895;3194
3;50;19;70;914;3264
3;51;9;30;923;3294
3;52;21;78;944;3372
3;53;9;42;953;3414
3;54;6;25;959;3439
3;55;30;112;989;3551
3;56;13;53;1002;3604
3;57;11;51;1013;3655
3;58;8;27;1021;3682
3;59;15;45;1036;3727
3;60;7;22;1043;3749
3;61;25;109;1068;3858
3;62;15;48;1083;3906
3;63;6;24;1089;3930
3;64;31;120;1120;4050
3;65;16;62;1136;4112
3;66;19;71;1155;4183
3;67;15;54;1170;4237
3;68;14;55;1184;4292
3;69;13;50;1197;4342
3;70;8;36;1205;4378
3;71;10;47;1215;4425
3;72;17;74;1232;4499
3;73;33;100;1265;4599
3;74;8;28;1273;4627
3;75;38;127;1311;4754
3;76;9;31;1320;4785
3;77;27;100;1347;4885
3;78;29;107;1376;4992
3;79;28;110;1404;5102
3;80;13;61;1417;5163
3;81;34;138;1451;5301
3;82;8;29;1459;5330
3;83;15;52;1474;5382
3;84;30;115;1504;5497
3;85;13;44;1517;5541
3;86;18;69;1535;5610
3;87;9;43;1544;5653
3;88;9;32;1553;5685
3;89;12;39;1565;5724
3;90;14;58;1579;5782
3;91;24;85;1603;5867
3;92;15;52;1618;5919
3;93;27;89;1645;6008
3;94;12;41;1657;6049
3;95;12;40;1669;6089
3;96;10;39;1679;6128
3;97;26;86;1705;6214
3;98;12;45;1717;6259
3;99;19;73;1736;6332
3;100;14;58;1750;6390
3;101;18;65;1768;6455
3;102;12;49;1780;6504
3;103;36;145;1816;6649
3;104;14;63;1830;6712
3;105;14;60;1844;6772
3;106;17;74;1861;6846
3;107;10;36;1871;6882
3;108;11;42;1882;6924
3;109;12;37;1894;6961
3;110;23;106;1917;7067
3;111;11;43;1928;7110
3;112;37;136;1965;7246
3;113;15;52;1980;7298
3;114;16;70;1996;7368
3;115;9;33;2005;7401
3;116;19;70;2024;7471
3;117;23;90;2047;7561
3;118;31;116;2078;7677
3;119;27;118;2105;7795
3;120;21;80;2126;7875
3;121;11;44;2137;7919
3;122;12;52;2149;7971
3;123;10;44;2159;8015
3;124;13;55;2172;8070
3;125;15;67;2187;8137
3;126;17;61;2204;8198
3;127;9;37;2213;8235
3;128;12;39;2225;8274
3;129;17;50;2242;8324
3;130;12;57;2254;8381
3;131;5;22;2259;8403
3;132;5;26;2264;8429
3;133;13;51;2277;8480
3;134;13;54;2290;8534
3;135;23;95;2313;8629
3;136;15;65;2328;8694
3;137;13;47;2341;8741
3;138;6;28;2347;8769
3;139;9;39;2356;8808
3;140;24;91;2380;8899
3;141;6;27;2386;8926
3;142;13;52;2399;8978
3;143;12;49;2411;9027
3;144;27;95;2438;9122
3;145;24;91;2462;9213
3;146;21;76;2483;9289
3;147;19;81;2502;9370
3;148;10;44;2512;9414
3;149;12;56;2524;9470
3;150;6;22;2530;9492
3;151;19;74;2549;9566
3;152;40;151;2589;9717
3;153;26;99;2615;9816
3;154;75;257;2690;10073
3;155;21;78;2711;10151
3;156;38;138;2749;10289
3;157;14;47;2763;10336
3;158;7;27;2770;10363
3;159;30;108;2800;10471
3;160;18;66;2818;10537
3;161;21;60;2839;10597
3;162;14;47;2853;10644
3;163;8;28;2861;10672
3;164;25;95;2886;10767
3;165;20;69;2906;10836
3;166;9;40;2915;10876
3;167;34;134;2949;11010
3;168;17;68;2966;11078
3;169;14;46;2980;11124
3;170;19;71;2999;11195
3;171;12;40;3011;11235
3;172;15;61;3026;11296
3;173;17;68;3043;11364
3;174;16;56;3059;11420
3;175;12;49;3071;11469
3;176;22;72;3093;11541
3;177;12;43;3105;11584
3;178;17;66;3122;11650
3;179;36;127;3158;11777
3;180;32;106;3190;11883
3;181;22;84;3212;11967
3;182;10;32;3222;11999
3;183;28;107;3250;12106
3;184;12;48;3262;12154
3;185;23;88;3285;12242
3;186;27;99;3312;12341
3;187;21;90;3333;12431
3;188;20;78;3353;12509
3;189;10;32;3363;12541
3;190;12;46;3375;12587
3;191;22;90;3397;12677
3;192;11;42;3408;12719
3;193;20;90;3428;12809
3;194;14;54;3442;12863
3;195;43;173;3485;13036
3;196;7;24;3492;13060
3;197;7;28;3499;13088
3;198;21;76;3520;13164
3;199;30;110;3550;13274
3;200;10;51;3560;13325
4;1;33;125;33;125
4;2;19;73;52;198
4;3;30;108;82;306
4;4;14;55;96;361
4;5;17;70;113;431
4;6;39;169;152;600
4;7;21;82;173;682
4;8;13;64;186;746
4;9;15;62;201;808
4;10;14;53;215;861
4;11;73;245;288;1106
4;12;92;272;380;1378
4;13;19;68;399;1446
4;14;13;49;412;1495
4;15;22;91;434;1586
4;16;14;65;448;1651
4;17;20;78;468;1729
4;18;24;95;492;1824
4;19;34;142;526;1966
4;20;17;80;543;2046
4;21;11;46;554;2092
4;22;17;62;571;2154
4;23;56;241;627;2395
4;24;46;166;673;2561
4;25;60;243;733;2804
4;26;14;47;747;2851
4;27;14;45;761;2896
4;28;8;28;769;2924
4;29;24;91;793;3015
4;30;16;47;809;3062
4;31;12;54;821;3116
4;32;27;98;848;3214
4;33;21;77;869;3291
4;34;42;172;911;3463
4;35;22;82;933;3545
4;36;34;133;967;3678
4;37;15;69;982;3747
4;38;19;71;1001;3818
4;39;15;62;1016;3880
4;40;15;50;1031;3930
4;41;12;41;1043;3971
4;42;14;52;1057;4023
4;43;48;190;1105;4213
4;44;14;54;1119;4267
4;45;9;39;1128;4306
4;46;39;159;1167;4465
4;47;28;115;1195;4580
4;48;21;60;1216;4640
4;49;14;45;1230;4685
4;50;10;34;1240;4719
4;51;20;84;1260;4803
4;52;11;38;1271;4841
4;53;10;32;1281;4873
4;54;19;74;1300;4947
4;55;11;38;1311;4985
4;56;20;86;1331;5071
4;57;21;91;1352;5162
4;58;26;91;1378;5253
4;59;29;114;1407;5367
4;60;30;111;1437;5478
4;61;15;58;1452;5536
4;62;16;66;1468;5602
4;63;16;59;1484;5661
4;64;23;97;1507;5758
4;65;19;68;1526;5826
4;66;27;99;1553;5925
4;67;6;26;1559;5951
4;68;4;18;1563;5969
4;69;18;78;1581;6047
4;70;8;24;1589;6071
4;71;10;43;1599;6114
4;72;17;58;1616;6172
4;73;18;67;1634;6239
4;74;22;74;1656;6313
4;75;32;121;1688;6434
4;76;20;80;1708;6514
4;77;48;180;1756;6694
4;78;36;132;1792;6826
4;79;18;69;1810;6895
4;80;12;44;1822;6939
4;81;24;89;1846;7028
4;82;13;50;1859;7078
4;83;30;121;1889;7199
4;84;22;76;1911;7275
4;85;22;68;1933;7343
4;86;15;50;1948;7393
4;87;17;53;1965;7446
4;88;23;78;1988;7524
4;89;28;119;2016;7643
4;90;36;151;2052;7794
4;91;32;146;2084;7940
4;92;60;219;2144;8159
4;93;16;65;2160;8224
4;94;40;150;2200;8374
4;95;35;145;2235;8519
4;96;8;35;2243;8554
4;97;28;117;2271;8671
4;98;13;53;2284;8724
4;99;10;38;2294;8762
4;100;33;105;2327;8867
4;101;23;85;2350;8952
4;102;63;263;2413;9215
4;103;20;95;2433;9310
4;104;22;85;2455;9395
4;105;15;59;2470;9454
4;106;7;26;2477;9480
4;107;14;48;2491;9528
4;108;21;71;2512;9599
4;109;18;67;2530;9666
4;110;13;43;2543;9709
4;111;11;41;2554;9750
4;112;14;48;2568;9798
4;113;33;122;2601;9920
4;114;28;87;2629;10007
4;115;20;71;2649;10078
4;116;21;59;2670;10137
4;117;11;39;2681;10176
4;118;8;34;2689;10210
4;119;21;100;2710;10310
4;120;7;29;2717;10339
4;121;7;31;2724;10370
4;122;21;86;2745;10456
4;123;20;62;2765;10518
4;124;16;61;2781;10579
4;125;19;63;2800;10642
4;126;13;37;2813;10679
4;127;41;152;2854;10831
4;128;29;116;2883;10947
4;129;22;93;2905;11040
4;130;12;37;2917;11077
4;131;34;109;2951;11186
4;132;11;33;2962;11219
4;133;13;42;2975;11261
4;134;14;52;2989;11313
4;135;40;144;3029;11457
4;136;28;116;3057;11573
4;137;20;71;3077;11644
4;138;6;25;3083;11669
4;139;14;59;3097;11728
4;140;33;120;3130;11848
4;141;36;140;3166;11988
4;142;19;81;3185;12069
4;143;17;55;3202;12124
4;144;17;74;3219;12198
4;145;11;38;3230;12236
4;146;18;81;3248;12317
4;147;11;45;3259;12362
4;148;15;45;3274;12407
4;149;14;46;3288;12453
4;150;23;85;3311;12538
4;151;8;41;3319;12579
4;152;17;71;3336;12650
4;153;39;151;3375;12801
4;154;19;82;3394;12883
4;155;22;94;3416;12977
4;156;6;29;3422;13006
4;157;34;114;3456;13120
4;158;8;27;3464;13147
4;159;14;49;3478;13196
4;160;14;53;3492;13249
4;161;15;68;3507;13317
4;162;27;119;3534;13436
4;163;27;115;3561;13551
4;164;14;54;3575;13605
4;165;15;58;3590;13663
4;166;13;55;3603;13718
4;167;11;38;3614;13756
4;168;12;42;3626;13798
4;169;12;38;3638;13836
4;170;24;87;3662;13923
4;171;55;192;3717;14115
4;172;18;76;3735;14191
4;173;26;113;3761;14304
4;174;11;45;3772;14349
4;175;16;63;3788;14412
4;176;50;170;3838;14582
5;1;27;97;27;97
5;2;54;215;81;312
5;3;62;240;143;552
5;4;31;121;174;673
5;5;43;178;217;851
5;6;61;252;278;1103
5;7;19;75;297;1178
5;8;27;106;324;1284
5;9;10;43;334;1327
5;10;7;37;341;1364
5;11;23;90;364;1454
5;12;48;189;412;1643
5;13;32;130;444;1773
5;14;25;106;469;1879
5;15;23;83;492;1962
5;16;20;67;512;2029
5;17;43;130;555;2159
5;18;31;119;586;2278
5;19;28;95;614;2373
5;20;22;84;636;2457
5;21;14;62;650;2519
5;22;18;69;668;2588
5;23;21;90;689;2678
5;24;16;66;705;2744
5;25;13;43;718;2787
5;26;14;53;732;2840
5;27;25;90;757;2930
5;28;16;54;773;2984
5;29;15;50;788;3034
5;30;9;35;797;3069
5;31;27;88;824;3157
5;32;43;145;867;3302
5;33;36;121;903;3423
5;34;13;46;916;3469
5;35;13;57;929;3526
5;36;24;78;953;3604
5;37;12;43;965;3647
5;38;13;55;978;3702
5;39;14;44;992;3746
5;40;20;60;1012;3806
5;41;69;249;1081;4055
5;42;26;102;1107;4157
5;43;16;61;1123;4218
5;44;41;175;1164;4393
5;45;31;123;1195;4516
5;46;26;102;1221;4618
5;47;16;59;1237;4677
5;48;53;205;1290;4882
5;49;33;121;1323;5003
5;50;10;40;1333;5043
5;51;23;89;1356;5132
5;52;28;102;1384;5234
5;53;15;74;1399;5308
5;54;39;132;1438;5440
5;55;14;57;1452;5497
5;56;11;43;1463;5540
5;57;23;94;1486;5634
5;58;13;50;1499;5684
5;59;20;74;1519;5758
5;60;28;102;1547;5860
5;61;16;66;1563;5926
5;62;14;55;1577;5981
5;63;13;60;1590;6041
5;64;48;187;1638;6228
5;65;12;58;1650;6286
5;66;24;98;1674;6384
5;67;25;81;1699;6465
5;68;30;113;1729;6578
5;69;20;83;1749;6661
5;70;20;81;1769;6742
5;71;19;72;1788;6814
5;72;34;116;1822;6930
5;73;26;88;1848;7018
5;74;8;35;1856;7053
5;75;25;84;1881;7137
5;76;16;51;1897;7188
5;77;23;81;1920;7269
5;78;19;61;1939;7330
5;79;10;40;1949;7370
5;80;19;70;1968;7440
5;81;15;63;1983;7503
5;82;29;117;2012;7620
5;83;21;81;2033;7701
5;84;16;57;2049;7758
5;85;15;60;2064;7818
5;86;7;37;2071;7855
5;87;17;60;2088;7915
5;88;12;46;2100;7961
5;89;47;186;2147;8147
5;90;15;71;2162;8218
5;91;21;76;2183;8294
5;92;13;62;2196;8356
5;93;24;106;2220;8462
5;94;24;87;2244;8549
5;95;51;178;2295;8727
5;96;20;75;2315;8802
5;97;30;98;2345;8900
5;98;9;31;2354;8931
5;99;11;41;2365;8972
5;100;15;60;2380;9032
5;101;25;91;2405;9123
5;102;9;33;2414;9156
5;103;21;77;2435;9233
5;104;24;95;2459;9328
5;105;19;76;2478;9404
5;106;51;193;2529;9597
5;107;26;115;2555;9712
5;108;23;85;2578;9797
5;109;16;52;2594;9849
5;110;65;240;2659;10089
5;111;13;57;2672;10146
5;112;21;72;2693;10218
5;113;15;62;2708;10280
5;114;23;86;2731;10366
5;115;17;63;2748;10429
5;116;44;135;2792;10564
5;117;29;94;2821;10658
5;118;11;43;2832;10701
5;119;25;89;2857;10790
5;120;12;36;2869;10826
6;1;19;74;19;74
6;2;14;46;33;120
6;3;13;44;46;164
6;4;11;40;57;204
6;5;12;50;69;254
6;6;31;131;100;385
6;7;16;60;116;445
6;8;13;49;129;494
6;9;9;42;138;536
6;10;13;52;151;588
6;11;10;34;161;622
6;12;26;86;187;708
6;13;10;28;197;736
6;14;25;81;222;817
6;15;9;24;231;841
6;16;10;31;241;872
6;17;17;50;258;922
6;18;7;27;265;949
6;19;38;127;303;1076
6;20;13;60;316;1136
6;21;14;50;330;1186
6;22;12;51;342;1237
6;23;12;41;354;1278
6;24;10;38;364;1316
6;25;32;122;396;1438
6;26;11;43;407;1481
6;27;16;63;423;1544
6;28;16;59;439;1603
6;29;9;34;448;1637
6;30;19;74;467;1711
6;31;26;103;493;1814
6;32;13;53;506;1867
6;33;14;58;520;1925
6;34;22;87;542;2012
6;35;28;102;570;2114
6;36;11;40;581;2154
6;37;19;64;600;2218
6;38;22;73;622;2291
6;39;18;60;640;2351
6;40;15;56;655;2407
6;41;12;43;667;2450
6;42;11;54;678;2504
6;43;14;60;692;2564
6;44;21;76;713;2640
6;45;9;36;722;2676
6;46;23;81;745;2757
6;47;14;51;759;2808
6;48;15;59;774;2867
6;49;8;38;782;2905
6;50;28;91;810;2996
6;51;17;57;827;3053
6;52;25;91;852;3144
6;53;16;64;868;3208
6;54;27;102;895;3310
6;55;7;30;902;3340
6;56;21;67;923;3407
6;57;22;67;945;3474
6;58;14;50;959;3524
6;59;32;100;991;3624
6;60;22;82;1013;3706
6;61;17;66;1030;3772
6;62;12;43;1042;3815
6;63;17;67;1059;3882
6;64;10;33;1069;3915
6;65;27;94;1096;4009
6;66;9;29;1105;4038
6;67;5;21;1110;4059
6;68;23;86;1133;4145
6;69;12;43;1145;4188
6;70;45;158;1190;4346
6;71;39;141;1229;4487
6;72;8;32;1237;4519
6;73;25;84;1262;4603
6;74;16;54;1278;4657
6;75;12;41;1290;4698
6;76;15;49;1305;4747
6;77;18;62;1323;4809
6;78;17;62;1340;4871
6;79;13;44;1353;4915
6;80;25;84;1378;4999
6;81;22;84;1400;5083
6;82;11;49;1411;5132
6;83;15;54;1426;5186
6;84;22;89;1448;5275
6;85;7;27;1455;5302
6;86;8;38;1463;5340
6;87;11;50;1474;5390
6;88;17;54;1491;5444
6;89;17;75;1508;5519
6;90;16;61;1524;5580
6;91;44;161;1568;5741
6;92;22;92;1590;5833
6;93;50;181;1640;6014
6;94;30;124;1670;6138
6;95;19;56;1689;6194
6;96;13;51;1702;6245
6;97;16;61;1718;6306
6;98;14;54;1732;6360
6;99;45;173;1777;6533
6;100;15;64;1792;6597
6;101;19;57;1811;6654
6;102;17;49;1828;6703
6;103;9;36;1837;6739
6;104;15;55;1852;6794
6;105;9;40;1861;6834
6;106;13;40;1874;6874
6;107;13;48;1887;6922
6;108;26;93;1913;7015
6;109;21;83;1934;7098
6;110;13;56;1947;7154
6;111;23;92;1970;7246
6;112;24;86;1994;7332
6;113;12;56;2006;7388
6;114;23;91;2029;7479
6;115;11;44;2040;7523
6;116;18;55;2058;7578
6;117;11;35;2069;7613
6;118;10;36;2079;7649
6;119;30;105;2109;7754
6;120;12;52;2121;7806
6;121;20;86;2141;7892
6;122;25;87;2166;7979
6;123;16;62;2182;8041
6;124;29;106;2211;8147
6;125;29;92;2240;8239
6;126;10;38;2250;8277
6;127;11;38;2261;8315
6;128;35;133;2296;8448
6;129;9;34;2305;8482
6;130;27;121;2332;8603
6;131;11;36;2343;8639
6;132;9;36;2352;8675
6;133;18;63;2370;8738
6;134;7;27;2377;8765
6;135;18;69;2395;8834
6;136;31;123;2426;8957
6;137;21;86;2447;9043
6;138;26;108;2473;9151
6;139;23;86;2496;9237
6;140;20;76;2516;9313
6;141;32;133;2548;9446
6;142;17;64;2565;9510
6;143;24;88;2589;9598
6;144;40;142;2629;9740
6;145;39;116;2668;9856
6;146;29;111;2697;9967
6;147;14;46;2711;10013
6;148;38;135;2749;10148
6;149;8;33;2757;10181
6;150;27;109;2784;10290
6;151;46;167;2830;10457
6;152;36;135;2866;10592
6;153;19;70;2885;10662
6;154;17;69;2902;10731
6;155;8;43;2910;10774
6;156;14;58;2924;10832
6;157;35;134;2959;10966
6;158;37;123;2996;11089
6;159;19;68;3015;11157
6;160;16;59;3031;11216
6;161;18;54;3049;11270
6;162;9;32;3058;11302
6;163;9;29;3067;11331
6;164;29;97;3096;11428
6;165;21;79;3117;11507
7;1;5;20;5;20
7;2;13;46;18;66
7;3;14;53;32;119
7;4;10;41;42;160
7;5;12;45;54;205
7;6;6;31;60;236
7;7;6;25;66;261
7;8;10;40;76;301
7;9;12;52;88;353
7;10;11;43;99;396
7;11;16;69;115;465
7;12;17;54;132;519
7;13;13;44;145;563
7;14;5;18;150;581
7;15;4;14;154;595
7;16;8;31;162;626
7;17;15;61;177;687
7;18;12;52;189;739
7;19;16;65;205;804
7;20;27;96;232;900
7;21;5;23;237;923
7;22;30;122;267;1045
7;23;12;52;279;1097
7;24;12;44;291;1141
7;25;7;31;298;1172
7;26;24;73;322;1245
7;27;32;120;354;1365
7;28;22;89;376;1454
7;29;16;62;392;1516
7;30;16;67;408;1583
7;31;16;58;424;1641
7;32;27;93;451;1734
7;33;30;99;481;1833
7;34;11;45;492;1878
7;35;18;65;510;1943
7;36;11;54;521;1997
7;37;37;149;558;2146
7;38;40;154;598;2300
7;39;14;60;612;2360
7;40;25;89;637;2449
7;41;11;39;648;2488
7;42;15;67;663;2555
7;43;36;141;699;2696
7;44;28;104;727;2800
7;45;10;42;737;2842
7;46;18;79;755;2921
7;47;14;58;769;2979
7;48;14;69;783;3048
7;49;15;62;798;3110
7;50;20;78;818;3188
7;51;19;84;837;3272
7;52;10;44;847;3316
7;53;38;131;885;3447
7;54;34;118;919;3565
7;55;8;30;927;3595
7;56;15;58;942;3653
7;57;31;110;973;3763
7;58;18;63;991;3826
7;59;20;69;1011;3895
7;60;9;29;1020;3924
7;61;10;34;1030;3958
7;62;11;42;1041;4000
7;63;13;58;1054;4058
7;64;14;63;1068;4121
7;65;16;54;1084;4175
7;66;14;52;1098;4227
7;67;10;34;1108;4261
7;68;7;28;1115;4289
7;69;27;108;1142;4397
7;70;17;68;1159;4465
7;71;25;99;1184;4564
7;72;13;60;1197;4624
7;73;34;124;1231;4748
7;74;25;104;1256;4852
7;75;23;91;1279;4943
7;76;8;33;1287;4976
7;77;15;61;1302;5037
7;78;6;30;1308;5067
7;79;14;60;1322;5127
7;80;13;50;1335;5177
7;81;11;44;1346;5221
7;82;13;52;1359;5273
7;83;7;32;1366;5305
7;84;8;35;1374;5340
7;85;38;140;1412;5480
7;86;25;99;1437;5579
7;87;19;74;1456;5653
7;88;22;83;1478;5736
7;89;42;141;1520;5877
7;90;12;48;1532;5925
7;91;6;30;1538;5955
7;92;13;49;1551;6004
7;93;15;61;1566;6065
7;94;13;53;1579;6118
7;95;18;77;1597;6195
7;96;18;81;1615;6276
7;97;9;36;1624;6312
7;98;9;34;1633;6346
7;99;10;39;1643;6385
7;100;19;74;1662;6459
7;101;24;93;1686;6552
7;102;9;40;1695;6592
7;103;16;67;1711;6659
7;104;8;30;1719;6689
7;105;19;57;1738;6746
7;106;11;34;1749;6780
7;107;6;22;1755;6802
7;108;6;22;1761;6824
7;109;9;31;1770;6855
7;110;7;27;1777;6882
7;111;7;31;1784;6913
7;112;4;14;1788;6927
7;113;11;43;1799;6970
7;114;5;20;1804;6990
7;115;10;36;1814;7026
7;116;11;50;1825;7076
7;117;12;38;1837;7114
7;118;6;23;1843;7137
7;119;4;23;1847;7160
7;120;3;14;1850;7174
7;121;4;19;1854;7193
7;122;3;12;1857;7205
7;123;19;77;1876;7282
7;124;8;38;1884;7320
7;125;5;22;1889;7342
7;126;16;65;1905;7407
7;127;21;94;1926;7501
7;128;16;67;1942;7568
7;129;22;80;1964;7648
7;130;11;43;1975;7691
7;131;22;90;1997;7781
7;132;12;46;2009;7827
7;133;13;72;2022;7899
7;134;23;82;2045;7981
7;135;11;41;2056;8022
7;136;11;55;2067;8077
7;137;30;125;2097;8202
7;138;24;94;2121;8296
7;139;10;35;2131;8331
7;140;9;36;2140;8367
7;141;19;78;2159;8445
7;142;25;95;2184;8540
7;143;41;155;2225;8695
7;144;14;56;2239;8751
7;145;20;81;2259;8832
7;146;37;131;2296;8963
7;147;13;59;2309;9022
7;148;22;80;2331;9102
7;149;18;67;2349;9169
7;150;39;154;2388;9323
7;151;12;39;2400;9362
7;152;16;56;2416;9418
7;153;14;55;2430;9473
7;154;15;58;2445;9531
7;155;41;155;2486;9686
7;156;31;113;2517;9799
7;157;43;187;2560;9986
7;158;32;116;2592;10102
7;159;8;29;2600;10131
7;160;43;185;2643;10316
7;161;20;83;2663;10399
7;162;17;64;2680;10463
7;163;28;102;2708;10565
7;164;19;78;2727;10643
7;165;18;70;2745;10713
7;166;11;40;2756;10753
7;167;19;70;2775;10823
7;168;15;70;2790;10893
7;169;40;154;2830;11047
7;170;10;44;2840;11091
7;171;20;76;2860;11167
7;172;26;100;2886;11267
7;173;15;63;2901;11330
7;174;6;25;2907;11355
7;175;13;55;2920;11410
7;176;31;121;2951;11531
7;177;9;43;2960;11574
7;178;10;37;2970;11611
7;179;30;116;3000;11727
7;180;14;60;3014;11787
7;181;7;28;3021;11815
7;182;8;36;3029;11851
7;183;5;14;3034;11865
7;184;11;37;3045;11902
7;185;23;76;3068;11978
7;186;10;33;3078;12011
7;187;38;138;3116;12149
7;188;28;92;3144;12241
7;189;31;116;3175;12357
7;190;12;54;3187;12411
7;191;7;24;3194;12435
7;192;7;30;3201;12465
7;193;12;53;3213;12518
7;194;14;57;3227;12575
7;195;26;92;3253;12667
7;196;9;31;3262;12698
7;197;10;42;3272;12740
7;198;12;47;3284;12787
7;199;7;28;3291;12815
7;200;10;37;3301;12852
7;201;12;45;3313;12897
7;202;8;25;3321;12922
7;203;23;84;3344;13006
7;204;8;40;3352;13046
7;205;16;61;3368;13107
7;206;12;43;3380;13150
8;1;22;95;22;95
8;2;17;74;39;169
8;3;6;28;45;197
8;4;11;46;56;243
8;5;11;42;67;285
8;6;12;44;79;329
8;7;23;87;102;416
8;8;7;28;109;444
8;9;11;47;120;491
8;10;18;61;138;552
8;11;22;86;160;638
8;12;23;90;183;728
8;13;14;52;197;780
8;14;7;28;204;808
8;15;11;47;215;855
8;16;20;75;235;930
8;17;21;77;256;1007
8;18;7;22;263;1029
8;19;24;90;287;1119
8;20;11;49;298;1168
8;21;8;33;306;1201
8;22;11;32;317;1233
8;23;11;46;328;1279
8;24;20;81;348;1360
8;25;13;50;361;1410
8;26;19;87;380;1497
8;27;11;56;391;1553
8;28;11;44;402;1597
8;29;18;70;420;1667
8;30;16;61;436;1728
8;31;17;67;453;1795
8;32;19;67;472;1862
8;33;12;47;484;1909
8;34;21;85;505;1994
8;35;13;54;518;2048
8;36;22;85;540;2133
8;37;18;67;558;2200
8;38;16;53;574;2253
8;39;16;59;590;2312
8;40;10;41;600;2353
8;41;34;131;634;2484
8;42;35;128;669;2612
8;43;20;78;689;2690
8;44;19;73;708;2763
8;45;12;53;720;2816
8;46;13;60;733;2876
8;47;17;66;750;2942
8;48;36;123;786;3065
8;49;18;64;804;3129
8;50;13;60;817;3189
8;51;10;32;827;3221
8;52;17;67;844;3288
8;53;19;60;863;3348
8;54;17;81;880;3429
8;55;10;33;890;3462
8;56;12;39;902;3501
8;57;10;40;912;3541
8;58;14;48;926;3589
8;59;8;31;934;3620
8;60;33;122;967;3742
8;61;13;44;980;3786
8;62;12;44;992;3830
8;63;20;68;1012;3898
8;64;8;29;1020;3927
8;65;26;100;1046;4027
8;66;26;95;1072;4122
8;67;20;64;1092;4186
8;68;10;36;1102;4222
8;69;11;41;1113;4263
8;70;24;77;1137;4340
8;71;13;47;1150;4387
8;72;46;187;1196;4574
8;73;13;51;1209;4625
8;74;18;79;1227;4704
8;75;22;90;1249;4794
9;1;9;36;9;36
9;2;14;53;23;89
9;3;33;116;56;205
9;4;22;85;78;290
9;5;26;120;104;410
9;6;19;68;123;478
9;7;23;90;146;568
9;8;17;70;163;638
9;9;13;51;176;689
9;10;10;37;186;726
9;11;14;61;200;787
9;12;18;73;218;860
9;13;20;89;238;949
9;14;11;50;249;999
9;15;11;37;260;1036
9;16;24;91;284;1127
9;17;18;77;302;1204
9;18;23;90;325;1294
9;19;25;92;350;1386
9;20;17;74;367;1460
9;21;11;39;378;1499
9;22;8;27;386;1526
9;23;20;88;406;1614
9;24;36;153;442;1767
9;25;23;86;465;1853
9;26;19;75;484;1928
9;27;13;35;497;1963
9;28;27;100;524;2063
9;29;29;104;553;2167
9;30;25;91;578;2258
9;31;24;95;602;2353
9;32;16;55;618;2408
9;33;14;51;632;2459
9;34;30;116;662;2575
9;35;19;81;681;2656
9;36;38;139;719;2795
9;37;31;113;750;2908
9;38;28;101;778;3009
9;39;16;62;794;3071
9;40;43;152;837;3223
9;41;17;65;854;3288
9;42;23;104;877;3392
9;43;13;45;890;3437
9;44;15;64;905;3501
9;45;14;59;919;3560
9;46;16;65;935;3625
9;47;17;78;952;3703
9;48;16;59;968;3762
9;49;15;54;983;3816
9;50;16;62;999;3878
9;51;14;50;1013;3928
9;52;22;85;1035;4013
9;53;12;45;1047;4058
9;54;22;91;1069;4149
9;55;18;71;1087;4220
9;56;10;43;1097;4263
9;57;12;41;1109;4304
9;58;16;57;1125;4361
9;59;20;76;1145;4437
9;60;23;96;1168;4533
9;61;26;98;1194;4631
9;62;12;49;1206;4680
9;63;17;56;1223;4736
9;64;17;67;1240;4803
9;65;13;62;1253;4865
9;66;16;65;1269;4930
9;67;19;91;1288;5021
9;68;16;69;1304;5090
9;69;33;156;1337;5246
9;70;27;114;1364;5360
9;71;24;113;1388;5473
9;72;26;92;1414;5565
9;73;11;51;1425;5616
9;74;46;171;1471;5787
9;75;13;50;1484;5837
9;76;9;38;1493;5875
9;77;15;62;1508;5937
9;78;11;41;1519;5978
9;79;20;78;1539;6056
9;80;26;92;1565;6148
9;81;28;108;1593;6256
9;82;8;38;1601;6294
9;83;25;103;1626;6397
9;84;18;70;1644;6467
9;85;17;66;1661;6533
9;86;18;79;1679;6612
9;87;11;43;1690;6655
9;88;16;72;1706;6727
9;89;14;48;1720;6775
9;90;17;69;1737;6844
9;91;26;91;1763;6935
9;92;23;82;1786;7017
9;93;20;76;1806;7093
9;94;30;122;1836;7215
9;95;18;83;1854;7298
9;96;14;53;1868;7351
9;97;16;63;1884;7414
9;98;16;61;1900;7475
9;99;28;98;1928;7573
9;100;26;111;1954;7684
9;101;22;92;1976;7776
9;102;17;69;1993;7845
9;103;17;59;2010;7904
9;104;16;57;2026;7961
9;105;16;77;2042;8038
9;106;12;48;2054;8086
9;107;24;105;2078;8191
9;108;23;75;2101;8266
9;109;28;88;2129;8354
9;110;15;52;2144;8406
9;111;40;148;2184;8554
9;112;17;95;2201;8649
9;113;20;76;2221;8725
9;114;25;78;2246;8803
9;115;18;53;2264;8856
9;116;18;49;2282;8905
9;117;27;93;2309;8998
9;118;31;113;2340;9111
9;119;8;34;2348;9145
9;120;53;177;2401;9322
9;121;18;68;2419;9390
9;122;23;93;2442;9483
9;123;16;65;2458;9548
9;124;18;77;2476;9625
9;125;12;51;2488;9676
9;126;16;50;2504;9726
9;127;21;75;2525;9801
9;128;14;53;2539;9854
9;129;15;49;2554;9903
10;1;9;35;9;35
10;2;26;95;35;130
10;3;31;98;66;228
10;4;28;110;94;338
10;5;24;88;118;426
10;6;15;50;133;476
10;7;15;61;148;537
10;8;6;29;154;566
10;9;15;64;169;630
10;10;14;60;183;690
10;11;19;72;202;762
10;12;28;98;230;860
10;13;18;79;248;939
10;14;10;39;258;978
10;15;39;123;297;1101
10;16;18;62;315;1163
10;17;14;50;329;1213
10;18;30;110;359;1323
10;19;18;63;377;1386
10;20;16;60;393;1446
10;21;22;80;415;1526
10;22;41;145;456;1671
10;23;25;99;481;1770
10;24;44;179;525;1949
10;25;12;38;537;1987
10;26;17;67;554;2054
10;27;27;107;581;2161
10;28;18;83;599;2244
10;29;10;41;609;2285
10;30;16;61;625;2346
10;31;27;94;652;2440
10;32;12;44;664;2484
10;33;11;36;675;2520
10;34;17;56;692;2576
10;35;29;83;721;2659
10;36;17;51;738;2710
10;37;22;71;760;2781
10;38;16;60;776;2841
10;39;20;71;796;2912
10;40;12;41;808;2953
10;41;15;56;823;3009
10;42;11;43;834;3052
10;43;11;39;845;3091
10;44;10;37;855;3128
10;45;20;77;875;3205
10;46;15;55;890;3260
10;47;12;45;902;3305
10;48;7;28;909;3333
10;49;22;77;931;3410
10;50;12;49;943;3459
10;51;11;42;954;3501
10;52;13;49;967;3550
10;53;12;39;979;3589
10;54;21;75;1000;3664
10;55;17;53;1017;3717
10;56;5;16;1022;3733
10;57;14;57;1036;3790
10;58;11;40;1047;3830
10;59;20;71;1067;3901
10;60;19;66;1086;3967
10;61;43;132;1129;4099
10;62;10;32;1139;4131
10;63;4;19;1143;4150
10;64;16;53;1159;4203
10;65;10;35;1169;4238
10;66;26;77;1195;4315
10;67;16;52;1211;4367
10;68;26;87;1237;4454
10;69;9;29;1246;4483
10;70;13;50;1259;4533
10;71;34;123;1293;4656
10;72;16;55;1309;4711
10;73;17;78;1326;4789
10;74;23;88;1349;4877
10;75;14;67;1363;4944
10;76;10;37;1373;4981
10;77;11;47;1384;5028
10;78;16;72;1400;5100
10;79;6;23;1406;5123
10;80;10;38;1416;5161
10;81;17;57;1433;5218
10;82;7;29;1440;5247
10;83;22;80;1462;5327
10;84;12;49;1474;5376
10;85;10;45;1484;5421
10;86;5;23;1489;5444
10;87;16;75;1505;5519
10;88;31;114;1536;5633
10;89;11;44;1547;5677
10;90;30;110;1577;5787
10;91;7;27;1584;5814
10;92;14;56;1598;5870
10;93;25;93;1623;5963
10;94;22;75;1645;6038
10;95;10;39;1655;6077
10;96;8;26;1663;6103
10;97;8;29;1671;6132
10;98;21;85;1692;6217
10;99;15;55;1707;6272
10;100;14;47;1721;6319
10;101;15;51;1736;6370
10;102;15;56;1751;6426
10;103;11;40;1762;6466
10;104;26;86;1788;6552
10;105;9;34;1797;6586
10;106;16;50;1813;6636
10;107;24;75;1837;6711
10;108;22;76;1859;6787
10;109;11;36;1870;6823
11;1;14;50;14;50
11;2;9;31;23;81
11;3;25;89;48;170
11;4;8;25;56;195
11;5;19;75;75;270
11;6;17;58;92;328
11;7;32;113;124;441
11;8;22;85;146;526
11;9;11;45;157;571
11;10;13;52;170;623
11;11;10;45;180;668
11;12;27;87;207;755
11;13;18;68;225;823
11;14;16;61;241;884
11;15;14;51;255;935
11;16;16;59;271;994
11;17;39;137;310;1131
11;18;23;92;333;1223
11;19;11;44;344;1267
11;20;24;89;368;1356
11;21;9;39;377;1395
11;22;7;25;384;1420
11;23;14;64;398;1484
11;24;12;50;410;1534
11;25;9;32;419;1566
11;26;11;35;430;1601
11;27;29;102;459;1703
11;28;19;75;478;1778
11;29;22;88;500;1866
11;30;9;34;509;1900
11;31;31;106;540;2006
11;32;14;55;554;2061
11;33;10;34;564;2095
11;34;18;58;582;2153
11;35;12;45;594;2198
11;36;17;56;611;2254
11;37;11;47;622;2301
11;38;19;70;641;2371
11;39;10;35;651;2406
11;40;26;87;677;2493
11;41;12;43;689;2536
11;42;19;62;708;2598
11;43;23;76;731;2674
11;44;17;68;748;2742
11;45;15;50;763;2792
11;46;23;69;786;2861
11;47;19;56;805;2917
11;48;18;66;823;2983
11;49;19;69;842;3052
11;50;17;60;859;3112
11;51;13;46;872;3158
11;52;17;74;889;3232
11;53;15;58;904;3290
11;54;16;60;920;3350
11;55;7;25;927;3375
11;56;19;59;946;3434
11;57;21;73;967;3507
11;58;14;57;981;3564
11;59;12;48;993;3612
11;60;17;63;1010;3675
11;61;28;100;1038;3775
11;62;21;79;1059;3854
11;63;22;73;1081;3927
11;64;17;65;1098;3992
11;65;12;44;1110;4036
11;66;18;65;1128;4101
11;67;8;34;1136;4135
11;68;12;43;1148;4178
11;69;16;59;1164;4237
11;70;18;64;1182;4301
11;71;9;46;1191;4347
11;72;12;44;1203;4391
11;73;14;52;1217;4443
11;74;12;42;1229;4485
11;75;7;17;1236;4502
11;76;15;51;1251;4553
11;77;13;46;1264;4599
11;78;26;96;1290;4695
11;79;13;41;1303;4736
11;80;11;28;1314;4764
11;81;29;105;1343;4869
11;82;12;54;1355;4923
11;83;8;27;1363;4950
11;84;27;95;1390;5045
11;85;14;63;1404;5108
11;86;11;36;1415;5144
11;87;21;75;1436;5219
11;88;35;122;1471;5341
11;89;22;72;1493;5413
11;90;9;33;1502;5446
11;91;18;72;1520;5518
11;92;15;57;1535;5575
11;93;19;72;1554;5647
11;94;18;76;1572;5723
11;95;10;34;1582;5757
11;96;6;30;1588;5787
11;97;10;42;1598;5829
11;98;9;39;1607;5868
11;99;9;37;1616;5905
11;100;10;33;1626;5938
11;101;24;89;1650;6027
11;102;13;40;1663;6067
11;103;19;53;1682;6120
11;104;5;20;1687;6140
11;105;10;32;1697;6172
11;106;9;30;1706;6202
11;107;16;50;1722;6252
11;108;20;65;1742;6317
11;109;20;72;1762;6389
11;110;18;65;1780;6454
11;111;10;39;1790;6493
11;112;12;44;1802;6537
11;113;17;61;1819;6598
11;114;16;56;1835;6654
11;115;7;23;1842;6677
11;116;26;98;1868;6775
11;117;8;33;1876;6808
11;118;11;38;1887;6846
11;119;16;58;1903;6904
11;120;17;65;1920;6969
11;121;9;38;1929;7007
11;122;3;17;1932;7024
11;123;17;64;1949;7088
12;1;9;35;9;35
12;2;8;30;17;65
12;3;16;59;33;124
12;4;15;53;48;177
12;5;15;54;63;231
12;6;27;93;90;324
12;7;8;27;98;351
12;8;15;53;113;404
12;9;14;53;127;457
12;10;16;60;143;517
12;11;11;41;154;558
12;12;8;32;162;590
12;13;13;49;175;639
12;14;9;37;184;676
12;15;17;70;201;746
12;16;4;18;205;764
12;17;18;76;223;840
12;18;18;68;241;908
12;19;16;73;257;981
12;20;11;37;268;1018
12;21;33;124;301;1142
12;22;10;40;311;1182
12;23;25;78;336;1260
12;24;20;72;356;1332
12;25;23;81;379;1413
12;26;20;61;399;1474
12;27;10;33;409;1507
12;28;13;39;422;1546
12;29;10;38;432;1584
12;30;20;64;452;1648
12;31;33;126;485;1774
12;32;21;74;506;1848
12;33;17;58;523;1906
12;34;10;35;533;1941
12;35;11;35;544;1976
12;36;27;103;571;2079
12;37;27;102;598;2181
12;38;28;94;626;2275
12;39;10;38;636;2313
12;40;33;119;669;2432
12;41;19;72;688;2504
12;42;18;62;706;2566
12;43;25;92;731;2658
12;44;8;38;739;2696
12;45;11;46;750;2742
12;46;23;85;773;2827
12;47;14;54;787;2881
12;48;16;49;803;2930
12;49;12;32;815;2962
12;50;22;77;837;3039
12;51;31;100;868;3139
12;52;13;37;881;3176
12;53;16;48;897;3224
12;54;14;52;911;3276
12;55;8;27;919;3303
12;56;18;62;937;3365
12;57;7;33;944;3398
12;58;9;37;953;3435
12;59;17;62;970;3497
12;60;10;32;980;3529
12;61;7;28;987;3557
12;62;14;68;1001;3625
12;63;16;67;1017;3692
12;64;18;60;1035;3752
12;65;26;105;1061;3857
12;66;24;84;1085;3941
12;67;29;98;1114;4039
12;68;30;102;1144;4141
12;69;16;59;1160;4200
12;70;15;58;1175;4258
12;71;5;26;1180;4284
12;72;12;41;1192;4325
12;73;12;44;1204;4369
12;74;7;23;1211;4392
12;75;14;39;1225;4431
12;76;34;110;1259;4541
12;77;25;79;1284;4620
12;78;15;55;1299;4675
12;79;13;49;1312;4724
12;80;37;121;1349;4845
12;81;17;66;1366;4911
12;82;11;42;1377;4953
12;83;18;60;1395;5013
12;84;12;44;1407;5057
12;85;12;46;1419;5103
12;86;13;44;1432;5147
12;87;20;71;1452;5218
12;88;21;87;1473;5305
12;89;10;37;1483;5342
12;90;23;73;1506;5415
12;91;9;36;1515;5451
12;92;12;37;1527;5488
12;93;12;49;1539;5537
12;94;12;42;1551;5579
12;95;6;23;1557;5602
12;96;20;66;1577;5668
12;97;8;36;1585;5704
12;98;9;31;1594;5735
12;99;14;51;1608;5786
12;100;46;146;1654;5932
12;101;23;87;1677;6019
12;102;15;51;1692;6070
12;103;6;24;1698;6094
12;104;10;34;1708;6128
12;105;12;42;1720;6170
12;106;7;28;1727;6198
12;107;14;53;1741;6251
12;108;17;60;1758;6311
12;109;29;109;1787;6420
12;110;19;71;1806;6491
12;111;23;81;1829;6572
13;1;19;70;19;70
13;2;27;99;46;169
13;3;27;81;73;250
13;4;30;100;103;350
13;5;27;106;130;456
13;6;20;83;150;539
13;7;15;52;165;591
13;8;15;53;180;644
13;9;5;24;185;668
13;10;14;49;199;717
13;11;35;110;234;827
13;12;9;34;243;861
13;13;20;71;263;932
13;14;27;94;290;1026
13;15;13;49;303;1075
13;16;47;166;350;1241
13;17;44;156;394;1397
13;18;27;106;421;1503
13;19;16;54;437;1557
13;20;7;27;444;1584
13;21;13;46;457;1630
13;22;19;92;476;1722
13;23;16;67;492;1789
13;24;7;28;499;1817
13;25;23;82;522;1899
13;26;16;60;538;1959
13;27;19;57;557;2016
13;28;11;48;568;2064
13;29;8;37;576;2101
13;30;29;98;605;2199
13;31;51;170;656;2369
13;32;13;51;669;2420
13;33;39;129;708;2549
13;34;14;47;722;2596
13;35;20;77;742;2673
13;36;25;93;767;2766
13;37;21;69;788;2835
13;38;22;77;810;2912
13;39;8;28;818;2940
13;40;13;50;831;2990
13;41;16;61;847;3051
13;42;18;63;865;3114
13;43;15;55;880;3169
14;1;21;79;21;79
14;2;15;43;36;122
14;3;16;64;52;186
14;4;19;63;71;249
14;5;22;81;93;330
14;6;27;108;120;438
14;7;11;45;131;483
14;8;13;44;144;527
14;9;38;142;182;669
14;10;35;133;217;802
14;11;29;105;246;907
14;12;17;74;263;981
14;13;16;72;279;1053
14;14;11;40;290;1093
14;15;5;21;295;1114
14;16;7;23;302;1137
14;17;16;53;318;1190
14;18;23;78;341;1268
14;19;15;47;356;1315
14;20;6;16;362;1331
14;21;34;129;396;1460
14;22;44;171;440;1631
14;23;17;75;457;1706
14;24;15;53;472;1759
14;25;12;49;484;1808
14;26;13;45;497;1853
14;27;18;66;515;1919
14;28;13;46;528;1965
14;29;4;19;532;1984
14;30;12;49;544;2033
14;31;21;74;565;2107
14;32;27;93;592;2200
14;33;9;36;601;2236
14;34;15;60;616;2296
14;35;14;49;630;2345
14;36;15;52;645;2397
14;37;27;96;672;2493
14;38;18;53;690;2546
14;39;13;45;703;2591
14;40;9;33;712;2624
14;41;9;31;721;2655
14;42;13;53;734;2708
14;43;9;41;743;2749
14;44;26;99;769;2848
14;45;14;58;783;2906
14;46;12;49;795;2955
14;47;11;38;806;2993
14;48;12;41;818;3034
14;49;6;26;824;3060
14;50;6;29;830;3089
14;51;10;30;840;3119
14;52;14;58;854;3177
15;1;10;40;10;40
15;2;7;26;17;66
15;3;7;34;24;100
15;4;8;30;32;130
15;5;7;26;39;156
15;6;8;31;47;187
15;7;8;30;55;217
15;8;9;36;64;253
15;9;7;28;71;281
15;10;7;24;78;305
15;11;8;30;86;335
15;12;6;20;92;355
15;13;7;23;99;378
15;14;9;35;108;413
15;15;8;36;116;449
15;16;7;33;123;482
15;17;5;19;128;501
15;18;7;26;135;527
15;19;12;45;147;572
15;20;9;30;156;602
15;21;11;41;167;643
15;22;13;57;180;700
15;23;7;24;187;724
15;24;7;38;194;762
15;25;7;22;201;784
15;26;8;32;209;816
15;27;7;26;216;842
15;28;12;44;228;886
15;29;9;32;237;918
15;30;4;21;241;939
15;31;7;23;248;962
15;32;8;27;256;989
15;33;11;39;267;1028
15;34;5;18;272;1046
15;35;6;19;278;1065
15;36;6;21;284;1086
15;37;4;15;288;1101
15;38;4;15;292;1116
15;39;10;39;302;1155
15;40;4;18;306;1173
15;41;6;17;312;1190
15;42;11;35;323;1225
15;43;4;19;327;1244
15;44;9;29;336;1273
15;45;5;16;341;1289
15;46;3;16;344;1305
15;47;11;37;355;1342
15;48;8;27;363;1369
15;49;7;21;370;1390
15;50;5;18;375;1408
15;51;5;15;380;1423
15;52;9;36;389;1459
15;53;7;27;396;1486
15;54;8;32;404;1518
15;55;7;29;411;1547
15;56;8;27;419;1574
15;57;5;21;424;1595
15;58;6;25;430;1620
15;59;6;24;436;1644
15;60;6;26;442;1670
15;61;5;20;447;1690
15;62;4;16;451;1706
15;63;7;27;458;1733
15;64;4;21;462;1754
15;65;14;55;476;1809
15;66;10;37;486;1846
15;67;4;19;490;1865
15;68;6;22;496;1887
15;69;4;16;500;1903
15;70;5;21;505;1924
15;71;6;24;511;1948
15;72;5;22;516;1970
15;73;3;16;519;1986
15;74;8;38;527;2024
15;75;6;19;533;2043
15;76;3;13;536;2056
15;77;6;17;542;2073
15;78;5;21;547;2094
15;79;5;26;552;2120
15;80;5;22;557;2142
15;81;5;29;562;2171
15;82;6;27;568;2198
15;83;3;16;571;2214
15;84;6;23;577;2237
15;85;15;59;592;2296
15;86;5;16;597;2312
15;87;7;32;604;2344
15;88;16;57;620;2401
15;89;5;16;625;2417
15;90;4;19;629;2436
15;91;4;17;633;2453
15;92;3;18;636;2471
15;93;3;13;639;2484
15;94;6;24;645;2508
15;95;3;16;648;2524
15;96;8;31;656;2555
15;97;7;25;663;2580
15;98;6;22;669;2602
15;99;5;16;674;2618
16;1;13;56;13;56
16;2;18;64;31;120
16;3;8;31;39;151
16;4;8;27;47;178
16;5;8;38;55;216
16;6;7;27;62;243
16;7;14;56;76;299
16;8;9;41;85;340
16;9;10;40;95;380
16;10;13;42;108;422
16;11;18;60;126;482
16;12;17;61;143;543
16;13;15;44;158;587
16;14;21;93;179;680
16;15;12;44;191;724
16;16;4;20;195;744
16;17;7;25;202;769
16;18;10;36;212;805
16;19;6;23;218;828
16;20;10;34;228;862
16;21;8;26;236;888
16;22;12;53;248;941
16;23;13;42;261;983
16;24;9;36;270;1019
16;25;15;60;285;1079
16;26;21;76;306;1155
16;27;21;77;327;1232
16;28;19;75;346;1307
16;29;9;38;355;1345
16;30;21;80;376;1425
16;31;16;57;392;1482
16;32;12;55;404;1537
16;33;23;83;427;1620
16;34;10;41;437;1661
16;35;33;108;470;1769
16;36;28;107;498;1876
16;37;14;41;512;1917
16;38;18;66;530;1983
16;39;11;43;541;2026
16;40;10;35;551;2061
16;41;18;70;569;2131
16;42;5;22;574;2153
16;43;15;57;589;2210
16;44;12;55;601;2265
16;45;16;55;617;2320
16;46;7;25;624;2345
16;47;8;29;632;2374
16;48;18;58;650;2432
16;49;15;50;665;2482
16;50;8;29;673;2511
16;51;14;45;687;2556
16;52;12;40;699;2596
16;53;12;40;711;2636
16;54;10;35;721;2671
16;55;6;33;727;2704
16;56;12;53;739;2757
16;57;7;31;746;2788
16;58;9;35;755;2823
16;59;20;57;775;2880
16;60;12;49;787;2929
16;61;23;90;810;3019
16;62;17;66;827;3085
16;63;17;64;844;3149
16;64;14;55;858;3204
16;65;17;55;875;3259
16;66;17;63;892;3322
16;67;17;59;909;3381
16;68;13;47;922;3428
16;69;27;83;949;3511
16;70;20;64;969;3575
16;71;22;82;991;3657
16;72;23;88;1014;3745
16;73;16;53;1030;3798
16;74;10;39;1040;3837
16;75;28;95;1068;3932
16;76;30;95;1098;4027
16;77;20;62;1118;4089
16;78;15;70;1133;4159
16;79;20;58;1153;4217
16;80;25;112;1178;4329
16;81;28;99;1206;4428
16;82;6;25;1212;4453
16;83;7;35;1219;4488
16;84;14;46;1233;4534
16;85;11;40;1244;4574
16;86;19;87;1263;4661
16;87;10;39;1273;4700
16;88;13;53;1286;4753
16;89;24;94;1310;4847
16;90;17;68;1327;4915
16;91;20;80;1347;4995
16;92;32;118;1379;5113
16;93;18;62;1397;5175
16;94;19;77;1416;5252
16;95;15;53;1431;5305
16;96;15;58;1446;5363
16;97;18;70;1464;5433
16;98;8;34;1472;5467
16;99;10;38;1482;5505
16;100;9;36;1491;5541
16;101;17;64;1508;5605
16;102;13;51;1521;5656
16;103;16;61;1537;5717
16;104;12;40;1549;5757
16;105;11;45;1560;5802
16;106;24;87;1584;5889
16;107;14;51;1598;5940
16;108;11;54;1609;5994
16;109;7;25;1616;6019
16;110;18;63;1634;6082
16;111;16;48;1650;6130
16;112;25;98;1675;6228
16;113;9;43;1684;6271
16;114;13;52;1697;6323
16;115;22;72;1719;6395
16;116;22;87;1741;6482
16;117;5;18;1746;6500
16;118;15;63;1761;6563
16;119;20;68;1781;6631
16;120;12;37;1793;6668
16;121;8;32;1801;6700
16;122;9;36;1810;6736
16;123;13;41;1823;6777
16;124;17;62;1840;6839
16;125;22;80;1862;6919
16;126;12;51;1874;6970
16;127;14;45;1888;7015
16;128;8;26;1896;7041
17;1;25;97;25;97
17;2;13;51;38;148
17;3;9;30;47;178
17;4;14;50;61;228
17;5;17;71;78;299
17;6;12;52;90;351
17;7;23;105;113;456
17;8;11;46;124;502
17;9;16;60;140;562
17;10;9;38;149;600
17;11;8;37;157;637
17;12;23;102;180;739
17;13;13;54;193;793
17;14;7;26;200;819
17;15;21;76;221;895
17;16;14;62;235;957
17;17;13;50;248;1007
17;18;18;65;266;1072
17;19;12;51;278;1123
17;20;12;47;290;1170
17;21;11;48;301;1218
17;22;9;37;310;1255
17;23;27;101;337;1356
17;24;12;44;349;1400
17;25;13;49;362;1449
17;26;10;39;372;1488
17;27;10;40;382;1528
17;28;12;48;394;1576
17;29;13;53;407;1629
17;30;12;42;419;1671
17;31;13;56;432;1727
17;32;8;32;440;1759
17;33;22;81;462;1840
17;34;17;62;479;1902
17;35;12;49;491;1951
17;36;16;54;507;2005
17;37;13;44;520;2049
17;38;8;23;528;2072
17;39;19;65;547;2137
17;40;11;54;558;2191
17;41;10;41;568;2232
17;42;13;44;581;2276
17;43;6;28;587;2304
17;44;22;79;609;2383
17;45;12;53;621;2436
17;46;19;80;640;2516
17;47;19;71;659;2587
17;48;9;36;668;2623
17;49;9;44;677;2667
17;50;6;18;683;2685
17;51;25;88;708;2773
17;52;9;40;717;2813
17;53;16;59;733;2872
17;54;14;49;747;2921
17;55;16;61;763;2982
17;56;13;46;776;3028
17;57;18;76;794;3104
17;58;19;67;813;3171
17;59;21;87;834;3258
17;60;25;100;859;3358
17;61;13;56;872;3414
17;62;15;56;887;3470
17;63;10;40;897;3510
17;64;20;85;917;3595
17;65;9;31;926;3626
17;66;14;46;940;3672
17;67;18;67;958;3739
17;68;15;52;973;3791
17;69;22;77;995;3868
17;70;18;74;1013;3942
17;71;15;65;1028;4007
17;72;11;37;1039;4044
17;73;13;53;1052;4097
17;74;9;34;1061;4131
17;75;12;43;1073;4174
17;76;13;55;1086;4229
17;77;11;41;1097;4270
17;78;14;55;1111;4325
17;79;12;42;1123;4367
17;80;14;51;1137;4418
17;81;9;33;1146;4451
17;82;13;52;1159;4503
17;83;12;50;1171;4553
17;84;11;38;1182;4591
17;85;14;47;1196;4638
17;86;13;44;1209;4682
17;87;9;28;1218;4710
17;88;19;71;1237;4781
17;89;14;52;1251;4833
17;90;10;35;1261;4868
17;91;11;42;1272;4910
17;92;12;47;1284;4957
17;93;26;85;1310;5042
17;94;15;54;1325;5096
17;95;14;54;1339;5150
17;96;11;40;1350;5190
17;97;27;104;1377;5294
17;98;15;70;1392;5364
17;99;25;81;1417;5445
17;100;14;59;1431;5504
17;101;19;71;1450;5575
17;102;16;63;1466;5638
17;103;9;37;1475;5675
17;104;15;55;1490;5730
17;105;9;43;1499;5773
17;106;9;44;1508;5817
17;107;18;65;1526;5882
17;108;8;34;1534;5916
17;109;6;26;1540;5942
17;110;23;81;1563;6023
17;111;21;60;1584;6083
18;1;15;53;15;53
18;2;15;59;30;112
18;3;3;11;33;123
18;4;6;22;39;145
18;5;17;57;56;202
18;6;11;45;67;247
18;7;11;41;78;288
18;8;6;25;84;313
18;9;10;39;94;352
18;10;16;58;110;410
18;11;7;28;117;438
18;12;9;36;126;474
18;13;11;46;137;520
18;14;20;77;157;597
18;15;18;71;175;668
18;16;19;72;194;740
18;17;37;114;231;854
18;18;22;98;253;952
18;19;39;162;292;1114
18;20;13;50;305;1164
18;21;33;128;338;1292
18;22;33;141;371;1433
18;23;8;24;379;1457
18;24;17;52;396;1509
18;25;8;34;404;1543
18;26;24;73;428;1616
18;27;15;51;443;1667
18;28;30;112;473;1779
18;29;28;117;501;1896
18;30;12;45;513;1941
18;31;28;114;541;2055
18;32;15;66;556;2121
18;33;11;48;567;2169
18;34;13;49;580;2218
18;35;12;41;592;2259
18;36;12;47;604;2306
18;37;16;54;620;2360
18;38;8;26;628;2386
18;39;19;61;647;2447
18;40;15;54;662;2501
18;41;8;28;670;2529
18;42;19;68;689;2597
18;43;11;37;700;2634
18;44;9;32;709;2666
18;45;23;89;732;2755
18;46;13;55;745;2810
18;47;11;48;756;2858
18;48;16;63;772;2921
18;49;27;110;799;3031
18;50;26;105;825;3136
18;51;15;54;840;3190
18;52;13;57;853;3247
18;53;10;48;863;3295
18;54;14;52;877;3347
18;55;19;73;896;3420
18;56;18;80;914;3500
18;57;30;113;944;3613
18;58;19;70;963;3683
18;59;8;42;971;3725
18;60;13;46;984;3771
18;61;11;43;995;3814
18;62;12;50;1007;3864
18;63;20;72;1027;3936
18;64;10;34;1037;3970
18;65;12;51;1049;4021
18;66;11;37;1060;4058
18;67;6;19;1066;4077
18;68;8;23;1074;4100
18;69;10;33;1084;4133
18;70;12;39;1096;4172
18;71;15;60;1111;4232
18;72;8;25;1119;4257
18;73;10;34;1129;4291
18;74;16;59;1145;4350
18;75;10;27;1155;4377
18;76;13;43;1168;4420
18;77;24;91;1192;4511
18;78;12;44;1204;4555
18;79;17;67;1221;4622
18;80;10;46;1231;4668
18;81;9;38;1240;4706
18;82;36;135;1276;4841
18;83;9;34;1285;4875
18;84;10;31;1295;4906
18;85;2;9;1297;4915
18;86;24;84;1321;4999
18;87;13;44;1334;5043
18;88;13;49;1347;5092
18;89;3;10;1350;5102
18;90;15;52;1365;5154
18;91;7;22;1372;5176
18;92;3;10;1375;5186
18;93;13;46;1388;5232
18;94;19;70;1407;5302
18;95;12;41;1419;5343
18;96;19;70;1438;5413
18;97;8;32;1446;5445
18;98;15;47;1461;5492
18;99;12;43;1473;5535
18;100;5;25;1478;5560
18;101;11;40;1489;5600
18;102;14;58;1503;5658
18;103;5;23;1508;5681
18;104;11;39;1519;5720
18;105;14;61;1533;5781
18;106;10;39;1543;5820
18;107;10;45;1553;5865
18;108;6;22;1559;5887
18;109;18;64;1577;5951
18;110;25;89;1602;6040
19;1;5;20;5;20
19;2;5;18;10;38
19;3;5;16;15;54
19;4;14;45;29;99
19;5;14;43;43;142
19;6;8;25;51;167
19;7;12;39;63;206
19;8;14;46;77;252
19;9;15;40;92;292
19;10;13;40;105;332
19;11;11;43;116;375
19;12;7;28;123;403
19;13;6;24;129;427
19;14;7;22;136;449
19;15;9;27;145;476
19;16;10;36;155;512
19;17;11;48;166;560
19;18;8;28;174;588
19;19;9;31;183;619
19;20;11;33;194;652
19;21;16;54;210;706
19;22;6;22;216;728
19;23;13;51;229;779
19;24;10;36;239;815
19;25;8;30;247;845
19;26;18;65;265;910
19;27;10;37;275;947
19;28;11;37;286;984
19;29;10;33;296;1017
19;30;8;29;304;1046
19;31;11;43;315;1089
19;32;7;24;322;1113
19;33;9;30;331;1143
19;34;10;26;341;1169
19;35;16;50;357;1219
19;36;9;31;366;1250
19;37;11;40;377;1290
19;38;11;42;388;1332
19;39;12;40;400;1372
19;40;8;30;408;1402
19;41;9;28;417;1430
19;42;15;43;432;1473
19;43;14;41;446;1514
19;44;9;35;455;1549
19;45;11;41;466;1590
19;46;13;48;479;1638
19;47;10;31;489;1669
19;48;14;52;503;1721
19;49;14;55;517;1776
19;50;9;36;526;1812
19;51;10;37;536;1849
19;52;7;31;543;1880
19;53;7;28;550;1908
19;54;11;42;561;1950
19;55;9;37;570;1987
19;56;8;27;578;2014
19;57;3;15;581;2029
19;58;32;114;613;2143
19;59;13;46;626;2189
19;60;12;49;638;2238
19;61;11;41;649;2279
19;62;11;42;660;2321
19;63;9;29;669;2350
19;64;19;56;688;2406
19;65;13;49;701;2455
19;66;8;28;709;2483
19;67;10;34;719;2517
19;68;8;39;727;2556
19;69;10;33;737;2589
19;70;8;26;745;2615
19;71;9;33;754;2648
19;72;8;28;762;2676
19;73;16;64;778;2740
19;74;9;34;787;2774
19;75;25;91;812;2865
19;76;13;51;825;2916
19;77;8;35;833;2951
19;78;7;25;840;2976
19;79;9;29;849;3005
19;80;5;19;854;3024
19;81;8;31;862;3055
19;82;6;30;868;3085
19;83;9;36;877;3121
19;84;7;24;884;3145
19;85;6;24;890;3169
19;86;5;22;895;3191
19;87;9;34;904;3225
19;88;4;19;908;3244
19;89;4;13;912;3257
19;90;10;39;922;3296
19;91;4;17;926;3313
19;92;6;22;932;3335
19;93;11;34;943;3369
19;94;4;17;947;3386
19;95;5;20;952;3406
19;96;9;40;961;3446
19;97;10;42;971;3488
19;98;14;46;985;3534
20;1;5;18;5;18
20;2;5;22;10;40
20;3;4;14;14;54
20;4;7;26;21;80
20;5;4;17;25;97
20;6;13;37;38;134
20;7;7;27;45;161
20;8;8;27;53;188
20;9;4;14;57;202
20;10;18;65;75;267
20;11;4;17;79;284
20;12;9;32;88;316
20;13;5;20;93;336
20;14;11;39;104;375
20;15;10;37;114;412
20;16;10;34;124;446
20;17;4;15;128;461
20;18;13;44;141;505
20;19;3;13;144;518
20;20;5;18;149;536
20;21;7;29;156;565
20;22;11;36;167;601
20;23;4;17;171;618
20;24;5;17;176;635
20;25;5;12;181;647
20;26;3;7;184;654
20;27;4;14;188;668
20;28;2;8;190;676
20;29;5;14;195;690
20;30;2;7;197;697
20;31;3;8;200;705
20;32;3;10;203;715
20;33;3;10;206;725
20;34;2;10;208;735
20;35;4;13;212;748
20;36;5;18;217;766
20;37;5;18;222;784
20;38;6;18;228;802
20;39;22;73;250;875
20;40;34;120;284;995
20;41;2;11;286;1006
20;42;8;26;294;1032
20;43;5;18;299;1050
20;44;8;27;307;1077
20;45;10;32;317;1109
20;46;7;26;324;1135
20;47;22;80;346;1215
20;48;10;32;356;1247
20;49;4;16;360;1263
20;50;9;26;369;1289
20;51;5;19;374;1308
20;52;11;30;385;1338
20;53;20;68;405;1406
20;54;10;35;415;1441
20;55;9;39;424;1480
20;56;6;27;430;1507
20;57;7;33;437;1540
20;58;14;56;451;1596
20;59;8;28;459;1624
20;60;6;22;465;1646
20;61;15;55;480;1701
20;62;5;28;485;1729
20;63;15;60;500;1789
20;64;10;37;510;1826
20;65;11;37;521;1863
20;66;12;45;533;1908
20;67;5;17;538;1925
20;68;6;20;544;1945
20;69;16;52;560;1997
20;70;8;36;568;2033
20;71;26;108;594;2141
20;72;19;67;613;2208
20;73;14;56;627;2264
20;74;13;37;640;2301
20;75;10;43;650;2344
20;76;13;45;663;2389
20;77;18;62;681;2451
20;78;8;33;689;2484
20;79;5;19;694;2503
20;80;16;63;710;2566
20;81;17;57;727;2623
20;82;9;34;736;2657
20;83;6;19;742;2676
20;84;9;31;751;2707
20;85;9;34;760;2741
20;86;26;98;786;2839
20;87;16;72;802;2911
20;88;12;50;814;2961
20;89;12;40;826;3001
20;90;16;63;842;3064
20;91;9;33;851;3097
20;92;7;26;858;3123
20;93;4;16;862;3139
20;94;19;58;881;3197
20;95;4;15;885;3212
20;96;17;58;902;3270
20;97;28;94;930;3364
20;98;12;37;942;3401
20;99;14;43;956;3444
20;100;8;27;964;3471
20;101;7;25;971;3496
20;102;8;29;979;3525
20;103;6;25;985;3550
20;104;12;43;997;3593
20;105;7;28;1004;3621
20;106;3;14;1007;3635
20;107;6;19;1013;3654
20;108;13;52;1026;3706
20;109;12;41;1038;3747
20;110;10;32;1048;3779
20;111;10;31;1058;3810
20;112;11;39;1069;3849
20;113;15;57;1084;3906
20;114;17;58;1101;3964
20;115;11;36;1112;4000
20;116;9;41;1121;4041
20;117;12;48;1133;4089
20;118;7;21;1140;4110
20;119;6;21;1146;4131
20;120;13;47;1159;4178
20;121;17;63;1176;4241
20;122;6;21;1182;4262
20;123;18;61;1200;4323
20;124;12;42;1212;4365
20;125;8;26;1220;4391
20;126;10;35;1230;4426
20;127;13;48;1243;4474
20;128;18;60;1261;4534
20;129;9;35;1270;4569
20;130;20;79;1290;4648
20;131;19;66;1309;4714
20;132;12;55;1321;4769
20;133;13;47;1334;4816
20;134;19;78;1353;4894
20;135;12;45;1365;4939
21;1;11;45;11;45
21;2;11;38;22;83
21;3;15;68;37;151
21;4;10;34;47;185
21;5;14;55;61;240
21;6;8;34;69;274
21;7;14;55;83;329
21;8;9;39;92;368
21;9;8;41;100;409
21;10;8;35;108;444
21;11;10;43;118;487
21;12;7;28;125;515
21;13;10;46;135;561
21;14;5;21;140;582
21;15;8;35;148;617
21;16;7;31;155;648
21;17;11;40;166;688
21;18;13;48;179;736
21;19;14;51;193;787
21;20;5;20;198;807
21;21;7;25;205;832
21;22;13;48;218;880
21;23;6;19;224;899
21;24;22;79;246;978
21;25;15;51;261;1029
21;26;8;37;269;1066
21;27;6;26;275;1092
21;28;15;52;290;1144
21;29;16;46;306;1190
21;30;19;70;325;1260
21;31;14;50;339;1310
21;32;8;38;347;1348
21;33;11;37;358;1385
21;34;10;38;368;1423
21;35;10;44;378;1467
21;36;17;69;395;1536
21;37;8;35;403;1571
21;38;7;28;410;1599
21;39;16;54;426;1653
21;40;10;41;436;1694
21;41;13;52;449;1746
21;42;13;45;462;1791
21;43;14;53;476;1844
21;44;18;78;494;1922
21;45;11;40;505;1962
21;46;11;43;516;2005
21;47;21;73;537;2078
21;48;8;40;545;2118
21;49;8;31;553;2149
21;50;7;34;560;2183
21;51;11;34;571;2217
21;52;11;41;582;2258
21;53;5;25;587;2283
21;54;8;30;595;2313
21;55;7;28;602;2341
21;56;15;48;617;2389
21;57;7;32;624;2421
21;58;9;33;633;2454
21;59;8;34;641;2488
21;60;8;28;649;2516
21;61;8;32;657;2548
21;62;7;31;664;2579
21;63;9;37;673;2616
21;64;7;36;680;2652
21;65;9;36;689;2688
21;66;11;38;700;2726
21;67;9;33;709;2759
21;68;7;34;716;2793
21;69;8;29;724;2822
21;70;5;26;729;2848
21;71;8;36;737;2884
21;72;8;37;745;2921
21;73;16;73;761;2994
21;74;16;68;777;3062
21;75;6;26;783;3088
21;76;12;46;795;3134
21;77;12;57;807;3191
21;78;14;53;821;3244
21;79;14;65;835;3309
21;80;10;45;845;3354
21;81;14;55;859;3409
21;82;13;45;872;3454
21;83;12;34;884;3488
21;84;16;67;900;3555
21;85;7;29;907;3584
21;86;6;28;913;3612
21;87;23;77;936;3689
21;88;9;34;945;3723
21;89;12;37;957;3760
21;90;20;82;977;3842
21;91;11;52;988;3894
21;92;9;32;997;3926
21;93;7;27;1004;3953
21;94;12;46;1016;3999
21;95;8;29;1024;4028
21;96;10;35;1034;4063
21;97;19;66;1053;4129
21;98;12;40;1065;4169
21;99;9;36;1074;4205
21;100;7;22;1081;4227
21;101;9;36;1090;4263
21;102;9;34;1099;4297
21;103;11;51;1110;4348
21;104;16;58;1126;4406
21;105;12;45;1138;4451
21;106;6;22;1144;4473
21;107;5;24;1149;4497
21;108;12;41;1161;4538
21;109;13;48;1174;4586
21;110;8;28;1182;4614
21;111;8;27;1190;4641
21;112;10;40;1200;4681
22;1;13;49;13;49
22;2;22;83;35;132
22;3;12;36;47;168
22;4;11;38;58;206
22;5;69;241;127;447
22;6;14;38;141;485
22;7;12;36;153;521
22;8;13;39;166;560
22;9;15;47;181;607
22;10;10;31;191;638
22;11;26;90;217;728
22;12;15;42;232;770
22;13;10;38;242;808
22;14;17;62;259;870
22;15;22;71;281;941
22;16;10;32;291;973
22;17;22;84;313;1057
22;18;39;121;352;1178
22;19;18;62;370;1240
22;20;6;20;376;1260
22;21;4;14;380;1274
22;22;12;47;392;1321
22;23;22;88;414;1409
22;24;10;32;424;1441
22;25;25;93;449;1534
22;26;17;63;466;1597
22;27;14;44;480;1641
22;28;20;83;500;1724
22;29;8;39;508;1763
22;30;25;89;533;1852
22;31;21;69;554;1921
22;32;10;33;564;1954
22;33;11;38;575;1992
22;34;21;83;596;2075
22;35;15;66;611;2141
22;36;28;118;639;2259
22;37;21;83;660;2342
22;38;15;38;675;2380
22;39;10;41;685;2421
22;40;37;126;722;2547
22;41;17;77;739;2624
22;42;9;35;748;2659
22;43;5;16;753;2675
22;44;11;46;764;2721
22;45;14;55;778;2776
22;46;23;87;801;2863
22;47;14;55;815;2918
22;48;11;38;826;2956
22;49;8;26;834;2982
22;50;8;38;842;3020
22;51;8;36;850;3056
22;52;27;90;877;3146
22;53;16;61;893;3207
22;54;22;79;915;3286
22;55;16;53;931;3339
22;56;12;50;943;3389
22;57;8;39;951;3428
22;58;19;65;970;3493
22;59;7;30;977;3523
22;60;18;51;995;3574
22;61;16;44;1011;3618
22;62;18;51;1029;3669
22;63;15;49;1044;3718
22;64;13;35;1057;3753
22;65;27;88;1084;3841
22;66;10;34;1094;3875
22;67;17;62;1111;3937
22;68;7;28;1118;3965
22;69;9;33;1127;3998
22;70;20;51;1147;4049
22;71;18;57;1165;4106
22;72;30;118;1195;4224
22;73;28;107;1223;4331
22;74;9;27;1232;4358
22;75;11;37;1243;4395
22;76;10;35;1253;4430
22;77;12;54;1265;4484
22;78;45;175;1310;4659
23;1;7;29;7;29
23;2;5;18;12;47
23;3;5;18;17;65
23;4;4;18;21;83
23;5;4;19;25;102
23;6;11;38;36;140
23;7;8;29;44;169
23;8;6;25;50;194
23;9;6;21;56;215
23;10;4;14;60;229
23;11;6;24;66;253
23;12;7;26;73;279
23;13;6;20;79;299
23;14;21;98;100;397
23;15;6;17;106;414
23;16;5;19;111;433
23;17;10;39;121;472
23;18;13;53;134;525
23;19;14;52;148;577
23;20;9;38;157;615
23;21;15;60;172;675
23;22;4;19;176;694
23;23;16;60;192;754
23;24;26;97;218;851
23;25;10;29;228;880
23;26;5;17;233;897
23;27;32;120;265;1017
23;28;15;53;280;1070
23;29;8;33;288;1103
23;30;8;23;296;1126
23;31;6;24;302;1150
23;32;14;52;316;1202
23;33;25;102;341;1304
23;34;7;32;348;1336
23;35;9;41;357;1377
23;36;5;17;362;1394
23;37;10;36;372;1430
23;38;12;38;384;1468
23;39;5;17;389;1485
23;40;5;19;394;1504
23;41;8;43;402;1547
23;42;6;25;408;1572
23;43;7;26;415;1598
23;44;19;83;434;1681
23;45;8;38;442;1719
23;46;7;35;449;1754
23;47;7;37;456;1791
23;48;4;22;460;1813
23;49;6;28;466;1841
23;50;11;45;477;1886
23;51;11;44;488;1930
23;52;9;32;497;1962
23;53;9;37;506;1999
23;54;5;17;511;2016
23;55;7;26;518;2042
23;56;8;22;526;2064
23;57;7;22;533;2086
23;58;5;20;538;2106
23;59;5;18;543;2124
23;60;11;42;554;2166
23;61;8;29;562;2195
23;62;12;45;574;2240
23;63;15;47;589;2287
23;64;8;33;597;2320
23;65;7;26;604;2346
23;66;9;39;613;2385
23;67;4;20;617;2405
23;68;10;38;627;2443
23;69;7;26;634;2469
23;70;10;40;644;2509
23;71;17;68;661;2577
23;72;10;32;671;2609
23;73;6;22;677;2631
23;74;9;33;686;2664
23;75;12;42;698;2706
23;76;8;41;706;2747
23;77;12;41;718;2788
23;78;10;42;728;2830
23;79;7;25;735;2855
23;80;10;35;745;2890
23;81;6;21;751;2911
23;82;8;40;759;2951
23;83;12;47;771;2998
23;84;8;27;779;3025
23;85;5;21;784;3046
23;86;9;27;793;3073
23;87;5;20;798;3093
23;88;14;42;812;3135
23;89;5;21;817;3156
23;90;5;24;822;3180
23;91;24;78;846;3258
23;92;6;28;852;3286
23;93;6;17;858;3303
23;94;6;21;864;3324
23;95;7;26;871;3350
23;96;9;29;880;3379
23;97;8;22;888;3401
23;98;5;16;893;3417
23;99;8;28;901;3445
23;100;16;61;917;3506
23;101;10;38;927;3544
23;102;7;28;934;3572
23;103;11;43;945;3615
23;104;6;26;951;3641
23;105;8;32;959;3673
23;106;8;35;967;3708
23;107;7;31;974;3739
23;108;5;20;979;3759
23;109;15;53;994;3812
23;110;8;40;1002;3852
23;111;8;31;1010;3883
23;112;7;21;1017;3904
23;113;8;29;1025;3933
23;114;9;33;1034;3966
23;115;8;39;1042;4005
23;116;11;37;1053;4042
23;117;18;61;1071;4103
23;118;8;23;1079;4126
24;1;13;65;13;65
24;2;27;107;40;172
24;3;19;64;59;236
24;4;19;87;78;323
24;5;12;39;90;362
24;6;19;72;109;434
24;7;9;32;118;466
24;8;12;45;130;511
24;9;9;32;139;543
24;10;9;34;148;577
24;11;28;91;176;668
24;12;12;56;188;724
24;13;14;60;202;784
24;14;15;55;217;839
24;15;16;66;233;905
24;16;14;56;247;961
24;17;9;35;256;996
24;18;7;24;263;1020
24;19;20;72;283;1092
24;20;9;34;292;1126
24;21;37;129;329;1255
24;22;26;103;355;1358
24;23;13;58;368;1416
24;24;9;42;377;1458
24;25;11;38;388;1496
24;26;16;84;404;1580
24;27;19;78;423;1658
24;28;22;80;445;1738
24;29;17;63;462;1801
24;30;16;60;478;1861
24;31;82;315;560;2176
24;32;18;73;578;2249
24;33;49;192;627;2441
24;34;13;56;640;2497
24;35;50;176;690;2673
24;36;14;46;704;2719
24;37;19;76;723;2795
24;38;14;49;737;2844
24;39;22;89;759;2933
24;40;33;100;792;3033
24;41;22;71;814;3104
24;42;8;29;822;3133
24;43;38;121;860;3254
24;44;11;35;871;3289
24;45;31;92;902;3381
24;46;12;40;914;3421
24;47;16;65;930;3486
24;48;11;44;941;3530
24;49;7;23;948;3553
24;50;16;60;964;3613
24;51;18;77;982;3690
24;52;10;40;992;3730
24;53;18;71;1010;3801
24;54;23;91;1033;3892
24;55;39;153;1072;4045
24;56;8;44;1080;4089
24;57;11;45;1091;4134
24;58;53;188;1144;4322
24;59;20;75;1164;4397
24;60;24;85;1188;4482
24;61;80;287;1268;4769
24;62;39;164;1307;4933
24;63;27;105;1334;5038
24;64;23;73;1357;5111
25;1;13;54;13;54
25;2;20;61;33;115
25;3;22;86;55;201
25;4;16;63;71;264
25;5;9;40;80;304
25;6;13;42;93;346
25;7;16;61;109;407
25;8;17;61;126;468
25;9;9;36;135;504
25;10;18;56;153;560
25;11;8;36;161;596
25;12;9;34;170;630
25;13;9;40;179;670
25;14;9;33;188;703
25;15;14;44;202;747
25;16;10;37;212;784
25;17;16;61;228;845
25;18;21;85;249;930
25;19;15;62;264;992
25;20;20;88;284;1080
25;21;20;76;304;1156
25;22;10;45;314;1201
25;23;9;38;323;1239
25;24;7;30;330;1269
25;25;7;34;337;1303
25;26;9;38;346;1341
25;27;11;37;357;1378
25;28;6;23;363;1401
25;29;11;43;374;1444
25;30;9;38;383;1482
25;31;12;44;395;1526
25;32;17;64;412;1590
25;33;8;34;420;1624
25;34;11;45;431;1669
25;35;9;40;440;1709
25;36;9;44;449;1753
25;37;13;66;462;1819
25;38;9;35;471;1854
25;39;7;31;478;1885
25;40;16;61;494;1946
25;41;11;41;505;1987
25;42;17;62;522;2049
25;43;9;34;531;2083
25;44;15;51;546;2134
25;45;16;52;562;2186
25;46;5;19;567;2205
25;47;11;42;578;2247
25;48;13;47;591;2294
25;49;10;41;601;2335
25;50;9;40;610;2375
25;51;7;23;617;2398
25;52;7;30;624;2428
25;53;16;61;640;2489
25;54;12;43;652;2532
25;55;14;49;666;2581
25;56;5;23;671;2604
25;57;14;41;685;2645
25;58;13;46;698;2691
25;59;18;60;716;2751
25;60;14;60;730;2811
25;61;12;41;742;2852
25;62;13;43;755;2895
25;63;12;56;767;2951
25;64;5;22;772;2973
25;65;11;43;783;3016
25;66;4;20;787;3036
25;67;12;42;799;3078
25;68;23;74;822;3152
25;69;8;29;830;3181
25;70;16;66;846;3247
25;71;9;33;855;3280
25;72;9;37;864;3317
25;73;10;40;874;3357
25;74;14;56;888;3413
25;75;9;40;897;3453
25;76;5;24;902;3477
25;77;12;43;914;3520
26;1;5;19;5;19
26;2;4;16;9;35
26;3;6;25;15;60
26;4;11;42;26;102
26;5;11;40;37;142
26;6;8;36;45;178
26;7;11;35;56;213
26;8;9;27;65;240
26;9;5;17;70;257
26;10;8;28;78;285
26;11;4;15;82;300
26;12;6;18;88;318
26;13;8;30;96;348
26;14;6;21;102;369
26;15;7;32;109;401
26;16;7;29;116;430
26;17;6;17;122;447
26;18;10;34;132;481
26;19;7;28;139;509
26;20;6;23;145;532
26;21;11;41;156;573
26;22;9;28;165;601
26;23;5;19;170;620
26;24;10;35;180;655
26;25;5;20;185;675
26;26;5;22;190;697
26;27;7;27;197;724
26;28;9;36;206;760
26;29;8;33;214;793
26;30;5;17;219;810
26;31;7;21;226;831
26;32;6;22;232;853
26;33;6;22;238;875
26;34;7;26;245;901
26;35;8;32;253;933
26;36;7;30;260;963
26;37;4;14;264;977
26;38;5;21;269;998
26;39;5;21;274;1019
26;40;7;29;281;1048
26;41;12;48;293;1096
26;42;6;23;299;1119
26;43;7;26;306;1145
26;44;9;46;315;1191
26;45;8;29;323;1220
26;46;3;14;326;1234
26;47;4;19;330;1253
26;48;3;12;333;1265
26;49;21;91;354;1356
26;50;7;26;361;1382
26;51;11;39;372;1421
26;52;9;33;381;1454
26;53;5;22;386;1476
26;54;4;19;390;1495
26;55;3;15;393;1510
26;56;3;14;396;1524
26;57;4;19;400;1543
26;58;3;13;403;1556
26;59;6;20;409;1576
26;60;2;13;411;1589
26;61;9;36;420;1625
26;62;6;16;426;1641
26;63;13;50;439;1691
26;64;3;15;442;1706
26;65;5;21;447;1727
26;66;3;14;450;1741
26;67;9;27;459;1768
26;68;5;17;464;1785
26;69;5;15;469;1800
26;70;6;22;475;1822
26;71;6;27;481;1849
26;72;5;19;486;1868
26;73;4;15;490;1883
26;74;7;28;497;1911
26;75;5;21;502;1932
26;76;3;19;505;1951
26;77;6;20;511;1971
26;78;4;12;515;1983
26;79;4;13;519;1996
26;80;4;14;523;2010
26;81;4;10;527;2020
26;82;8;22;535;2042
26;83;6;22;541;2064
26;84;6;19;547;2083
26;85;5;18;552;2101
26;86;6;20;558;2121
26;87;4;14;562;2135
26;88;6;17;568;2152
26;89;6;18;574;2170
26;90;3;16;577;2186
26;91;3;15;580;2201
26;92;6;20;586;2221
26;93;7;25;593;2246
26;94;4;18;597;2264
26;95;3;15;600;2279
26;96;4;17;604;2296
26;97;6;18;610;2314
26;98;4;16;614;2330
26;99;4;18;618;2348
26;100;4;13;622;2361
26;101;3;9;625;2370
26;102;7;24;632;2394
26;103;9;27;641;2421
26;104;5;17;646;2438
26;105;4;16;650;2454
26;106;7;24;657;2478
26;107;4;12;661;2490
26;108;3;14;664;2504
26;109;11;36;675;2540
26;110;3;14;678;2554
26;111;6;24;684;2578
26;112;6;22;690;2600
26;113;7;24;697;2624
26;114;4;17;701;2641
26;115;5;14;706;2655
26;116;8;33;714;2688
26;117;5;15;719;2703
26;118;9;32;728;2735
26;119;6;24;734;2759
26;120;4;16;738;2775
26;121;9;27;747;2802
26;122;5;17;752;2819
26;123;3;13;755;2832
26;124;7;24;762;2856
26;125;4;12;766;2868
26;126;3;14;769;2882
26;127;11;36;780;2918
26;128;5;20;785;2938
26;129;4;23;789;2961
26;130;4;19;793;2980
26;131;3;14;796;2994
26;132;5;21;801;3015
26;133;3;15;804;3030
26;134;2;9;806;3039
26;135;6;19;812;3058
26;136;10;32;822;3090
26;137;5;17;827;3107
26;138;3;12;830;3119
26;139;11;42;841;3161
26;140;5;17;846;3178
26;141;3;14;849;3192
26;142;7;25;856;3217
26;143;4;12;860;3229
26;144;3;14;863;3243
26;145;11;36;874;3279
26;146;5;20;879;3299
26;147;3;9;882;3308
26;148;4;17;886;3325
26;149;5;23;891;3348
26;150;3;14;894;3362
26;151;4;17;898;3379
26;152;6;21;904;3400
26;153;5;20;909;3420
26;154;11;36;920;3456
26;155;9;31;929;3487
26;156;7;28;936;3515
26;157;3;19;939;3534
26;158;11;38;950;3572
26;159;5;17;955;3589
26;160;4;16;959;3605
26;161;7;24;966;3629
26;162;4;12;970;3641
26;163;3;14;973;3655
26;164;11;36;984;3691
26;165;4;20;988;3711
26;166;12;40;1000;3751
26;167;8;32;1008;3783
26;168;5;18;1013;3801
26;169;5;17;1018;3818
26;170;3;16;1021;3834
26;171;4;15;1025;3849
26;172;3;13;1028;3862
26;173;6;28;1034;3890
26;174;9;27;1043;3917
26;175;5;17;1048;3934
26;176;4;18;1052;3952
26;177;6;19;1058;3971
26;178;4;12;1062;3983
26;179;3;14;1065;3997
26;180;11;36;1076;4033
26;181;7;25;1083;4058
26;182;3;18;1086;4076
26;183;9;37;1095;4113
26;184;5;23;1100;4136
26;185;5;20;1105;4156
26;186;9;33;1114;4189
26;187;9;33;1123;4222
26;188;5;18;1128;4240
26;189;10;37;1138;4277
26;190;9;27;1147;4304
26;191;5;17;1152;4321
26;192;4;17;1156;4338
26;193;4;13;1160;4351
26;194;5;20;1165;4371
26;195;3;11;1168;4382
26;196;4;14;1172;4396
26;197;10;31;1182;4427
26;198;5;21;1187;4448
26;199;6;23;1193;4471
26;200;6;21;1199;4492
26;201;7;24;1206;4516
26;202;5;19;1211;4535
26;203;4;17;1215;4552
26;204;2;16;1217;4568
26;205;4;17;1221;4585
26;206;5;19;1226;4604
26;207;6;22;1232;4626
26;208;7;26;1239;4652
26;209;4;15;1243;4667
26;210;4;15;1247;4682
26;211;5;18;1252;4700
26;212;4;18;1256;4718
26;213;9;33;1265;4751
26;214;3;16;1268;4767
26;215;6;24;1274;4791
26;216;7;24;1281;4815
26;217;4;16;1285;4831
26;218;4;11;1289;4842
26;219;3;13;1292;4855
26;220;4;13;1296;4868
26;221;6;22;1302;4890
26;222;5;16;1307;4906
26;223;4;21;1311;4927
26;224;3;17;1314;4944
26;225;7;19;1321;4963
26;226;5;19;1326;4982
26;227;19;82;1345;5064
27;1;10;39;10;39
27;2;3;15;13;54
27;3;9;39;22;93
27;4;10;40;32;133
27;5;10;39;42;172
27;6;7;26;49;198
27;7;16;65;65;263
27;8;14;50;79;313
27;9;6;22;85;335
27;10;19;69;104;404
27;11;11;33;115;437
27;12;19;65;134;502
27;13;8;36;142;538
27;14;11;52;153;590
27;15;15;61;168;651
27;16;18;66;186;717
27;17;9;37;195;754
27;18;19;77;214;831
27;19;25;96;239;927
27;20;12;38;251;965
27;21;9;41;260;1006
27;22;14;43;274;1049
27;23;11;37;285;1086
27;24;17;69;302;1155
27;25;15;52;317;1207
27;26;9;24;326;1231
27;27;8;26;334;1257
27;28;11;43;345;1300
27;29;8;27;353;1327
27;30;8;30;361;1357
27;31;5;20;366;1377
27;32;12;45;378;1422
27;33;12;49;390;1471
27;34;14;58;404;1529
27;35;8;34;412;1563
27;36;16;66;428;1629
27;37;13;57;441;1686
27;38;10;38;451;1724
27;39;16;49;467;1773
27;40;38;126;505;1899
27;41;12;43;517;1942
27;42;14;56;531;1998
27;43;12;41;543;2039
27;44;28;99;571;2138
27;45;13;54;584;2192
27;46;12;56;596;2248
27;47;13;48;609;2296
27;48;10;35;619;2331
27;49;14;65;633;2396
27;50;7;30;640;2426
27;51;9;40;649;2466
27;52;12;40;661;2506
27;53;5;25;666;2531
27;54;8;38;674;2569
27;55;11;45;685;2614
27;56;16;57;701;2671
27;57;7;35;708;2706
27;58;6;28;714;2734
27;59;12;44;726;2778
27;60;28;99;754;2877
27;61;22;82;776;2959
27;62;16;62;792;3021
27;63;20;69;812;3090
27;64;19;71;831;3161
27;65;15;46;846;3207
27;66;15;40;861;3247
27;67;10;42;871;3289
27;68;12;47;883;3336
27;69;9;33;892;3369
27;70;9;28;901;3397
27;71;7;28;908;3425
27;72;9;29;917;3454
27;73;10;37;927;3491
27;74;8;29;935;3520
27;75;10;32;945;3552
27;76;13;40;958;3592
27;77;4;20;962;3612
27;78;8;27;970;3639
27;79;7;24;977;3663
27;80;11;41;988;3704
27;81;14;52;1002;3756
27;82;17;65;1019;3821
27;83;11;39;1030;3860
27;84;13;54;1043;3914
27;85;8;30;1051;3944
27;86;16;55;1067;3999
27;87;20;54;1087;4053
27;88;18;63;1105;4116
27;89;11;38;1116;4154
27;90;13;48;1129;4202
27;91;17;58;1146;4260
27;92;15;57;1161;4317
27;93;11;48;1172;4365
28;1;5;19;5;19
28;2;4;16;9;35
28;3;9;36;18;71
28;4;19;75;37;146
28;5;13;50;50;196
28;6;12;51;62;247
28;7;22;80;84;327
28;8;13;61;97;388
28;9;18;62;115;450
28;10;17;64;132;514
28;11;10;35;142;549
28;12;17;60;159;609
28;13;17;62;176;671
28;14;11;45;187;716
28;15;38;134;225;850
28;16;13;39;238;889
28;17;9;33;247;922
28;18;16;61;263;983
28;19;32;106;295;1089
28;20;18;65;313;1154
28;21;10;37;323;1191
28;22;11;37;334;1228
28;23;27;97;361;1325
28;24;15;45;376;1370
28;25;26;93;402;1463
28;26;10;40;412;1503
28;27;29;97;441;1600
28;28;17;48;458;1648
28;29;28;105;486;1753
28;30;19;69;505;1822
28;31;19;71;524;1893
28;32;26;89;550;1982
28;33;9;31;559;2013
28;34;14;50;573;2063
28;35;15;70;588;2133
28;36;17;72;605;2205
28;37;18;64;623;2269
28;38;27;95;650;2364
28;39;12;45;662;2409
28;40;10;44;672;2453
28;41;9;38;681;2491
28;42;10;41;691;2532
28;43;16;71;707;2603
28;44;13;46;720;2649
28;45;18;77;738;2726
28;46;20;74;758;2800
28;47;18;78;776;2878
28;48;26;101;802;2979
28;49;13;47;815;3026
28;50;23;79;838;3105
28;51;7;27;845;3132
28;52;8;30;853;3162
28;53;15;52;868;3214
28;54;12;59;880;3273
28;55;15;69;895;3342
28;56;13;44;908;3386
28;57;26;93;934;3479
28;58;18;67;952;3546
28;59;20;76;972;3622
28;60;15;57;987;3679
28;61;17;65;1004;3744
28;62;8;32;1012;3776
28;63;18;73;1030;3849
28;64;13;58;1043;3907
28;65;6;27;1049;3934
28;66;7;30;1056;3964
28;67;11;40;1067;4004
28;68;14;51;1081;4055
28;69;7;26;1088;4081
28;70;15;53;1103;4134
28;71;19;65;1122;4199
28;72;21;75;1143;4274
28;73;13;57;1156;4331
28;74;8;32;1164;4363
28;75;17;67;1181;4430
28;76;30;100;1211;4530
28;77;26;90;1237;4620
28;78;28;95;1265;4715
28;79;20;64;1285;4779
28;80;16;63;1301;4842
28;81;17;60;1318;4902
28;82;26;98;1344;5000
28;83;14;59;1358;5059
28;84;18;65;1376;5124
28;85;19;59;1395;5183
28;86;15;55;1410;5238
28;87;16;54;1426;5292
28;88;19;62;1445;5354
29;1;5;19;5;19
29;2;10;37;15;56
29;3;11;47;26;103
29;4;10;36;36;139
29;5;12;40;48;179
29;6;10;37;58;216
29;7;12;63;70;279
29;8;22;83;92;362
29;9;7;38;99;400
29;10;31;107;130;507
29;11;6;31;136;538
29;12;18;78;154;616
29;13;11;55;165;671
29;14;16;66;181;737
29;15;6;36;187;773
29;16;15;50;202;823
29;17;27;107;229;930
29;18;13;48;242;978
29;19;14;37;256;1015
29;20;19;60;275;1075
29;21;8;27;283;1102
29;22;17;51;300;1153
29;23;13;56;313;1209
29;24;21;71;334;1280
29;25;27;102;361;1382
29;26;13;39;374;1421
29;27;18;76;392;1497
29;28;14;54;406;1551
29;29;23;93;429;1644
29;30;6;22;435;1666
29;31;16;66;451;1732
29;32;16;61;467;1793
29;33;23;86;490;1879
29;34;12;47;502;1926
29;35;7;28;509;1954
29;36;16;63;525;2017
29;37;7;36;532;2053
29;38;16;71;548;2124
29;39;13;63;561;2187
29;40;28;118;589;2305
29;41;19;75;608;2380
29;42;12;35;620;2415
29;43;8;39;628;2454
29;44;12;38;640;2492
29;45;21;78;661;2570
29;46;27;104;688;2674
29;47;20;81;708;2755
29;48;13;49;721;2804
29;49;14;52;735;2856
29;50;16;57;751;2913
29;51;16;57;767;2970
29;52;20;78;787;3048
29;53;12;59;799;3107
29;54;6;33;805;3140
29;55;13;52;818;3192
29;56;9;32;827;3224
29;57;7;26;834;3250
29;58;17;77;851;3327
29;59;5;22;856;3349
29;60;12;45;868;3394
29;61;14;56;882;3450
29;62;14;42;896;3492
29;63;22;77;918;3569
29;64;15;57;933;3626
29;65;16;56;949;3682
29;66;6;33;955;3715
29;67;15;67;970;3782
29;68;17;59;987;3841
29;69;9;40;996;3881
30;1;5;19;5;19
30;2;2;8;7;27
30;3;8;28;15;55
30;4;12;40;27;95
30;5;8;26;35;121
30;6;11;38;46;159
30;7;10;39;56;198
30;8;23;88;79;286
30;9;32;139;111;425
30;10;13;55;124;480
30;11;8;27;132;507
30;12;5;22;137;529
30;13;9;42;146;571
30;14;5;22;151;593
30;15;9;39;160;632
30;16;11;55;171;687
30;17;6;25;177;712
30;18;9;32;186;744
30;19;15;46;201;790
30;20;11;40;212;830
30;21;22;78;234;908
30;22;16;60;250;968
30;23;15;57;265;1025
30;24;22;74;287;1099
30;25;16;62;303;1161
30;26;9;27;312;1188
30;27;19;63;331;1251
30;28;28;107;359;1358
30;29;16;52;375;1410
30;30;23;78;398;1488
30;31;10;40;408;1528
30;32;11;40;419;1568
30;33;18;65;437;1633
30;34;6;33;443;1666
30;35;10;40;453;1706
30;36;15;57;468;1763
30;37;16;49;484;1812
30;38;17;62;501;1874
30;39;23;81;524;1955
30;40;23;74;547;2029
30;41;15;55;562;2084
30;42;14;49;576;2133
30;43;16;47;592;2180
30;44;9;37;601;2217
30;45;11;44;612;2261
30;46;18;75;630;2336
30;47;18;79;648;2415
30;48;28;98;676;2513
30;49;10;34;686;2547
30;50;20;60;706;2607
30;51;9;39;715;2646
30;52;11;42;726;2688
30;53;14;52;740;2740
30;54;25;71;765;2811
30;55;13;49;778;2860
30;56;20;77;798;2937
30;57;9;37;807;2974
30;58;19;73;826;3047
30;59;9;27;835;3074
30;60;10;33;845;3107
31;1;5;19;5;19
31;2;4;16;9;35
31;3;3;15;12;50
31;4;9;39;21;89
31;5;8;34;29;123
31;6;18;62;47;185
31;7;16;62;63;247
31;8;8;35;71;282
31;9;8;28;79;310
31;10;29;93;108;403
31;11;14;48;122;451
31;12;18;63;140;514
31;13;14;47;154;561
31;14;19;63;173;624
31;15;29;103;202;727
31;16;25;69;227;796
31;17;18;61;245;857
31;18;16;50;261;907
31;19;12;37;273;944
31;20;31;98;304;1042
31;21;21;79;325;1121
31;22;16;59;341;1180
31;23;15;59;356;1239
31;24;7;28;363;1267
31;25;16;58;379;1325
31;26;11;31;390;1356
31;27;21;70;411;1426
31;28;12;37;423;1463
31;29;25;78;448;1541
31;30;17;49;465;1590
31;31;20;60;485;1650
31;32;22;84;507;1734
31;33;30;105;537;1839
31;34;27;86;564;1925
32;1;5;19;5;19
32;2;8;25;13;44
32;3;18;61;31;105
32;4;25;79;56;184
32;5;17;55;73;239
32;6;7;25;80;264
32;7;10;31;90;295
32;8;8;24;98;319
32;9;14;55;112;374
32;10;14;51;126;425
32;11;12;38;138;463
32;12;16;74;154;537
32;13;16;62;170;599
32;14;14;61;184;660
32;15;16;62;200;722
32;16;11;53;211;775
32;17;13;43;224;818
32;18;8;29;232;847
32;19;12;55;244;902
32;20;21;85;265;987
32;21;9;43;274;1030
32;22;13;49;287;1079
32;23;15;53;302;1132
32;24;10;50;312;1182
32;25;11;37;323;1219
32;26;19;63;342;1282
32;27;17;70;359;1352
32;28;7;28;366;1380
32;29;11;37;377;1417
32;30;5;25;382;1442
33;1;17;64;17;64
33;2;12;38;29;102
33;3;6;23;35;125
33;4;31;111;66;236
33;5;30;116;96;352
33;6;31;129;127;481
33;7;18;70;145;551
33;8;8;37;153;588
33;9;21;88;174;676
33;10;16;71;190;747
33;11;6;32;196;779
33;12;13;52;209;831
33;13;25;93;234;924
33;14;14;57;248;981
33;15;13;51;261;1032
33;16;15;52;276;1084
33;17;24;72;300;1156
33;18;16;57;316;1213
33;19;36;137;352;1350
33;20;23;91;375;1441
33;21;17;58;392;1499
33;22;18;80;410;1579
33;23;18;69;428;1648
33;24;16;60;444;1708
33;25;16;61;460;1769
33;26;16;68;476;1837
33;27;14;56;490;1893
33;28;16;67;506;1960
33;29;14;60;520;2020
33;30;17;58;537;2078
33;31;15;61;552;2139
33;32;19;70;571;2209
33;33;25;105;596;2314
33;34;14;47;610;2361
33;35;34;185;644;2546
33;36;24;85;668;2631
33;37;49;174;717;2805
33;38;22;66;739;2871
33;39;13;52;752;2923
33;40;17;61;769;2984
33;41;7;29;776;3013
33;42;3;15;779;3028
33;43;13;54;792;3082
33;44;8;31;800;3113
33;45;7;33;807;3146
33;46;6;26;813;3172
33;47;8;29;821;3201
33;48;12;51;833;3252
33;49;22;97;855;3349
33;50;63;236;918;3585
33;51;37;121;955;3706
33;52;26;77;981;3783
33;53;73;264;1054;4047
33;54;11;35;1065;4082
33;55;33;115;1098;4197
33;56;13;54;1111;4251
33;57;14;54;1125;4305
33;58;12;57;1137;4362
33;59;23;83;1160;4445
33;60;20;74;1180;4519
33;61;6;31;1186;4550
33;62;12;37;1198;4587
33;63;15;54;1213;4641
33;64;7;25;1220;4666
33;65;8;28;1228;4694
33;66;11;47;1239;4741
33;67;8;44;1247;4785
33;68;8;34;1255;4819
33;69;16;64;1271;4883
33;70;8;34;1279;4917
33;71;14;54;1293;4971
33;72;19;84;1312;5055
33;73;15;78;1327;5133
34;1;22;69;22;69
34;2;18;56;40;125
34;3;34;107;74;232
34;4;10;46;84;278
34;5;11;41;95;319
34;6;17;51;112;370
34;7;16;56;128;426
34;8;16;57;144;483
34;9;30;94;174;577
34;10;13;46;187;623
34;11;12;45;199;668
34;12;27;94;226;762
34;13;19;77;245;839
34;14;27;96;272;935
34;15;20;69;292;1004
34;16;16;67;308;1071
34;17;9;32;317;1103
34;18;17;68;334;1171
34;19;20;84;354;1255
34;20;10;39;364;1294
34;21;21;65;385;1359
34;22;27;81;412;1440
34;23;22;79;434;1519
34;24;19;54;453;1573
34;25;9;35;462;1608
34;26;11;38;473;1646
34;27;12;40;485;1686
34;28;12;51;497;1737
34;29;7;28;504;1765
34;30;10;39;514;1804
34;31;32;127;546;1931
34;32;15;62;561;1993
34;33;34;142;595;2135
34;34;14;51;609;2186
34;35;9;37;618;2223
34;36;13;43;631;2266
34;37;24;97;655;2363
34;38;9;39;664;2402
34;39;21;62;685;2464
34;40;10;46;695;2510
34;41;13;55;708;2565
34;42;18;70;726;2635
34;43;34;125;760;2760
34;44;11;44;771;2804
34;45;14;54;785;2858
34;46;27;82;812;2940
34;47;17;48;829;2988
34;48;7;21;836;3009
34;49;8;24;844;3033
34;50;16;48;860;3081
34;51;10;34;870;3115
34;52;9;35;879;3150
34;53;10;34;889;3184
34;54;15;50;904;3234
35;1;29;102;29;102
35;2;19;61;48;163
35;3;21;75;69;238
35;4;11;40;80;278
35;5;14;52;94;330
35;6;13;52;107;382
35;7;13;56;120;438
35;8;26;80;146;518
35;9;18;65;164;583
35;10;24;89;188;672
35;11;36;107;224;779
35;12;28;122;252;901
35;13;29;93;281;994
35;14;18;73;299;1067
35;15;11;37;310;1104
35;16;6;19;316;1123
35;17;6;16;322;1139
35;18;34;126;356;1265
35;19;4;16;360;1281
35;20;4;16;364;1297
35;21;4;14;368;1311
35;22;17;51;385;1362
35;23;4;11;389;1373
35;24;12;43;401;1416
35;25;13;58;414;1474
35;26;7;23;421;1497
35;27;25;86;446;1583
35;28;19;70;465;1653
35;29;16;69;481;1722
35;30;8;33;489;1755
35;31;16;53;505;1808
35;32;23;87;528;1895
35;33;13;52;541;1947
35;34;11;41;552;1988
35;35;14;48;566;2036
35;36;19;65;585;2101
35;37;25;97;610;2198
35;38;11;37;621;2235
35;39;24;87;645;2322
35;40;34;120;679;2442
35;41;21;70;700;2512
35;42;19;77;719;2589
35;43;26;94;745;2683
35;44;31;102;776;2785
35;45;25;92;801;2877
36;1;5;17;5;17
36;2;2;11;7;28
36;3;3;12;10;40
36;4;4;11;14;51
36;5;3;12;17;63
36;6;7;31;24;94
36;7;8;28;32;122
36;8;10;42;42;164
36;9;12;46;54;210
36;10;8;34;62;244
36;11;12;48;74;292
36;12;14;52;88;344
36;13;8;34;96;378
36;14;11;53;107;431
36;15;15;54;122;485
36;16;6;26;128;511
36;17;5;19;133;530
36;18;12;52;145;582
36;19;9;38;154;620
36;20;10;39;164;659
36;21;7;27;171;686
36;22;8;26;179;712
36;23;15;55;194;767
36;24;5;14;199;781
36;25;4;18;203;799
36;26;7;23;210;822
36;27;7;22;217;844
36;28;14;45;231;889
36;29;9;28;240;917
36;30;11;42;251;959
36;31;11;41;262;1000
36;32;6;21;268;1021
36;33;10;44;278;1065
36;34;10;39;288;1104
36;35;8;33;296;1137
36;36;14;50;310;1187
36;37;9;33;319;1220
36;38;9;32;328;1252
36;39;7;33;335;1285
36;40;15;48;350;1333
36;41;8;31;358;1364
36;42;6;22;364;1386
36;43;9;31;373;1417
36;44;6;21;379;1438
36;45;11;40;390;1478
36;46;11;40;401;1518
36;47;24;84;425;1602
36;48;7;28;432;1630
36;49;9;31;441;1661
36;50;7;29;448;1690
36;51;10;35;458;1725
36;52;12;51;470;1776
36;53;11;35;481;1811
36;54;11;39;492;1850
36;55;7;24;499;1874
36;56;8;29;507;1903
36;57;6;21;513;1924
36;58;5;15;518;1939
36;59;4;20;522;1959
36;60;14;45;536;2004
36;61;6;20;542;2024
36;62;8;35;550;2059
36;63;5;20;555;2079
36;64;5;21;560;2100
36;65;12;51;572;2151
36;66;10;41;582;2192
36;67;10;46;592;2238
36;68;7;27;599;2265
36;69;12;40;611;2305
36;70;8;27;619;2332
36;71;12;47;631;2379
36;72;6;32;637;2411
36;73;6;27;643;2438
36;74;7;29;650;2467
36;75;7;28;657;2495
36;76;9;33;666;2528
36;77;11;38;677;2566
36;78;11;34;688;2600
36;79;10;31;698;2631
36;80;11;40;709;2671
36;81;15;53;724;2724
36;82;10;31;734;2755
36;83;8;30;742;2785
37;1;6;26;6;26
37;2;4;10;10;36
37;3;2;11;12;47
37;4;4;12;16;59
37;5;8;30;24;89
37;6;6;25;30;114
37;7;5;17;35;131
37;8;9;33;44;164
37;9;4;17;48;181
37;10;7;27;55;208
37;11;12;44;67;252
37;12;3;12;70;264
37;13;4;16;74;280
37;14;4;18;78;298
37;15;6;21;84;319
37;16;7;35;91;354
37;17;2;15;93;369
37;18;5;15;98;384
37;19;8;25;106;409
37;20;5;20;111;429
37;21;7;24;118;453
37;22;9;33;127;486
37;23;8;24;135;510
37;24;3;17;138;527
37;25;4;14;142;541
37;26;4;15;146;556
37;27;5;23;151;579
37;28;6;25;157;604
37;29;5;20;162;624
37;30;10;34;172;658
37;31;6;24;178;682
37;32;4;18;182;700
37;33;5;22;187;722
37;34;5;18;192;740
37;35;10;36;202;776
37;36;6;34;208;810
37;37;5;19;213;829
37;38;4;20;217;849
37;39;6;23;223;872
37;40;4;16;227;888
37;41;4;17;231;905
37;42;4;13;235;918
37;43;3;9;238;927
37;44;3;13;241;940
37;45;5;16;246;956
37;46;3;14;249;970
37;47;7;22;256;992
37;48;5;17;261;1009
37;49;3;12;264;1021
37;50;5;23;269;1044
37;51;7;20;276;1064
37;52;4;16;280;1080
37;53;7;33;287;1113
37;54;4;15;291;1128
37;55;5;18;296;1146
37;56;5;17;301;1163
37;57;6;23;307;1186
37;58;3;11;310;1197
37;59;6;26;316;1223
37;60;5;17;321;1240
37;61;4;20;325;1260
37;62;7;21;332;1281
37;63;4;21;336;1302
37;64;6;20;342;1322
37;65;4;18;346;1340
37;66;6;32;352;1372
37;67;7;21;359;1393
37;68;5;18;364;1411
37;69;4;20;368;1431
37;70;4;18;372;1449
37;71;5;20;377;1469
37;72;4;18;381;1487
37;73;5;20;386;1507
37;74;4;16;390;1523
37;75;5;24;395;1547
37;76;5;21;400;1568
37;77;4;17;404;1585
37;78;4;16;408;1601
37;79;5;17;413;1618
37;80;5;16;418;1634
37;81;4;17;422;1651
37;82;3;14;425;1665
37;83;6;15;431;1680
37;84;5;15;436;1695
37;85;6;24;442;1719
37;86;5;21;447;1740
37;87;4;16;451;1756
37;88;4;14;455;1770
37;89;3;9;458;1779
37;90;3;14;461;1793
37;91;6;27;467;1820
37;92;4;13;471;1833
37;93;4;16;475;1849
37;94;3;14;478;1863
37;95;4;18;482;1881
37;96;4;18;486;1899
37;97;7;27;493;1926
37;98;5;26;498;1952
37;99;6;19;504;1971
37;100;5;13;509;1984
37;101;3;15;512;1999
37;102;26;85;538;2084
37;103;4;18;542;2102
37;104;4;15;546;2117
37;105;8;26;554;2143
37;106;5;19;559;2162
37;107;3;13;562;2175
37;108;4;16;566;2191
37;109;4;12;570;2203
37;110;4;13;574;2216
37;111;4;17;578;2233
37;112;5;24;583;2257
37;113;10;45;593;2302
37;114;5;21;598;2323
37;115;5;25;603;2348
37;116;4;22;607;2370
37;117;3;20;610;2390
37;118;4;18;614;2408
37;119;4;18;618;2426
37;120;4;17;622;2443
37;121;5;16;627;2459
37;122;4;19;631;2478
37;123;4;16;635;2494
37;124;5;18;640;2512
37;125;5;26;645;2538
37;126;5;22;650;2560
37;127;3;18;653;2578
37;128;4;16;657;2594
37;129;4;16;661;2610
37;130;4;12;665;2622
37;131;5;16;670;2638
37;132;4;17;674;2655
37;133;4;16;678;2671
37;134;4;17;682;2688
37;135;4;15;686;2703
37;136;3;13;689;2716
37;137;4;20;693;2736
37;138;3;14;696;2750
37;139;4;15;700;2765
37;140;5;18;705;2783
37;141;4;17;709;2800
37;142;4;16;713;2816
37;143;5;19;718;2835
37;144;6;19;724;2854
37;145;5;19;729;2873
37;146;5;19;734;2892
37;147;6;24;740;2916
37;148;4;20;744;2936
37;149;5;26;749;2962
37;150;6;28;755;2990
37;151;5;20;760;3010
37;152;4;18;764;3028
37;153;4;17;768;3045
37;154;4;13;772;3058
37;155;2;10;774;3068
37;156;4;13;778;3081
37;157;5;23;783;3104
37;158;10;43;793;3147
37;159;4;15;797;3162
37;160;4;16;801;3178
37;161;3;14;804;3192
37;162;4;15;808;3207
37;163;5;14;813;3221
37;164;6;20;819;3241
37;165;3;14;822;3255
37;166;3;15;825;3270
37;167;3;14;828;3284
37;168;6;20;834;3304
37;169;4;17;838;3321
37;170;4;17;842;3338
37;171;5;27;847;3365
37;172;3;15;850;3380
37;173;4;18;854;3398
37;174;4;13;858;3411
37;175;3;16;861;3427
37;176;2;16;863;3443
37;177;6;28;869;3471
37;178;4;13;873;3484
37;179;3;14;876;3498
37;180;6;21;882;3519
37;181;3;14;885;3533
37;182;4;16;889;3549
38;1;8;29;8;29
38;2;6;19;14;48
38;3;10;36;24;84
38;4;10;44;34;128
38;5;9;32;43;160
38;6;12;47;55;207
38;7;10;37;65;244
38;8;15;44;80;288
38;9;7;28;87;316
38;10;11;41;98;357
38;11;6;23;104;380
38;12;8;33;112;413
38;13;7;34;119;447
38;14;7;21;126;468
38;15;11;33;137;501
38;16;8;30;145;531
38;17;11;38;156;569
38;18;7;31;163;600
38;19;5;18;168;618
38;20;6;31;174;649
38;21;8;29;182;678
38;22;24;86;206;764
38;23;16;54;222;818
38;24;33;128;255;946
38;25;10;34;265;980
38;26;30;101;295;1081
38;27;17;62;312;1143
38;28;13;57;325;1200
38;29;9;47;334;1247
38;30;7;30;341;1277
38;31;6;23;347;1300
38;32;11;37;358;1337
38;33;6;27;364;1364
38;34;9;36;373;1400
38;35;15;42;388;1442
38;36;8;29;396;1471
38;37;4;17;400;1488
38;38;4;18;404;1506
38;39;7;27;411;1533
38;40;6;23;417;1556
38;41;11;40;428;1596
38;42;6;26;434;1622
38;43;10;44;444;1666
38;44;14;51;458;1717
38;45;9;39;467;1756
38;46;5;25;472;1781
38;47;5;24;477;1805
38;48;8;31;485;1836
38;49;6;24;491;1860
38;50;6;20;497;1880
38;51;7;30;504;1910
38;52;6;20;510;1930
38;53;5;20;515;1950
38;54;7;22;522;1972
38;55;5;20;527;1992
38;56;4;19;531;2011
38;57;4;19;535;2030
38;58;5;15;540;2045
38;59;10;39;550;2084
38;60;11;44;561;2128
38;61;11;39;572;2167
38;62;10;37;582;2204
38;63;6;28;588;2232
38;64;7;20;595;2252
38;65;12;37;607;2289
38;66;8;30;615;2319
38;67;4;11;619;2330
38;68;3;13;622;2343
38;69;9;29;631;2372
38;70;8;23;639;2395
38;71;9;30;648;2425
38;72;9;32;657;2457
38;73;4;21;661;2478
38;74;6;24;667;2502
38;75;14;48;681;2550
38;76;10;31;691;2581
38;77;5;18;696;2599
38;78;6;18;702;2617
38;79;6;21;708;2638
38;80;4;15;712;2653
38;81;4;15;716;2668
38;82;4;21;720;2689
38;83;4;18;724;2707
38;84;4;15;728;2722
38;85;7;30;735;2752
38;86;10;33;745;2785
38;87;5;17;750;2802
38;88;4;16;754;2818
39;1;10;38;10;38
39;2;10;38;20;76
39;3;33;108;53;184
39;4;17;54;70;238
39;5;24;84;94;322
39;6;39;130;133;452
39;7;31;118;164;570
39;8;35;113;199;683
39;9;24;93;223;776
39;10;22;84;245;860
39;11;9;27;254;887
39;12;5;21;259;908
39;13;9;24;268;932
39;14;6;18;274;950
39;15;20;73;294;1023
39;16;17;56;311;1079
39;17;12;53;323;1132
39;18;13;61;336;1193
39;19;10;34;346;1227
39;20;20;70;366;1297
39;21;33;106;399;1403
39;22;20;72;419;1475
39;23;35;117;454;1592
39;24;13;53;467;1645
39;25;10;35;477;1680
39;26;12;50;489;1730
39;27;11;43;500;1773
39;28;7;25;507;1798
39;29;19;75;526;1873
39;30;4;14;530;1887
39;31;7;27;537;1914
39;32;16;53;553;1967
39;33;8;31;561;1998
39;34;9;30;570;2028
39;35;12;49;582;2077
39;36;15;50;597;2127
39;37;12;34;609;2161
39;38;37;133;646;2294
39;39;9;37;655;2331
39;40;8;25;663;2356
39;41;18;69;681;2425
39;42;27;91;708;2516
39;43;14;49;722;2565
39;44;12;42;734;2607
39;45;18;68;752;2675
39;46;18;65;770;2740
39;47;25;85;795;2825
39;48;11;41;806;2866
39;49;22;80;828;2946
39;50;11;40;839;2986
39;51;15;62;854;3048
39;52;16;51;870;3099
39;53;21;73;891;3172
39;54;13;48;904;3220
39;55;16;59;920;3279
39;56;14;46;934;3325
39;57;9;28;943;3353
39;58;12;37;955;3390
39;59;10;41;965;3431
39;60;14;56;979;3487
39;61;11;41;990;3528
39;62;9;24;999;3552
39;63;12;50;1011;3602
39;64;7;29;1018;3631
39;65;14;55;1032;3686
39;66;6;20;1038;3706
39;67;18;74;1056;3780
39;68;23;66;1079;3846
39;69;15;65;1094;3911
39;70;9;30;1103;3941
39;71;35;141;1138;4082
39;72;10;38;1148;4120
39;73;21;85;1169;4205
39;74;16;65;1185;4270
39;75;17;66;1202;4336
40;1;5;18;5;18
40;2;6;22;11;40
40;3;14;48;25;88
40;4;13;44;38;132
40;5;21;92;59;224
40;6;11;39;70;263
40;7;27;114;97;377
40;8;17;69;114;446
40;9;13;45;127;491
40;10;15;61;142;552
40;11;13;57;155;609
40;12;16;54;171;663
40;13;14;44;185;707
40;14;8;31;193;738
40;15;16;53;209;791
40;16;16;49;225;840
40;17;13;40;238;880
40;18;15;59;253;939
40;19;6;23;259;962
40;20;15;48;274;1010
40;21;31;108;305;1118
40;22;14;56;319;1174
40;23;6;30;325;1204
40;24;7;34;332;1238
40;25;19;78;351;1316
40;26;18;60;369;1376
40;27;13;43;382;1419
40;28;39;130;421;1549
40;29;26;88;447;1637
40;30;10;35;457;1672
40;31;14;50;471;1722
40;32;6;22;477;1744
40;33;16;47;493;1791
40;34;31;97;524;1888
40;35;24;83;548;1971
40;36;9;35;557;2006
40;37;25;87;582;2093
40;38;8;32;590;2125
40;39;11;42;601;2167
40;40;23;82;624;2249
40;41;10;36;634;2285
40;42;15;54;649;2339
40;43;22;75;671;2414
40;44;12;45;683;2459
40;45;10;40;693;2499
40;46;13;55;706;2554
40;47;19;74;725;2628
40;48;12;38;737;2666
40;49;13;45;750;2711
40;50;16;67;766;2778
40;51;11;44;777;2822
40;52;10;40;787;2862
40;53;9;36;796;2898
40;54;4;18;800;2916
40;55;12;47;812;2963
40;56;23;79;835;3042
40;57;13;48;848;3090
40;58;13;59;861;3149
40;59;11;39;872;3188
40;60;13;54;885;3242
40;61;20;71;905;3313
40;62;13;40;918;3353
40;63;8;28;926;3381
40;64;22;87;948;3468
40;65;14;45;962;3513
40;66;21;65;983;3578
40;67;30;113;1013;3691
40;68;12;35;1025;3726
40;69;10;33;1035;3759
40;70;9;40;1044;3799
40;71;6;28;1050;3827
40;72;6;17;1056;3844
40;73;7;21;1063;3865
40;74;18;55;1081;3920
40;75;12;42;1093;3962
40;76;9;36;1102;3998
40;77;14;50;1116;4048
40;78;32;114;1148;4162
40;79;9;39;1157;4201
40;80;12;54;1169;4255
40;81;6;24;1175;4279
40;82;25;94;1200;4373
40;83;15;63;1215;4436
40;84;12;50;1227;4486
40;85;17;62;1244;4548
41;1;5;18;5;18
41;2;4;16;9;34
41;3;7;32;16;66
41;4;7;30;23;96
41;5;17;70;40;166
41;6;17;67;57;233
41;7;8;32;65;265
41;8;9;37;74;302
41;9;16;54;90;356
41;10;17;58;107;414
41;11;16;60;123;474
41;12;20;75;143;549
41;13;9;40;152;589
41;14;23;89;175;678
41;15;25;92;200;770
41;16;19;76;219;846
41;17;14;67;233;913
41;18;5;24;238;937
41;19;8;29;246;966
41;20;12;54;258;1020
41;21;18;72;276;1092
41;22;20;80;296;1172
41;23;10;42;306;1214
41;24;11;43;317;1257
41;25;26;88;343;1345
41;26;11;49;354;1394
41;27;10;47;364;1441
41;28;15;56;379;1497
41;29;16;69;395;1566
41;30;19;84;414;1650
41;31;16;60;430;1710
41;32;4;13;434;1723
41;33;13;47;447;1770
41;34;18;56;465;1826
41;35;11;37;476;1863
41;36;11;41;487;1904
41;37;19;78;506;1982
41;38;13;46;519;2028
41;39;22;79;541;2107
41;40;26;85;567;2192
41;41;9;35;576;2227
41;42;13;37;589;2264
41;43;17;50;606;2314
41;44;30;122;636;2436
41;45;18;65;654;2501
41;46;11;44;665;2545
41;47;30;98;695;2643
41;48;12;38;707;2681
41;49;11;37;718;2718
41;50;32;122;750;2840
41;51;13;53;763;2893
41;52;17;47;780;2940
41;53;19;64;799;3004
41;54;12;35;811;3039
42;1;5;18;5;18
42;2;1;3;6;21
42;3;11;33;17;54
42;4;11;29;28;83
42;5;20;78;48;161
42;6;12;44;60;205
42;7;23;76;83;281
42;8;20;64;103;345
42;9;16;49;119;394
42;10;16;50;135;444
42;11;22;75;157;519
42;12;14;46;171;565
42;13;40;125;211;690
42;14;30;104;241;794
42;15;35;137;276;931
42;16;18;62;294;993
42;17;11;41;305;1034
42;18;22;82;327;1116
42;19;9;30;336;1146
42;20;22;66;358;1212
42;21;22;75;380;1287
42;22;25;96;405;1383
42;23;30;105;435;1488
42;24;22;78;457;1566
42;25;12;44;469;1610
42;26;12;56;481;1666
42;27;18;61;499;1727
42;28;13;42;512;1769
42;29;17;57;529;1826
42;30;10;37;539;1863
42;31;14;42;553;1905
42;32;6;25;559;1930
42;33;16;49;575;1979
42;34;7;23;582;2002
42;35;9;30;591;2032
42;36;17;65;608;2097
42;37;11;43;619;2140
42;38;11;58;630;2198
42;39;6;24;636;2222
42;40;15;51;651;2273
42;41;9;33;660;2306
42;42;15;55;675;2361
42;43;9;27;684;2388
42;44;20;64;704;2452
42;45;27;104;731;2556
42;46;16;50;747;2606
42;47;21;60;768;2666
42;48;27;106;795;2772
42;49;16;52;811;2824
42;50;11;41;822;2865
42;51;23;68;845;2933
42;52;29;100;874;3033
42;53;17;44;891;3077
43;1;5;18;5;18
43;2;2;10;7;28
43;3;8;29;15;57
43;4;7;22;22;79
43;5;8;33;30;112
43;6;6;19;36;131
43;7;8;28;44;159
43;8;7;30;51;189
43;9;11;44;62;233
43;10;11;41;73;274
43;11;13;46;86;320
43;12;12;43;98;363
43;13;20;78;118;441
43;14;4;19;122;460
43;15;9;35;131;495
43;16;7;27;138;522
43;17;12;46;150;568
43;18;9;27;159;595
43;19;12;62;171;657
43;20;16;52;187;709
43;21;8;33;195;742
43;22;11;48;206;790
43;23;22;82;228;872
43;24;15;60;243;932
43;25;7;31;250;963
43;26;10;36;260;999
43;27;5;17;265;1016
43;28;7;29;272;1045
43;29;9;39;281;1084
43;30;9;36;290;1120
43;31;10;39;300;1159
43;32;25;99;325;1258
43;33;18;70;343;1328
43;34;6;26;349;1354
43;35;13;48;362;1402
43;36;11;34;373;1436
43;37;7;34;380;1470
43;38;11;40;391;1510
43;39;9;35;400;1545
43;40;11;34;411;1579
43;41;6;26;417;1605
43;42;7;30;424;1635
43;43;9;29;433;1664
43;44;6;26;439;1690
43;45;13;52;452;1742
43;46;12;52;464;1794
43;47;7;30;471;1824
43;48;13;51;484;1875
43;49;11;43;495;1918
43;50;7;28;502;1946
43;51;17;61;519;2007
43;52;11;28;530;2035
43;53;11;42;541;2077
43;54;7;34;548;2111
43;55;6;35;554;2146
43;56;4;24;558;2170
43;57;10;30;568;2200
43;58;15;47;583;2247
43;59;11;38;594;2285
43;60;8;33;602;2318
43;61;11;43;613;2361
43;62;7;25;620;2386
43;63;17;68;637;2454
43;64;10;32;647;2486
43;65;11;40;658;2526
43;66;10;36;668;2562
43;67;7;30;675;2592
43;68;8;30;683;2622
43;69;5;27;688;2649
43;70;6;26;694;2675
43;71;15;61;709;2736
43;72;7;32;716;2768
43;73;6;25;722;2793
43;74;6;23;728;2816
43;75;6;20;734;2836
43;76;6;28;740;2864
43;77;8;34;748;2898
43;78;7;34;755;2932
43;79;5;22;760;2954
43;80;11;45;771;2999
43;81;8;30;779;3029
43;82;9;31;788;3060
43;83;8;35;796;3095
43;84;11;36;807;3131
43;85;14;55;821;3186
43;86;13;45;834;3231
43;87;8;34;842;3265
43;88;7;25;849;3290
43;89;6;24;855;3314
44;1;5;18;5;18
44;2;2;10;7;28
44;3;8;31;15;59
44;4;5;14;20;73
44;5;6;22;26;95
44;6;7;22;33;117
44;7;9;32;42;149
44;8;10;34;52;183
44;9;5;12;57;195
44;10;6;23;63;218
44;11;5;18;68;236
44;12;6;24;74;260
44;13;7;26;81;286
44;14;6;25;87;311
44;15;6;28;93;339
44;16;6;26;99;365
44;17;9;34;108;399
44;18;9;27;117;426
44;19;9;32;126;458
44;20;6;22;132;480
44;21;5;19;137;499
44;22;6;24;143;523
44;23;5;22;148;545
44;24;6;25;154;570
44;25;5;17;159;587
44;26;3;13;162;600
44;27;4;18;166;618
44;28;5;22;171;640
44;29;8;33;179;673
44;30;8;26;187;699
44;31;7;25;194;724
44;32;6;26;200;750
44;33;7;27;207;777
44;34;3;14;210;791
44;35;8;29;218;820
44;36;5;24;223;844
44;37;12;46;235;890
44;38;8;32;243;922
44;39;8;35;251;957
44;40;5;19;256;976
44;41;10;29;266;1005
44;42;8;24;274;1029
44;43;3;11;277;1040
44;44;2;8;279;1048
44;45;4;13;283;1061
44;46;2;7;285;1068
44;47;5;21;290;1089
44;48;7;23;297;1112
44;49;5;16;302;1128
44;50;6;20;308;1148
44;51;5;15;313;1163
44;52;3;9;316;1172
44;53;5;25;321;1197
44;54;5;18;326;1215
44;55;5;20;331;1235
44;56;10;41;341;1276
44;57;8;22;349;1298
44;58;5;27;354;1325
44;59;3;16;357;1341
45;1;5;18;5;18
45;2;6;22;11;40
45;3;7;26;18;66
45;4;9;31;27;97
45;5;20;76;47;173
45;6;12;46;59;219
45;7;4;12;63;231
45;8;14;51;77;282
45;9;11;43;88;325
45;10;19;65;107;390
45;11;11;40;118;430
45;12;15;56;133;486
45;13;18;52;151;538
45;14;14;53;165;591
45;15;11;43;176;634
45;16;14;64;190;698
45;17;24;87;214;785
45;18;13;49;227;834
45;19;15;54;242;888
45;20;7;32;249;920
45;21;17;76;266;996
45;22;14;50;280;1046
45;23;24;89;304;1135
45;24;22;70;326;1205
45;25;16;65;342;1270
45;26;18;57;360;1327
45;27;11;44;371;1371
45;28;14;51;385;1422
45;29;11;45;396;1467
45;30;14;55;410;1522
45;31;12;53;422;1575
45;32;22;69;444;1644
45;33;11;41;455;1685
45;34;14;55;469;1740
45;35;17;66;486;1806
45;36;9;31;495;1837
45;37;9;32;504;1869
46;1;5;18;5;18
46;2;6;22;11;40
46;3;16;65;27;105
46;4;30;97;57;202
46;5;18;58;75;260
46;6;9;43;84;303
46;7;14;55;98;358
46;8;25;83;123;441
46;9;24;66;147;507
46;10;25;84;172;591
46;11;19;70;191;661
46;12;16;71;207;732
46;13;13;46;220;778
46;14;9;40;229;818
46;15;47;173;276;991
46;16;18;73;294;1064
46;17;29;99;323;1163
46;18;17;59;340;1222
46;19;9;40;349;1262
46;20;27;111;376;1373
46;21;26;84;402;1457
46;22;12;53;414;1510
46;23;13;53;427;1563
46;24;18;71;445;1634
46;25;15;54;460;1688
46;26;32;132;492;1820
46;27;10;44;502;1864
46;28;18;69;520;1933
46;29;18;75;538;2008
46;30;19;69;557;2077
46;31;14;54;571;2131
46;32;18;56;589;2187
46;33;23;71;612;2258
46;34;18;72;630;2330
46;35;27;98;657;2428
47;1;12;47;12;47
47;2;18;78;30;125
47;3;20;72;50;197
47;4;39;153;89;350
47;5;3;14;92;364
47;6;4;18;96;382
47;7;9;40;105;422
47;8;6;28;111;450
47;9;9;34;120;484
47;10;17;64;137;548
47;11;12;40;149;588
47;12;22;96;171;684
47;13;14;48;185;732
47;14;13;45;198;777
47;15;45;158;243;935
47;16;24;98;267;1033
47;17;6;30;273;1063
47;18;15;62;288;1125
47;19;14;67;302;1192
47;20;27;103;329;1295
47;21;12;45;341;1340
47;22;10;41;351;1381
47;23;7;35;358;1416
47;24;7;32;365;1448
47;25;16;56;381;1504
47;26;16;58;397;1562
47;27;7;38;404;1600
47;28;12;45;416;1645
47;29;11;35;427;1680
47;30;12;60;439;1740
47;31;8;47;447;1787
47;32;21;75;468;1862
47;33;11;48;479;1910
47;34;15;49;494;1959
47;35;12;54;506;2013
47;36;14;58;520;2071
47;37;6;32;526;2103
47;38;29;117;555;2220
48;1;9;34;9;34
48;2;16;53;25;87
48;3;4;16;29;103
48;4;20;78;49;181
48;5;20;81;69;262
48;6;21;100;90;362
48;7;9;34;99;396
48;8;5;26;104;422
48;9;8;47;112;469
48;10;25;88;137;557
48;11;38;138;175;695
48;12;21;78;196;773
48;13;9;39;205;812
48;14;15;52;220;864
48;15;32;130;252;994
48;16;28;113;280;1107
48;17;27;97;307;1204
48;18;20;74;327;1278
48;19;7;32;334;1310
48;20;19;80;353;1390
48;21;14;47;367;1437
48;22;12;46;379;1483
48;23;12;36;391;1519
48;24;19;68;410;1587
48;25;40;162;450;1749
48;26;28;114;478;1863
48;27;29;110;507;1973
48;28;14;50;521;2023
48;29;56;223;577;2246
49;1;19;68;19;68
49;2;23;91;42;159
49;3;18;68;60;227
49;4;10;35;70;262
49;5;12;44;82;306
49;6;17;73;99;379
49;7;29;108;128;487
49;8;7;24;135;511
49;9;30;128;165;639
49;10;10;48;175;687
49;11;39;144;214;831
49;12;31;113;245;944
49;13;20;86;265;1030
49;14;28;107;293;1137
49;15;19;83;312;1220
49;16;17;53;329;1273
49;17;19;68;348;1341
49;18;11;37;359;1378
50;1;7;28;7;28
50;2;11;42;18;70
50;3;8;26;26;96
50;4;9;34;35;130
50;5;9;29;44;159
50;6;12;48;56;207
50;7;12;44;68;251
50;8;5;19;73;270
50;9;10;42;83;312
50;10;5;20;88;332
50;11;9;33;97;365
50;12;7;29;104;394
50;13;5;18;109;412
50;14;9;32;118;444
50;15;10;30;128;474
50;16;14;53;142;527
50;17;8;29;150;556
50;18;8;22;158;578
50;19;10;31;168;609
50;20;7;18;175;627
50;21;6;22;181;649
50;22;12;42;193;691
50;23;6;19;199;710
50;24;6;18;205;728
50;25;4;15;209;743
50;26;10;35;219;778
50;27;11;34;230;812
50;28;8;30;238;842
50;29;8;27;246;869
50;30;9;30;255;899
50;31;5;21;260;920
50;32;6;22;266;942
50;33;7;25;273;967
50;34;6;21;279;988
50;35;6;21;285;1009
50;36;15;51;300;1060
50;37;14;38;314;1098
50;38;14;48;328;1146
50;39;12;45;340;1191
50;40;5;21;345;1212
50;41;7;24;352;1236
50;42;8;25;360;1261
50;43;6;21;366;1282
50;44;10;31;376;1313
50;45;13;49;389;1362
51;1;7;26;7;26
51;2;2;12;9;38
51;3;2;10;11;48
51;4;2;12;13;60
51;5;3;15;16;75
51;6;4;10;20;85
51;7;3;13;23;98
51;8;4;14;27;112
51;9;4;11;31;123
51;10;3;9;34;132
51;11;5;15;39;147
51;12;4;13;43;160
51;13;5;16;48;176
51;14;7;31;55;207
51;15;5;16;60;223
51;16;10;37;70;260
51;17;6;20;76;280
51;18;3;17;79;297
51;19;6;23;85;320
51;20;4;17;89;337
51;21;4;18;93;355
51;22;5;21;98;376
51;23;9;35;107;411
51;24;7;22;114;433
51;25;9;37;123;470
51;26;6;22;129;492
51;27;5;21;134;513
51;28;9;36;143;549
51;29;9;36;152;585
51;30;9;28;161;613
51;31;6;21;167;634
51;32;6;25;173;659
51;33;5;18;178;677
51;34;4;18;182;695
51;35;6;23;188;718
51;36;7;23;195;741
51;37;7;30;202;771
51;38;8;32;210;803
51;39;6;25;216;828
51;40;7;30;223;858
51;41;7;24;230;882
51;42;9;28;239;910
51;43;8;24;247;934
51;44;8;35;255;969
51;45;7;29;262;998
51;46;8;30;270;1028
51;47;5;26;275;1054
51;48;4;23;279;1077
51;49;7;27;286;1104
51;50;8;25;294;1129
51;51;11;37;305;1166
51;52;14;44;319;1210
51;53;6;21;325;1231
51;54;5;19;330;1250
51;55;5;22;335;1272
51;56;6;24;341;1296
51;57;9;27;350;1323
51;58;7;22;357;1345
51;59;9;41;366;1386
51;60;7;25;373;1411
52;1;5;21;5;21
52;2;2;10;7;31
52;3;3;8;10;39
52;4;2;10;12;49
52;5;2;11;14;60
52;6;2;11;16;71
52;7;5;13;21;84
52;8;4;10;25;94
52;9;4;15;29;109
52;10;3;12;32;121
52;11;3;14;35;135
52;12;5;14;40;149
52;13;6;19;46;168
52;14;6;23;52;191
52;15;6;23;58;214
52;16;12;50;70;264
52;17;5;16;75;280
52;18;8;36;83;316
52;19;6;27;89;343
52;20;7;31;96;374
52;21;19;76;115;450
52;22;5;27;120;477
52;23;8;29;128;506
52;24;8;30;136;536
52;25;5;23;141;559
52;26;7;25;148;584
52;27;6;25;154;609
52;28;9;28;163;637
52;29;8;31;171;668
52;30;7;25;178;693
52;31;6;24;184;717
52;32;8;32;192;749
52;33;6;21;198;770
52;34;6;26;204;796
52;35;8;24;212;820
52;36;8;27;220;847
52;37;7;26;227;873
52;38;9;36;236;909
52;39;5;18;241;927
52;40;7;27;248;954
52;41;5;18;253;972
52;42;7;26;260;998
52;43;9;30;269;1028
52;44;9;36;278;1064
52;45;7;26;285;1090
52;46;9;27;294;1117
52;47;11;41;305;1158
52;48;10;38;315;1196
52;49;5;21;320;1217
53;1;7;27;7;27
53;2;5;16;12;43
53;3;4;12;16;55
53;4;5;12;21;67
53;5;3;11;24;78
53;6;3;10;27;88
53;7;3;13;30;101
53;8;3;10;33;111
53;9;5;17;38;128
53;10;5;18;43;146
53;11;5;15;48;161
53;12;4;16;52;177
53;13;4;16;56;193
53;14;3;13;59;206
53;15;3;13;62;219
53;16;5;15;67;234
53;17;5;15;72;249
53;18;6;20;78;269
53;19;3;15;81;284
53;20;3;16;84;300
53;21;4;16;88;316
53;22;4;13;92;329
53;23;25;93;117;422
53;24;4;15;121;437
53;25;3;16;124;453
53;26;20;56;144;509
53;27;9;40;153;549
53;28;16;44;169;593
53;29;11;36;180;629
53;30;17;51;197;680
53;31;17;59;214;739
53;32;33;117;247;856
53;33;3;11;250;867
53;34;3;14;253;881
53;35;5;16;258;897
53;36;7;18;265;915
53;37;4;11;269;926
53;38;5;18;274;944
53;39;6;20;280;964
53;40;4;11;284;975
53;41;4;16;288;991
53;42;4;15;292;1006
53;43;4;15;296;1021
53;44;4;14;300;1035
53;45;5;22;305;1057
53;46;4;13;309;1070
53;47;4;16;313;1086
53;48;4;15;317;1101
53;49;4;13;321;1114
53;50;4;17;325;1131
53;51;3;13;328;1144
53;52;9;32;337;1176
53;53;2;12;339;1188
53;54;3;11;342;1199
53;55;4;17;346;1216
53;56;5;18;351;1234
53;57;2;10;353;1244
53;58;6;18;359;1262
53;59;4;18;363;1280
53;60;3;15;366;1295
53;61;2;11;368;1306
53;62;4;15;372;1321
54;1;8;34;8;34
54;2;7;28;15;62
54;3;6;30;21;92
54;4;7;26;28;118
54;5;5;19;33;137
54;6;8;24;41;161
54;7;8;38;49;199
54;8;8;31;57;230
54;9;10;42;67;272
54;10;5;19;72;291
54;11;6;24;78;315
54;12;9;34;87;349
54;13;6;21;93;370
54;14;6;22;99;392
54;15;6;23;105;415
54;16;4;14;109;429
54;17;7;28;116;457
54;18;6;21;122;478
54;19;9;32;131;510
54;20;6;26;137;536
54;21;4;14;141;550
54;22;7;28;148;578
54;23;3;13;151;591
54;24;11;39;162;630
54;25;9;28;171;658
54;26;5;20;176;678
54;27;7;33;183;711
54;28;8;30;191;741
54;29;4;22;195;763
54;30;4;14;199;777
54;31;9;36;208;813
54;32;7;28;215;841
54;33;4;15;219;856
54;34;9;37;228;893
54;35;8;23;236;916
54;36;5;28;241;944
54;37;10;39;251;983
54;38;5;22;256;1005
54;39;3;14;259;1019
54;40;7;28;266;1047
54;41;5;19;271;1066
54;42;7;35;278;1101
54;43;9;33;287;1134
54;44;5;18;292;1152
54;45;4;17;296;1169
54;46;6;27;302;1196
54;47;5;17;307;1213
54;48;9;31;316;1244
54;49;5;17;321;1261
54;50;7;24;328;1285
54;51;6;25;334;1310
54;52;5;15;339;1325
54;53;4;15;343;1340
54;54;5;16;348;1356
54;55;6;19;354;1375
55;1;5;22;5;22
55;2;2;9;7;31
55;3;2;9;9;40
55;4;2;8;11;48
55;5;3;15;14;63
55;6;3;15;17;78
55;7;4;20;21;98
55;8;4;14;25;112
55;9;6;29;31;141
55;10;3;16;34;157
55;11;5;22;39;179
55;12;4;16;43;195
55;13;4;19;47;214
55;14;5;22;52;236
55;15;6;19;58;255
55;16;4;19;62;274
55;17;4;17;66;291
55;18;4;19;70;310
55;19;3;13;73;323
55;20;4;15;77;338
55;21;4;19;81;357
55;22;4;20;85;377
55;23;4;19;89;396
55;24;6;27;95;423
55;25;4;19;99;442
55;26;4;11;103;453
55;27;6;24;109;477
55;28;4;19;113;496
55;29;11;28;124;524
55;30;4;19;128;543
55;31;4;16;132;559
55;32;4;19;136;578
55;33;17;70;153;648
55;34;4;19;157;667
55;35;8;32;165;699
55;36;4;19;169;718
55;37;6;28;175;746
55;38;4;19;179;765
55;39;8;25;187;790
55;40;4;19;191;809
55;41;7;32;198;841
55;42;4;19;202;860
55;43;6;23;208;883
55;44;5;18;213;901
55;45;4;19;217;920
55;46;5;19;222;939
55;47;4;19;226;958
55;48;2;10;228;968
55;49;4;19;232;987
55;50;3;13;235;1000
55;51;4;19;239;1019
55;52;5;18;244;1037
55;53;4;19;248;1056
55;54;9;38;257;1094
55;55;4;19;261;1113
55;56;10;33;271;1146
55;57;4;19;275;1165
55;58;3;17;278;1182
55;59;4;19;282;1201
55;60;5;21;287;1222
55;61;4;19;291;1241
55;62;3;14;294;1255
55;63;4;19;298;1274
55;64;1;8;299;1282
55;65;4;19;303;1301
55;66;3;15;306;1316
55;67;4;19;310;1335
55;68;4;18;314;1353
55;69;4;19;318;1372
55;70;4;10;322;1382
55;71;4;19;326;1401
55;72;5;14;331;1415
55;73;4;19;335;1434
55;74;6;21;341;1455
55;75;4;19;345;1474
55;76;6;24;351;1498
55;77;4;19;355;1517
55;78;6;23;361;1540
56;1;7;29;7;29
56;2;3;14;10;43
56;3;2;10;12;53
56;4;4;13;16;66
56;5;3;12;19;78
56;6;3;14;22;92
56;7;4;15;26;107
56;8;5;23;31;130
56;9;5;25;36;155
56;10;2;15;38;170
56;11;2;13;40;183
56;12;3;9;43;192
56;13;3;10;46;202
56;14;3;12;49;214
56;15;3;12;52;226
56;16;3;16;55;242
56;17;5;17;60;259
56;18;5;21;65;280
56;19;5;19;70;299
56;20;3;14;73;313
56;21;4;14;77;327
56;22;2;6;79;333
56;23;3;17;82;350
56;24;4;17;86;367
56;25;6;22;92;389
56;26;4;16;96;405
56;27;5;19;101;424
56;28;3;9;104;433
56;29;2;9;106;442
56;30;2;8;108;450
56;31;2;9;110;459
56;32;2;10;112;469
56;33;4;17;116;486
56;34;2;10;118;496
56;35;3;16;121;512
56;36;2;14;123;526
56;37;2;10;125;536
56;38;2;9;127;545
56;39;3;10;130;555
56;40;3;12;133;567
56;41;5;23;138;590
56;42;3;9;141;599
56;43;3;9;144;608
56;44;4;12;148;620
56;45;6;20;154;640
56;46;5;21;159;661
56;47;9;46;168;707
56;48;2;15;170;722
56;49;4;16;174;738
56;50;5;22;179;760
56;51;5;22;184;782
56;52;5;18;189;800
56;53;3;16;192;816
56;54;4;16;196;832
56;55;3;13;199;845
56;56;4;14;203;859
56;57;4;21;207;880
56;58;3;13;210;893
56;59;5;24;215;917
56;60;7;29;222;946
56;61;9;34;231;980
56;62;6;30;237;1010
56;63;3;14;240;1024
56;64;6;23;246;1047
56;65;6;29;252;1076
56;66;2;10;254;1086
56;67;3;12;257;1098
56;68;4;18;261;1116
56;69;7;31;268;1147
56;70;6;28;274;1175
56;71;4;17;278;1192
56;72;6;29;284;1221
56;73;5;27;289;1248
56;74;4;14;293;1262
56;75;6;17;299;1279
56;76;5;19;304;1298
56;77;3;12;307;1310
56;78;3;10;310;1320
56;79;4;15;314;1335
56;80;4;14;318;1349
56;81;4;21;322;1370
56;82;4;22;326;1392
56;83;4;18;330;1410
56;84;3;15;333;1425
56;85;7;28;340;1453
56;86;5;17;345;1470
56;87;4;19;349;1489
56;88;5;17;354;1506
56;89;4;16;358;1522
56;90;6;19;364;1541
56;91;5;17;369;1558
56;92;6;22;375;1580
56;93;3;9;378;1589
56;94;2;8;380;1597
56;95;5;14;385;1611
56;96;4;14;389;1625
57;1;14;47;14;47
57;2;12;33;26;80
57;3;9;35;35;115
57;4;37;113;72;228
57;5;9;32;81;260
57;6;12;38;93;298
57;7;15;70;108;368
57;8;15;64;123;432
57;9;17;60;140;492
57;10;39;137;179;629
57;11;12;37;191;666
57;12;23;91;214;757
57;13;27;120;241;877
57;14;20;93;261;970
57;15;15;54;276;1024
57;16;29;108;305;1132
57;17;13;47;318;1179
57;18;12;51;330;1230
57;19;20;98;350;1328
57;20;41;155;391;1483
57;21;26;97;417;1580
57;22;22;61;439;1641
57;23;15;56;454;1697
57;24;12;44;466;1741
57;25;28;118;494;1859
57;26;15;67;509;1926
57;27;40;172;549;2098
57;28;21;84;570;2182
57;29;22;70;592;2252
58;1;22;78;22;78
58;2;23;94;45;172
58;3;22;82;67;254
58;4;27;103;94;357
58;5;18;72;112;429
58;6;15;55;127;484
58;7;49;147;176;631
58;8;39;146;215;777
58;9;20;89;235;866
58;10;17;71;252;937
58;11;30;119;282;1056
58;12;23;81;305;1137
58;13;24;104;329;1241
58;14;20;66;349;1307
58;15;10;37;359;1344
58;16;10;38;369;1382
58;17;16;59;385;1441
58;18;17;64;402;1505
58;19;15;63;417;1568
58;20;8;31;425;1599
58;21;9;29;434;1628
58;22;52;202;486;1830
59;1;16;50;16;50
59;2;40;159;56;209
59;3;14;52;70;261
59;4;13;45;83;306
59;5;13;54;96;360
59;6;25;82;121;442
59;7;37;144;158;586
59;8;20;87;178;673
59;9;31;122;209;795
59;10;24;94;233;889
59;11;30;118;263;1007
59;12;16;68;279;1075
59;13;13;42;292;1117
59;14;24;87;316;1204
59;15;11;43;327;1247
59;16;17;59;344;1306
59;17;12;44;356;1350
59;18;17;63;373;1413
59;19;10;48;383;1461
59;20;10;42;393;1503
59;21;18;80;411;1583
59;22;13;44;424;1627
59;23;19;73;443;1700
59;24;18;63;461;1763
60;1;52;213;52;213
60;2;13;61;65;274
60;3;13;55;78;329
60;4;57;200;135;529
60;5;13;50;148;579
60;6;19;63;167;642
60;7;16;52;183;694
60;8;21;76;204;770
60;9;21;92;225;862
60;10;57;239;282;1101
60;11;23;85;305;1186
60;12;38;144;343;1330
60;13;19;71;362;1401
61;1;16;50;16;50
61;2;8;31;24;81
61;3;9;31;33;112
61;4;11;38;44;150
61;5;23;89;67;239
61;6;32;109;99;348
61;7;16;57;115;405
61;8;12;47;127;452
61;9;14;51;141;503
61;10;11;42;152;545
61;11;17;66;169;611
61;12;18;66;187;677
61;13;9;37;196;714
61;14;36;146;232;860
62;1;17;56;17;56
62;2;21;79;38;135
62;3;8;32;46;167
62;4;11;31;57;198
62;5;23;89;80;287
62;6;17;63;97;350
62;7;9;38;106;388
62;8;18;71;124;459
62;9;22;77;146;536
62;10;15;62;161;598
62;11;22;77;183;675
63;1;21;90;21;90
63;2;12;46;33;136
63;3;12;44;45;180
63;4;23;95;68;275
63;5;14;61;82;336
63;6;18;61;100;397
63;7;21;80;121;477
63;8;17;80;138;557
63;9;19;69;157;626
63;10;21;77;178;703
63;11;11;40;189;743
64;1;22;65;22;65
64;2;11;43;33;108
64;3;10;42;43;150
64;4;15;53;58;203
64;5;13;50;71;253
64;6;17;73;88;326
64;7;19;62;107;388
64;8;10;46;117;434
64;9;29;103;146;537
64;10;11;53;157;590
64;11;16;50;173;640
64;12;11;51;184;691
64;13;9;34;193;725
64;14;19;80;212;805
64;15;9;36;221;841
64;16;16;72;237;913
64;17;12;45;249;958
64;18;5;22;254;980
65;1;46;170;46;170
65;2;31;121;77;291
65;3;21;65;98;356
65;4;28;101;126;457
65;5;15;47;141;504
65;6;32;141;173;645
65;7;25;83;198;728
65;8;14;61;212;789
65;9;7;32;219;821
65;10;16;62;235;883
65;11;34;136;269;1019
65;12;26;83;295;1102
66;1;19;64;19;64
66;2;11;42;30;106
66;3;30;104;60;210
66;4;22;84;82;294
66;5;19;77;101;371
66;6;22;96;123;467
66;7;11;45;134;512
66;8;45;169;179;681
66;9;11;51;190;732
66;10;28;105;218;837
66;11;24;85;242;922
66;12;18;71;260;993
67;1;13;43;13;43
67;2;11;43;24;86
67;3;19;59;43;145
67;4;10;35;53;180
67;5;12;59;65;239
67;6;7;31;72;270
67;7;8;29;80;299
67;8;13;46;93;345
67;9;18;58;111;403
67;10;11;36;122;439
67;11;5;28;127;467
67;12;9;32;136;499
67;13;9;35;145;534
67;14;7;22;152;556
67;15;14;52;166;608
67;16;11;35;177;643
67;17;12;42;189;685
67;18;8;26;197;711
67;19;15;55;212;766
67;20;15;50;227;816
67;21;12;39;239;855
67;22;13;40;252;895
67;23;12;49;264;944
67;24;8;26;272;970
67;25;7;28;279;998
67;26;9;30;288;1028
67;27;13;47;301;1075
67;28;15;49;316;1124
67;29;13;47;329;1171
67;30;10;36;339;1207
68;1;8;30;8;30
68;2;5;19;13;49
68;3;5;17;18;66
68;4;4;14;22;80
68;5;2;12;24;92
68;6;2;10;26;102
68;7;11;36;37;138
68;8;3;12;40;150
68;9;4;16;44;166
68;10;5;15;49;181
68;11;3;12;52;193
68;12;4;15;56;208
68;13;5;12;61;220
68;14;5;14;66;234
68;15;7;29;73;263
68;16;3;14;76;277
68;17;10;47;86;324
68;18;2;9;88;333
68;19;7;26;95;359
68;20;2;11;97;370
68;21;2;12;99;382
68;22;7;25;106;407
68;23;3;17;109;424
68;24;6;21;115;445
68;25;4;16;119;461
68;26;5;23;124;484
68;27;3;12;127;496
68;28;7;28;134;524
68;29;6;25;140;549
68;30;5;23;145;572
68;31;5;20;150;592
68;32;11;36;161;628
68;33;9;37;170;665
68;34;6;23;176;688
68;35;3;19;179;707
68;36;4;13;183;720
68;37;5;17;188;737
68;38;5;15;193;752
68;39;12;42;205;794
68;40;5;14;210;808
68;41;8;36;218;844
68;42;9;32;227;876
68;43;11;50;238;926
68;44;10;39;248;965
68;45;5;14;253;979
68;46;7;27;260;1006
68;47;5;18;265;1024
68;48;11;40;276;1064
68;49;11;38;287;1102
68;50;5;22;292;1124
68;51;12;56;304;1180
68;52;5;18;309;1198
69;1;5;21;5;21
69;2;2;7;7;28
69;3;4;15;11;43
69;4;4;19;15;62
69;5;4;21;19;83
69;6;6;25;25;108
69;7;15;61;40;169
69;8;5;15;45;184
69;9;6;32;51;216
69;10;6;27;57;243
69;11;7;26;64;269
69;12;7;26;71;295
69;13;7;20;78;315
69;14;7;27;85;342
69;15;3;15;88;357
69;16;5;20;93;377
69;17;9;39;102;416
69;18;6;24;108;440
69;19;9;36;117;476
69;20;5;17;122;493
69;21;4;11;126;504
69;22;3;8;129;512
69;23;2;10;131;522
69;24;8;33;139;555
69;25;10;38;149;593
69;26;4;13;153;606
69;27;3;14;156;620
69;28;4;12;160;632
69;29;3;11;163;643
69;30;2;9;165;652
69;31;3;10;168;662
69;32;7;29;175;691
69;33;6;19;181;710
69;34;5;17;186;727
69;35;5;16;191;743
69;36;5;16;196;759
69;37;4;16;200;775
69;38;4;16;204;791
69;39;3;11;207;802
69;40;4;14;211;816
69;41;7;25;218;841
69;42;6;23;224;864
69;43;4;14;228;878
69;44;5;20;233;898
69;45;3;13;236;911
69;46;4;15;240;926
69;47;6;20;246;946
69;48;3;16;249;962
69;49;5;20;254;982
69;50;4;18;258;1000
69;51;3;10;261;1010
69;52;4;14;265;1024
70;1;8;32;8;32
70;2;4;15;12;47
70;3;4;12;16;59
70;4;11;41;27;100
70;5;3;12;30;112
70;6;3;12;33;124
70;7;2;9;35;133
70;8;4;16;39;149
70;9;3;15;42;164
70;10;4;13;46;177
70;11;9;33;55;210
70;12;2;11;57;221
70;13;3;12;60;233
70;14;6;17;66;250
70;15;3;10;69;260
70;16;2;10;71;270
70;17;4;16;75;286
70;18;2;9;77;295
70;19;5;16;82;311
70;20;4;14;86;325
70;21;4;15;90;340
70;22;2;8;92;348
70;23;5;20;97;368
70;24;6;18;103;386
70;25;2;13;105;399
70;26;4;15;109;414
70;27;6;22;115;436
70;28;5;17;120;453
70;29;4;19;124;472
70;30;11;38;135;510
70;31;8;29;143;539
70;32;6;25;149;564
70;33;5;20;154;584
70;34;5;21;159;605
70;35;4;17;163;622
70;36;5;21;168;643
70;37;5;16;173;659
70;38;8;24;181;683
70;39;5;21;186;704
70;40;7;33;193;737
70;41;8;29;201;766
70;42;8;35;209;801
70;43;9;36;218;837
70;44;10;39;228;876
71;1;18;64;18;64
71;2;6;18;24;82
71;3;5;21;29;103
71;4;18;61;47;164
71;5;7;23;54;187
71;6;5;19;59;206
71;7;14;74;73;280
71;8;4;15;77;295
71;9;7;27;84;322
71;10;6;26;90;348
71;11;4;18;94;366
71;12;10;39;104;405
71;13;6;20;110;425
71;14;3;14;113;439
71;15;9;28;122;467
71;16;7;28;129;495
71;17;5;21;134;516
71;18;5;21;139;537
71;19;5;19;144;556
71;20;4;20;148;576
71;21;13;46;161;622
71;22;3;15;164;637
71;23;13;52;177;689
71;24;8;32;185;721
71;25;12;51;197;772
71;26;10;33;207;805
71;27;10;39;217;844
71;28;16;61;233;905
72;1;17;62;17;62
72;2;9;33;26;95
72;3;9;32;35;127
72;4;7;25;42;152
72;5;10;34;52;186
72;6;11;43;63;229
72;7;9;31;72;260
72;8;8;39;80;299
72;9;13;49;93;348
72;10;13;40;106;388
72;11;10;36;116;424
72;12;11;36;127;460
72;13;14;50;141;510
72;14;10;48;151;558
72;15;5;26;156;584
72;16;7;34;163;618
72;17;10;36;173;654
72;18;8;29;181;683
72;19;10;37;191;720
72;20;8;26;199;746
72;21;8;23;207;769
72;22;12;35;219;804
72;23;16;59;235;863
72;24;11;43;246;906
72;25;11;32;257;938
72;26;7;23;264;961
72;27;13;39;277;1000
72;28;13;49;290;1049
73;1;6;25;6;25
73;2;4;11;10;36
73;3;5;16;15;52
73;4;6;22;21;74
73;5;5;18;26;92
73;6;8;25;34;117
73;7;6;18;40;135
73;8;6;22;46;157
73;9;9;33;55;190
73;10;7;28;62;218
73;11;6;29;68;247
73;12;4;17;72;264
73;13;5;21;77;285
73;14;8;34;85;319
73;15;11;49;96;368
73;16;6;29;102;397
73;17;9;29;111;426
73;18;6;25;117;451
73;19;9;30;126;481
73;20;79;293;205;774
74;1;6;25;6;25
74;2;2;7;8;32
74;3;2;8;10;40
74;4;2;9;12;49
74;5;2;9;14;58
74;6;3;13;17;71
74;7;2;9;19;80
74;8;4;14;23;94
74;9;5;13;28;107
74;10;4;13;32;120
74;11;4;14;36;134
74;12;4;17;40;151
74;13;2;9;42;160
74;14;3;12;45;172
74;15;4;10;49;182
74;16;5;20;54;202
74;17;2;11;56;213
74;18;3;10;59;223
74;19;3;9;62;232
74;20;4;10;66;242
74;21;2;5;68;247
74;22;3;9;71;256
74;23;3;12;74;268
74;24;6;19;80;287
74;25;5;16;85;303
74;26;2;8;87;311
74;27;4;13;91;324
74;28;4;11;95;335
74;29;2;10;97;345
74;30;3;11;100;356
74;31;58;222;158;578
74;32;2;8;160;586
74;33;3;9;163;595
74;34;3;12;166;607
74;35;3;13;169;620
74;36;2;9;171;629
74;37;7;22;178;651
74;38;5;16;183;667
74;39;3;11;186;678
74;40;3;12;189;690
74;41;2;8;191;698
74;42;4;11;195;709
74;43;5;16;200;725
74;44;4;14;204;739
74;45;4;16;208;755
74;46;4;14;212;769
74;47;3;11;215;780
74;48;4;20;219;800
74;49;5;19;224;819
74;50;3;15;227;834
74;51;3;10;230;844
74;52;9;27;239;871
74;53;5;18;244;889
74;54;3;11;247;900
74;55;3;10;250;910
74;56;11;39;261;949
75;1;8;30;8;30
75;2;4;18;12;48
75;3;5;22;17;70
75;4;6;21;23;91
75;5;5;19;28;110
75;6;4;13;32;123
75;7;3;11;35;134
75;8;2;8;37;142
75;9;3;13;40;155
75;10;5;19;45;174
75;11;3;8;48;182
75;12;4;16;52;198
75;13;6;24;58;222
75;14;5;19;63;241
75;15;3;13;66;254
75;16;6;20;72;274
75;17;4;17;76;291
75;18;4;20;80;311
75;19;4;12;84;323
75;20;4;16;88;339
75;21;2;12;90;351
75;22;3;13;93;364
75;23;3;12;96;376
75;24;3;14;99;390
75;25;5;16;104;406
75;26;4;15;108;421
75;27;3;8;111;429
75;28;3;11;114;440
75;29;3;14;117;454
75;30;4;15;121;469
75;31;4;12;125;481
75;32;3;13;128;494
75;33;5;16;133;510
75;34;3;11;136;521
75;35;4;13;140;534
75;36;5;18;145;552
75;37;6;15;151;567
75;38;5;17;156;584
75;39;5;22;161;606
75;40;8;23;169;629
76;1;15;51;15;51
76;2;10;45;25;96
76;3;7;29;32;125
76;4;6;34;38;159
76;5;8;33;46;192
76;6;7;28;53;220
76;7;7;30;60;250
76;8;7;31;67;281
76;9;10;38;77;319
76;10;7;27;84;346
76;11;9;33;93;379
76;12;5;22;98;401
76;13;10;38;108;439
76;14;6;31;114;470
76;15;8;34;122;504
76;16;5;22;127;526
76;17;6;27;133;553
76;18;4;16;137;569
76;19;11;43;148;612
76;20;7;25;155;637
76;21;13;57;168;694
76;22;8;30;176;724
76;23;6;25;182;749
76;24;9;33;191;782
76;25;5;18;196;800
76;26;7;23;203;823
76;27;8;36;211;859
76;28;9;46;220;905
76;29;9;30;229;935
76;30;11;36;240;971
76;31;10;36;250;1007
77;1;6;28;6;28
77;2;2;12;8;40
77;3;3;11;11;51
77;4;2;12;13;63
77;5;2;11;15;74
77;6;3;10;18;84
77;7;4;14;22;98
77;8;3;13;25;111
77;9;3;13;28;124
77;10;3;13;31;137
77;11;3;12;34;149
77;12;3;8;37;157
77;13;2;7;39;164
77;14;5;16;44;180
77;15;3;13;47;193
77;16;3;12;50;205
77;17;3;14;53;219
77;18;4;15;57;234
77;19;3;13;60;247
77;20;5;17;65;264
77;21;4;15;69;279
77;22;3;11;72;290
77;23;3;17;75;307
77;24;3;13;78;320
77;25;4;16;82;336
77;26;3;10;85;346
77;27;8;34;93;380
77;28;3;13;96;393
77;29;6;23;102;416
77;30;6;19;108;435
77;31;6;16;114;451
77;32;4;16;118;467
77;33;3;12;121;479
77;34;3;13;124;492
77;35;4;13;128;505
77;36;4;16;132;521
77;37;3;13;135;534
77;38;5;23;140;557
77;39;5;16;145;573
77;40;3;13;148;586
77;41;5;16;153;602
77;42;4;13;157;615
77;43;6;27;163;642
77;44;5;16;168;658
77;45;3;13;171;671
77;46;5;25;176;696
77;47;3;13;179;709
77;48;6;21;185;730
77;49;3;13;188;743
77;50;4;15;192;758
78;1;6;25;6;25
78;2;3;10;9;35
78;3;4;13;13;48
78;4;2;9;15;57
78;5;3;11;18;68
78;6;4;16;22;84
78;7;2;12;24;96
78;8;3;13;27;109
78;9;3;16;30;125
78;10;3;13;33;138
78;11;3;16;36;154
78;12;4;19;40;173
78;13;3;16;43;189
78;14;6;23;49;212
78;15;4;16;53;228
78;16;2;11;55;239
78;17;5;16;60;255
78;18;6;22;66;277
78;19;5;20;71;297
78;20;4;19;75;316
78;21;4;16;79;332
78;22;2;11;81;343
78;23;3;14;84;357
78;24;6;22;90;379
78;25;3;13;93;392
78;26;2;9;95;401
78;27;5;20;100;421
78;28;3;18;103;439
78;29;4;16;107;455
78;30;5;22;112;477
78;31;3;13;115;490
78;32;2;12;117;502
78;33;2;12;119;514
78;34;2;10;121;524
78;35;7;21;128;545
78;36;5;18;133;563
78;37;11;42;144;605
78;38;14;53;158;658
78;39;10;29;168;687
78;40;16;58;184;745
79;1;6;28;6;28
79;2;2;12;8;40
79;3;2;12;10;52
79;4;2;12;12;64
79;5;3;11;15;75
79;6;3;12;18;87
79;7;2;12;20;99
79;8;3;13;23;112
79;9;2;12;25;124
79;10;5;24;30;148
79;11;4;16;34;164
79;12;5;19;39;183
79;13;5;14;44;197
79;14;3;13;47;210
79;15;4;13;51;223
79;16;6;23;57;246
79;17;5;17;62;263
79;18;6;16;68;279
79;19;4;16;72;295
79;20;3;14;75;309
79;21;2;8;77;317
79;22;3;9;80;326
79;23;2;9;82;335
79;24;4;16;86;351
79;25;5;24;91;375
79;26;7;17;98;392
79;27;6;24;104;416
79;28;3;14;107;430
79;29;4;19;111;449
79;30;5;16;116;465
79;31;4;20;120;485
79;32;2;12;122;497
79;33;3;17;125;514
79;34;4;18;129;532
79;35;5;17;134;549
79;36;4;14;138;563
79;37;3;9;141;572
79;38;3;13;144;585
79;39;4;13;148;598
79;40;9;30;157;628
79;41;4;13;161;641
79;42;5;22;166;663
79;43;4;13;170;676
79;44;3;13;173;689
79;45;5;18;178;707
79;46;9;32;187;739
80;1;6;24;6;24
80;2;3;11;9;35
80;3;4;13;13;48
80;4;4;16;17;64
80;5;3;10;20;74
80;6;3;10;23;84
80;7;4;12;27;96
80;8;4;13;31;109
80;9;2;6;33;115
80;10;3;11;36;126
80;11;3;12;39;138
80;12;3;10;42;148
80;13;3;9;45;157
80;14;2;11;47;168
80;15;2;7;49;175
80;16;2;8;51;183
80;17;4;16;55;199
80;18;4;9;59;208
80;19;4;15;63;223
80;20;3;9;66;232
80;21;3;13;69;245
80;22;4;13;73;258
80;23;5;14;78;272
80;24;4;19;82;291
80;25;4;15;86;306
80;26;4;14;90;320
80;27;3;13;93;333
80;28;2;10;95;343
80;29;2;11;97;354
80;30;2;10;99;364
80;31;2;10;101;374
80;32;3;17;104;391
80;33;3;13;107;404
80;34;5;13;112;417
80;35;2;8;114;425
80;36;2;11;116;436
80;37;6;20;122;456
80;38;3;13;125;469
80;39;2;12;127;481
80;40;4;17;131;498
80;41;2;10;133;508
80;42;4;18;137;526
81;1;7;27;7;27
81;2;3;14;10;41
81;3;3;12;13;53
81;4;3;13;16;66
81;5;3;13;19;79
81;6;3;13;22;92
81;7;3;13;25;105
81;8;3;14;28;119
81;9;3;9;31;128
81;10;3;12;34;140
81;11;3;13;37;153
81;12;3;12;40;165
81;13;3;13;43;178
81;14;4;14;47;192
81;15;3;12;50;204
81;16;2;9;52;213
81;17;3;10;55;223
81;18;3;12;58;235
81;19;4;14;62;249
81;20;6;15;68;264
81;21;3;9;71;273
81;22;3;15;74;288
81;23;4;17;78;305
81;24;5;15;83;320
81;25;5;16;88;336
81;26;2;9;90;345
81;27;5;17;95;362
81;28;5;16;100;378
81;29;8;28;108;406
82;1;7;29;7;29
82;2;3;15;10;44
82;3;3;13;13;57
82;4;3;14;16;71
82;5;5;18;21;89
82;6;6;23;27;112
82;7;4;16;31;128
82;8;6;15;37;143
82;9;4;15;41;158
82;10;3;13;44;171
82;11;2;10;46;181
82;12;3;13;49;194
82;13;4;13;53;207
82;14;4;13;57;220
82;15;3;11;60;231
82;16;4;15;64;246
82;17;5;15;69;261
82;18;6;16;75;277
82;19;9;30;84;307
83;1;6;25;6;25
83;2;6;25;12;50
83;3;5;23;17;73
83;4;5;22;22;95
83;5;2;6;24;101
83;6;5;18;29;119
83;7;6;19;35;138
83;8;4;13;39;151
83;9;2;9;41;160
83;10;3;13;44;173
83;11;4;14;48;187
83;12;7;20;55;207
83;13;7;29;62;236
83;14;8;29;70;265
83;15;6;25;76;290
83;16;4;16;80;306
83;17;7;23;87;329
83;18;6;20;93;349
83;19;4;14;97;363
83;20;2;9;99;372
83;21;2;11;101;383
83;22;4;13;105;396
83;23;3;14;108;410
83;24;5;19;113;429
83;25;4;14;117;443
83;26;7;29;124;472
83;27;3;12;127;484
83;28;4;16;131;500
83;29;8;32;139;532
83;30;4;18;143;550
83;31;6;28;149;578
83;32;6;28;155;606
83;33;4;18;159;624
83;34;6;25;165;649
83;35;3;14;168;663
83;36;6;22;174;685
84;1;7;28;7;28
84;2;3;14;10;42
84;3;3;11;13;53
84;4;4;15;17;68
84;5;3;14;20;82
84;6;8;33;28;115
84;7;5;18;33;133
84;8;4;16;37;149
84;9;4;18;41;167
84;10;6;22;47;189
84;11;3;13;50;202
84;12;2;8;52;210
84;13;5;17;57;227
84;14;5;12;62;239
84;15;6;17;68;256
84;16;3;12;71;268
84;17;3;9;74;277
84;18;3;11;77;288
84;19;4;15;81;303
84;20;4;13;85;316
84;21;7;24;92;340
84;22;4;15;96;355
84;23;4;15;100;370
84;24;3;14;103;384
84;25;9;38;112;422
85;1;7;30;7;30
85;2;2;10;9;40
85;3;2;11;11;51
85;4;3;14;14;65
85;5;3;12;17;77
85;6;4;12;21;89
85;7;6;24;27;113
85;8;9;34;36;147
85;9;11;32;47;179
85;10;14;57;61;236
85;11;15;58;76;294
85;12;4;12;80;306
85;13;4;11;84;317
85;14;3;13;87;330
85;15;3;10;90;340
85;16;3;9;93;349
85;17;4;14;97;363
85;18;2;10;99;373
85;19;5;15;104;388
85;20;4;15;108;403
85;21;4;12;112;415
85;22;3;9;115;424
86;1;6;28;6;28
86;2;4;15;10;43
86;3;2;9;12;52
86;4;6;18;18;70
86;5;4;16;22;86
86;6;4;12;26;98
86;7;5;18;31;116
86;8;4;15;35;131
86;9;3;12;38;143
86;10;6;17;44;160
86;11;3;13;47;173
86;12;3;12;50;185
86;13;3;10;53;195
86;14;3;10;56;205
86;15;3;11;59;216
86;16;2;7;61;223
86;17;4;20;65;243
87;1;8;29;8;29
87;2;3;9;11;38
87;3;3;10;14;48
87;4;3;12;17;60
87;5;3;13;20;73
87;6;3;13;23;86
87;7;9;27;32;113
87;8;2;10;34;123
87;9;4;15;38;138
87;10;3;9;41;147
87;11;2;12;43;159
87;12;4;14;47;173
87;13;6;15;53;188
87;14;4;12;57;200
87;15;4;13;61;213
87;16;4;16;65;229
87;17;3;14;68;243
87;18;5;17;73;260
87;19;4;13;77;273
88;1;8;30;8;30
88;2;3;13;11;43
88;3;2;10;13;53
88;4;3;12;16;65
88;5;4;12;20;77
88;6;6;17;26;94
88;7;6;15;32;109
88;8;3;13;35;122
88;9;2;9;37;131
88;10;3;8;40;139
88;11;4;13;44;152
88;12;3;9;47;161
88;13;3;12;50;173
88;14;2;12;52;185
88;15;2;12;54;197
88;16;2;11;56;208
88;17;6;22;62;230
88;18;4;15;66;245
88;19;4;15;70;260
88;20;4;14;74;274
88;21;4;15;78;289
88;22;3;12;81;301
88;23;4;13;85;314
88;24;4;18;89;332
88;25;3;11;92;343
88;26;4;14;96;357
89;1;5;21;5;21
89;2;2;7;7;28
89;3;2;10;9;38
89;4;3;8;12;46
89;5;7;14;19;60
89;6;6;17;25;77
89;7;3;11;28;88
89;8;6;18;34;106
89;9;5;22;39;128
89;10;3;13;42;141
89;11;4;13;46;154
89;12;3;15;49;169
89;13;5;17;54;186
89;14;3;13;57;199
89;15;11;45;68;244
89;16;10;36;78;280
89;17;5;16;83;296
89;18;5;21;88;317
89;19;4;19;92;336
89;20;4;16;96;352
89;21;6;19;102;371
89;22;5;18;107;389
89;23;9;38;116;427
89;24;4;15;120;442
89;25;5;18;125;460
89;26;4;14;129;474
89;27;3;16;132;490
89;28;5;17;137;507
89;29;3;9;140;516
89;30;2;7;142;523
90;1;8;31;8;31
90;2;4;15;12;46
90;3;3;11;15;57
90;4;5;18;20;75
90;5;6;17;26;92
90;6;4;16;30;108
90;7;5;13;35;121
90;8;4;12;39;133
90;9;2;11;41;144
90;10;2;11;43;155
90;11;3;12;46;167
90;12;4;15;50;182
90;13;2;6;52;188
90;14;6;16;58;204
90;15;3;10;61;214
90;16;4;14;65;228
90;17;9;42;74;270
90;18;3;16;77;286
90;19;6;29;83;315
90;20;3;12;86;327
91;1;6;27;6;27
91;2;3;13;9;40
91;3;3;14;12;54
91;4;3;11;15;65
91;5;3;14;18;79
91;6;3;13;21;92
91;7;3;12;24;104
91;8;3;20;27;124
91;9;4;13;31;137
91;10;4;13;35;150
91;11;3;15;38;165
91;12;3;12;41;177
91;13;7;27;48;204
91;14;7;38;55;242
91;15;3;12;58;254
92;1;7;25;7;25
92;2;3;13;10;38
92;3;4;16;14;54
92;4;3;10;17;64
92;5;4;14;21;78
92;6;2;10;23;88
92;7;2;11;25;99
92;8;4;15;29;114
92;9;2;10;31;124
92;10;2;12;33;136
92;11;6;19;39;155
92;12;3;11;42;166
92;13;4;19;46;185
92;14;3;16;49;201
92;15;4;15;53;216
92;16;3;10;56;226
92;17;2;12;58;238
92;18;4;12;62;250
92;19;6;21;68;271
92;20;5;19;73;290
92;21;2;8;75;298
93;1;5;21;5;21
93;2;3;9;8;30
93;3;5;15;13;45
93;4;5;19;18;64
93;5;4;16;22;80
93;6;4;14;26;94
93;7;3;13;29;107
93;8;3;15;32;122
93;9;4;14;36;136
93;10;4;16;40;152
93;11;4;16;44;168
94;1;8;29;8;29
94;2;3;13;11;42
94;3;3;10;14;52
94;4;3;12;17;64
94;5;4;12;21;76
94;6;4;11;25;87
94;7;3;12;28;99
94;8;3;11;31;110
95;1;6;26;6;26
95;2;2;7;8;33
95;3;3;13;11;46
95;4;6;23;17;69
95;5;4;17;21;86
95;6;9;39;30;125
95;7;4;14;34;139
95;8;4;17;38;156
96;1;9;30;9;30
96;2;4;14;13;44
96;3;3;12;16;56
96;4;3;10;19;66
96;5;5;16;24;82
96;6;4;15;28;97
96;7;3;11;31;108
96;8;4;13;35;121
96;9;3;9;38;130
96;10;3;10;41;140
96;11;5;16;46;156
96;12;3;11;49;167
96;13;4;14;53;181
96;14;5;14;58;195
96;15;6;23;64;218
96;16;3;14;67;232
96;17;2;8;69;240
96;18;2;10;71;250
96;19;6;18;77;268
97;1;9;34;9;34
97;2;5;17;14;51
97;3;6;17;20;68
97;4;9;34;29;102
97;5;5;16;34;118
98;1;16;62;16;62
98;2;6;22;22;84
98;3;3;9;25;93
98;4;11;40;36;133
98;5;17;65;53;198
98;6;16;57;69;255
98;7;9;38;78;293
98;8;22;76;100;369
99;1;8;35;8;35
99;2;3;17;11;52
99;3;4;15;15;67
99;4;3;15;18;82
99;5;4;13;22;95
99;6;6;28;28;123
99;7;6;19;34;142
99;8;6;19;40;161
100;1;6;27;6;27
100;2;2;11;8;38
100;3;3;10;11;48
100;4;3;11;14;59
100;5;3;11;17;70
100;6;4;17;21;87
100;7;5;14;26;101
100;8;4;14;30;115
100;9;8;22;38;137
100;10;4;12;42;149
100;11;5;17;47;166
101;1;5;22;5;22
101;2;2;8;7;30
101;3;4;16;11;46
101;4;5;21;16;67
101;5;4;21;20;88
101;6;5;15;25;103
101;7;4;11;29;114
101;8;5;14;34;128
101;9;2;8;36;136
101;10;4;12;40;148
101;11;2;7;42;155
102;1;6;28;6;28
102;2;3;13;9;41
102;3;3;12;12;53
102;4;4;14;16;67
102;5;5;17;21;84
102;6;2;9;23;93
102;7;4;14;27;107
102;8;5;18;32;125
103;1;5;21;5;21
103;2;4;13;9;34
103;3;9;48;18;82
104;1;8;29;8;29
104;2;4;14;12;43
104;3;4;14;16;57
104;4;4;14;20;71
104;5;4;15;24;86
104;6;3;12;27;98
104;7;4;15;31;113
104;8;3;13;34;126
104;9;3;9;37;135
105;1;11;38;11;38
105;2;5;15;16;53
105;3;4;17;20;70
105;4;4;16;24;86
105;5;3;15;27;101
106;1;6;24;6;24
106;2;4;19;10;43
106;3;4;16;14;59
106;4;7;25;21;84
107;1;8;29;8;29
107;2;5;11;13;40
107;3;5;17;18;57
107;4;2;9;20;66
107;5;5;18;25;84
107;6;3;10;28;94
107;7;2;12;30;106
108;1;7;30;7;30
108;2;3;11;10;41
108;3;4;14;14;55
109;1;7;29;7;29
109;2;4;14;11;43
109;3;5;19;16;62
109;4;5;17;21;79
109;5;5;19;26;98
109;6;4;11;30;109
110;1;9;33;9;33
110;2;7;25;16;58
110;3;7;29;23;87
111;1;9;29;9;29
111;2;6;19;15;48
111;3;4;14;19;62
111;4;3;15;22;77
111;5;5;13;27;90
112;1;8;26;8;26
112;2;2;7;10;33
112;3;4;10;14;43
112;4;5;14;19;57
113;1;8;29;8;29
113;2;4;9;12;38
113;3;5;15;17;53
113;4;5;17;22;70
113;5;5;15;27;85
114;1;8;29;8;29
114;2;2;7;10;36
114;3;2;8;12;44
114;4;4;15;16;59
114;5;5;15;21;74
114;6;3;11;24;85