surah,ayat,kata,huruf,cum_kata,cum_huruf,cum_kata_sync,cum_huruf_sync
1,1,4,16,4,16,4,20
1,2,4,15,8,31,7,39
1,3,2,10,10,41,9,51
1,4,3,9,13,50,12,62
1,5,4,16,17,66,16,82
1,6,4,14,21,80,20,99
1,7,10,35,31,115,29,143
2,1,5,19,5,19,5,21
2,2,8,23,13,42,13,47
2,3,8,38,21,80,21,89
2,4,12,47,33,127,32,141
2,5,8,34,41,161,40,179
2,6,11,43,52,204,51,227
2,7,12,51,64,255,63,284
2,8,11,42,75,297,74,331
2,9,10,44,85,341,83,380
2,10,12,47,97,388,95,432
2,11,11,40,108,428,106,476
2,12,7,28,115,456,113,508
2,13,19,76,134,532,131,592
2,14,16,71,150,603,147,671
2,15,7,28,157,631,154,702
2,16,11,52,168,683,165,760
2,17,17,66,185,749,181,834
2,18,6,17,191,766,187,853
2,19,20,75,211,841,207,936
2,20,25,93,236,934,231,1040
2,21,11,45,247,979,242,1090
2,22,25,91,272,1070,267,1191
2,23,20,73,292,1143,286,1272
2,24,13,59,305,1202,299,1338
2,25,35,137,340,1339,333,1491
2,26,40,136,380,1475,373,1642
2,27,20,71,400,1546,392,1721
2,28,14,50,414,1596,406,1777
2,29,20,60,434,1656,426,1844
2,30,28,101,462,1757,453,1956
2,31,15,68,477,1825,468,2032
2,32,12,44,489,1869,479,2081
2,33,23,96,512,1965,502,2188
2,34,13,59,525,2024,515,2253
2,35,18,75,543,2099,532,2337
2,36,19,79,562,2178,551,2425
2,37,11,40,573,2218,562,2469
2,38,17,60,590,2278,579,2536
2,39,10,48,600,2326,588,2589
2,40,14,56,614,2382,602,2652
2,41,18,75,632,2457,620,2735
2,42,8,39,640,2496,628,2779
2,43,8,35,648,2531,635,2818
2,44,11,52,659,2583,646,2876
2,45,8,40,667,2623,654,2920
2,46,9,34,676,2657,663,2958
2,47,12,46,688,2703,675,3009
2,48,19,62,707,2765,693,3078
2,49,19,77,726,2842,712,3164
2,50,10,49,736,2891,722,3219
2,51,13,48,749,2939,734,3272
2,52,9,30,758,2969,743,3305
2,53,7,35,765,3004,750,3344
2,54,27,112,792,3116,777,3469
2,55,14,57,806,3173,790,3532
2,56,7,30,813,3203,797,3566
2,57,18,84,831,3287,815,3659
2,58,20,86,851,3373,834,3755
2,59,18,67,869,3440,852,3830
2,60,29,107,898,3547,881,3949
2,61,62,233,960,3780,941,4208
2,62,24,98,984,3878,965,4317
2,63,15,66,999,3944,980,4391
2,64,14,49,1013,3993,993,4445
2,65,12,48,1025,4041,1005,4499
2,66,9,41,1034,4082,1014,4544
2,67,20,78,1054,4160,1033,4631
2,68,24,73,1078,4233,1057,4713
2,69,18,65,1096,4298,1075,4785
2,70,17,55,1113,4353,1091,4846
2,71,24,88,1137,4441,1115,4944
2,72,13,40,1150,4481,1128,4989
2,73,12,49,1162,4530,1139,5043
2,74,38,129,1200,4659,1177,5187
2,75,20,71,1220,4730,1196,5266
2,76,23,98,1243,4828,1219,5375
2,77,9,31,1252,4859,1228,5409
2,78,11,40,1263,4899,1238,5454
2,79,24,88,1287,4987,1262,5552
2,80,23,85,1310,5072,1284,5647
2,81,13,51,1323,5123,1297,5703
2,82,10,49,1333,5172,1307,5758
2,83,31,132,1364,5304,1337,5905
2,84,15,69,1379,5373,1352,5982
2,85,51,210,1430,5583,1402,6215
2,86,13,54,1443,5637,1415,6276
2,87,28,125,1471,5762,1442,6415
2,88,10,43,1481,5805,1452,6463
2,89,26,101,1507,5906,1478,6575
2,90,27,97,1534,6003,1504,6683
2,91,30,112,1564,6115,1534,6808
2,92,12,47,1576,6162,1545,6860
2,93,27,122,1603,6284,1572,6996
2,94,17,62,1620,6346,1588,7065
2,95,9,37,1629,6383,1597,7106
2,96,25,91,1654,6474,1622,7207
2,97,18,66,1672,6540,1639,7281
2,98,12,51,1684,6591,1651,7338
2,99,10,40,1694,6631,1661,7382
2,100,10,42,1704,6673,1671,7429
2,101,22,82,1726,6755,1692,7520
2,102,74,282,1800,7037,1765,7834
2,103,12,46,1812,7083,1777,7885
2,104,13,57,1825,7140,1789,7949
2,105,25,82,1850,7222,1814,8040
2,106,20,57,1870,7279,1834,8104
2,107,18,52,1888,7331,1851,8161
2,108,18,66,1906,7397,1869,8235
2,109,33,109,1939,7506,1901,8356
2,110,17,70,1956,7576,1918,8434
2,111,18,68,1974,7644,1936,8510
2,112,17,56,1991,7700,1952,8572
2,113,32,117,2023,7817,1984,8703
2,114,30,101,2053,7918,2013,8815
2,115,13,45,2066,7963,2026,8865
2,116,15,50,2081,8013,2040,8921
2,117,12,41,2093,8054,2052,8966
2,118,25,92,2118,8146,2077,9069
2,119,10,41,2128,8187,2087,9114
2,120,31,100,2159,8287,2117,9226
2,121,15,65,2174,8352,2132,9298
2,122,12,46,2186,8398,2143,9349
2,123,18,61,2204,8459,2161,9417
2,124,21,74,2225,8533,2182,9500
2,125,24,102,2249,8635,2205,9613
2,126,32,113,2281,8748,2237,9739
2,127,15,55,2296,8803,2251,9800
2,128,17,69,2313,8872,2268,9877
2,129,16,69,2329,8941,2284,9954
2,130,19,64,2348,9005,2302,10025
2,131,9,31,2357,9036,2311,10060
2,132,17,61,2374,9097,2328,10128
2,133,29,111,2403,9208,2356,10251
2,134,15,53,2418,9261,2371,10310
2,135,16,59,2434,9320,2387,10376
2,136,32,124,2466,9444,2418,10514
2,137,19,72,2485,9516,2437,10594
2,138,10,35,2495,9551,2446,10633
2,139,14,61,2509,9612,2460,10701
2,140,31,120,2540,9732,2491,10834
2,141,15,53,2555,9785,2505,10893
2,142,23,76,2578,9861,2528,10978
2,143,46,172,2624,10033,2573,11170
2,144,34,133,2658,10166,2606,11318
2,145,32,122,2690,10288,2638,11453
2,146,14,64,2704,10352,2651,11525
2,147,7,24,2711,10376,2658,11551
2,148,20,63,2731,10439,2678,11622
2,149,17,62,2748,10501,2694,11691
2,150,31,126,2779,10627,2725,11831
2,151,17,79,2796,10706,2742,11919
2,152,6,28,2802,10734,2747,11950
2,153,10,43,2812,10777,2757,11998
2,154,14,45,2826,10822,2771,12048
2,155,14,56,2840,10878,2785,12110
2,156,11,40,2851,10918,2795,12155
2,157,10,41,2861,10959,2805,12200
2,158,25,78,2886,11037,2830,12287
2,159,20,79,2906,11116,2849,12375
2,160,11,51,2917,11167,2860,12432
2,161,13,58,2930,11225,2873,12497
2,162,9,32,2939,11257,2882,12532
2,163,10,35,2949,11292,2892,12571
2,164,44,156,2993,11448,2935,12745
2,165,31,107,3024,11555,2965,12864
2,166,12,49,3036,11604,2977,12919
2,167,25,86,3061,11690,3001,13014
2,168,17,58,3078,11748,3018,13079
2,169,11,46,3089,11794,3029,13130
2,170,22,83,3111,11877,3050,13222
2,171,18,58,3129,11935,3068,13287
2,172,14,56,3143,11991,3082,13349
2,173,25,80,3168,12071,3106,13438
2,174,29,105,3197,12176,3135,13555
2,175,11,54,3208,12230,3145,13615
2,176,15,48,3223,12278,3160,13669
2,177,52,233,3275,12511,3211,13928
2,178,39,141,3314,12652,3249,14085
2,179,8,33,3322,12685,3257,14122
2,180,17,65,3339,12750,3274,14194
2,181,14,48,3353,12798,3288,14248
2,182,16,51,3369,12849,3303,14305
2,183,14,53,3383,12902,3317,14364
2,184,33,110,3416,13012,3349,14486
2,185,44,165,3460,13177,3393,14670
2,186,17,65,3477,13242,3409,14742
2,187,66,255,3543,13497,3474,15026
2,188,19,79,3562,13576,3493,15114
2,189,30,104,3592,13680,3522,15230
2,190,13,49,3605,13729,3535,15284
2,191,26,118,3631,13847,3560,15416
2,192,6,21,3637,13868,3566,15439
2,193,16,58,3653,13926,3582,15504
2,194,22,90,3675,14016,3603,15604
2,195,14,56,3689,14072,3617,15666
2,196,74,257,3763,14329,3690,15952
2,197,29,106,3792,14435,3718,16070
2,198,26,101,3818,14536,3744,16183
2,199,12,42,3830,14578,3755,16229
2,200,24,90,3854,14668,3779,16330
2,201,14,52,3868,14720,3793,16388
2,202,8,32,3876,14752,3800,16423
2,203,27,88,3903,14840,3827,16521
2,204,17,54,3920,14894,3844,16581
2,205,14,49,3934,14943,3857,16636
2,206,12,46,3946,14989,3869,16687
2,207,11,42,3957,15031,3880,16734
2,208,16,57,3973,15088,3896,16797
2,209,12,43,3985,15131,3907,16845
2,210,17,61,4002,15192,3924,16913
2,211,21,65,4023,15257,3945,16985
2,212,20,75,4043,15332,3964,17069
2,213,51,180,4094,15512,4014,17269
2,214,30,115,4124,15627,4044,17397
2,215,23,87,4147,15714,4066,17494
2,216,25,86,4172,15800,4091,17590
2,217,57,223,4229,16023,4147,17838
2,218,16,63,4245,16086,4162,17908
2,219,28,110,4273,16196,4190,18031
2,220,27,102,4300,16298,4216,18144
2,221,39,168,4339,16466,4254,18331
2,222,28,103,4367,16569,4282,18446
2,223,16,76,4383,16645,4298,18531
2,224,14,59,4397,16704,4311,18596
2,225,14,58,4411,16762,4325,18661
2,226,13,49,4424,16811,4338,18715
2,227,7,25,4431,16836,4345,18743
2,228,41,158,4472,16994,4385,18919
2,229,46,176,4518,17170,4430,19115
2,230,30,104,4548,17274,4459,19231
2,231,46,187,4594,17461,4504,19439
2,232,37,134,4631,17595,4541,19588
2,233,69,268,4700,17863,4608,19887
2,234,26,110,4726,17973,4634,20009
2,235,47,185,4773,18158,4680,20215
2,236,25,103,4798,18261,4705,20330
2,237,35,130,4833,18391,4739,20474
2,238,9,39,4842,18430,4748,20518
2,239,15,63,4857,18493,4762,20588
2,240,29,101,4886,18594,4791,20700
2,241,6,31,4892,18625,4797,20735
2,242,8,28,4900,18653,4805,20766
2,243,29,97,4929,18750,4833,20874
2,244,9,31,4938,18781,4842,20909
2,245,16,59,4954,18840,4857,20974
2,246,55,194,5009,19034,4911,21190
2,247,44,144,5053,19178,4955,21351
2,248,31,106,5084,19284,4985,21469
2,249,60,218,5144,19502,5044,21711
2,250,15,72,5159,19574,5058,21791
2,251,27,112,5186,19686,5085,21916
2,252,9,36,5195,19722,5094,21956
2,253,53,189,5248,19911,5146,22167
2,254,21,77,5269,19988,5166,22252
2,255,52,161,5321,20149,5217,22432
2,256,24,84,5345,20233,5241,22525
2,257,24,104,5369,20337,5264,22641
2,258,46,137,5415,20474,5310,22793
2,259,67,228,5482,20702,5375,23047
2,260,40,129,5522,20831,5414,23191
2,261,26,83,5548,20914,5440,23283
2,262,25,82,5573,20996,5464,23375
2,263,12,39,5585,21035,5476,23418
2,264,38,152,5623,21187,5513,23587
2,265,28,113,5651,21300,5541,23713
2,266,37,133,5688,21433,5577,23861
2,267,29,112,5717,21545,5606,23986
2,268,14,57,5731,21602,5619,24049
2,269,16,55,5747,21657,5635,24110
2,270,15,54,5762,21711,5650,24170
2,271,20,81,5782,21792,5669,24261
2,272,29,101,5811,21893,5698,24373
2,273,30,115,5841,22008,5727,24501
2,274,18,68,5859,22076,5745,24577
2,275,46,167,5905,22243,5790,24763
2,276,11,37,5916,22280,5801,24804
2,277,19,82,5935,22362,5819,24895
2,278,13,47,5948,22409,5832,24948
2,279,18,70,5966,22479,5850,25026
2,280,14,50,5980,22529,5863,25081
2,281,15,49,5995,22578,5878,25136
2,282,129,490,6124,23068,6005,25681
2,283,33,129,6157,23197,6037,25825
2,284,29,88,6186,23285,6065,25923
2,285,27,112,6213,23397,6092,26047
2,286,49,181,6262,23578,6140,26249
3,1,5,19,5,19,5,21
3,2,7,20,12,39,12,44
3,3,11,44,23,83,23,93
3,4,18,66,41,149,40,168
3,5,11,29,52,178,51,200
3,6,13,40,65,218,64,245
3,7,47,175,112,393,110,442
3,8,15,52,127,445,125,500
3,9,13,39,140,484,138,544
3,10,17,60,157,544,154,612
3,11,14,63,171,607,168,683
3,12,9,41,180,648,177,729
3,13,30,98,210,746,207,839
3,14,26,104,236,850,232,956
3,15,28,94,264,944,260,1062
3,16,11,46,275,990,270,1113
3,17,6,43,281,1033,276,1162
3,18,18,67,299,1100,294,1237
3,19,26,91,325,1191,320,1339
3,20,26,110,351,1301,345,1463
3,21,18,73,369,1374,363,1545
3,22,11,45,380,1419,374,1596
3,23,20,71,400,1490,393,1676
3,24,17,59,417,1549,410,1742
3,25,15,47,432,1596,425,1795
3,26,25,82,457,1678,449,1887
3,27,21,67,478,1745,470,1962
3,28,28,96,506,1841,498,2070
3,29,23,67,529,1908,520,2146
3,30,26,87,555,1995,546,2244
3,31,14,54,569,2049,560,2304
3,32,11,40,580,2089,570,2349
3,33,14,44,594,2133,584,2399
3,34,7,23,601,2156,591,2425
3,35,19,56,620,2212,610,2488
3,36,24,94,644,2306,633,2593
3,37,34,128,678,2434,667,2737
3,38,15,46,693,2480,682,2789
3,39,20,78,713,2558,701,2877
3,40,18,54,731,2612,719,2937
3,41,20,71,751,2683,739,3017
3,42,12,52,763,2735,750,3076
3,43,8,26,771,2761,758,3105
3,44,21,70,792,2831,779,3184
3,45,20,74,812,2905,799,3267
3,46,7,27,819,2932,805,3297
3,47,24,70,843,3002,829,3376
3,48,5,29,848,3031,834,3409
3,49,47,163,895,3194,880,3592
3,50,19,70,914,3264,899,3671
3,51,9,30,923,3294,908,3704
3,52,21,78,944,3372,928,3792
3,53,9,42,953,3414,937,3839
3,54,6,25,959,3439,943,3867
3,55,30,112,989,3551,973,3993
3,56,13,53,1002,3604,985,4053
3,57,11,51,1013,3655,996,4110
3,58,8,27,1021,3682,1004,4141
3,59,15,45,1036,3727,1019,4191
3,60,7,22,1043,3749,1026,4216
3,61,25,109,1068,3858,1050,4339
3,62,15,48,1083,3906,1065,4393
3,63,6,24,1089,3930,1071,4420
3,64,31,120,1120,4050,1101,4555
3,65,16,62,1136,4112,1117,4624
3,66,19,71,1155,4183,1136,4704
3,67,15,54,1170,4237,1151,4765
3,68,14,55,1184,4292,1164,4827
3,69,13,50,1197,4342,1177,4883
3,70,8,36,1205,4378,1185,4923
3,71,10,47,1215,4425,1195,4976
3,72,17,74,1232,4499,1212,5059
3,73,33,100,1265,4599,1244,5172
3,74,8,28,1273,4627,1252,5203
3,75,38,127,1311,4754,1289,5346
3,76,9,31,1320,4785,1298,5381
3,77,27,100,1347,4885,1325,5494
3,78,29,107,1376,4992,1353,5614
3,79,28,110,1404,5102,1381,5738
3,80,13,61,1417,5163,1394,5806
3,81,34,138,1451,5301,1427,5961
3,82,8,29,1459,5330,1435,5994
3,83,15,52,1474,5382,1450,6052
3,84,30,115,1504,5497,1479,6182
3,85,13,44,1517,5541,1492,6231
3,86,18,69,1535,5610,1510,6309
3,87,9,43,1544,5653,1518,6357
3,88,9,32,1553,5685,1527,6393
3,89,12,39,1565,5724,1539,6437
3,90,14,58,1579,5782,1553,6502
3,91,24,85,1603,5867,1576,6598
3,92,15,52,1618,5919,1591,6656
3,93,27,89,1645,6008,1618,6756
3,94,12,41,1657,6049,1630,6803
3,95,12,40,1669,6089,1641,6848
3,96,10,39,1679,6128,1651,6891
3,97,26,86,1705,6214,1677,6988
3,98,12,45,1717,6259,1689,7039
3,99,19,73,1736,6332,1707,7121
3,100,14,58,1750,6390,1721,7186
3,101,18,65,1768,6455,1739,7259
3,102,12,49,1780,6504,1750,7314
3,103,36,145,1816,6649,1786,7477
3,104,14,63,1830,6712,1800,7548
3,105,14,60,1844,6772,1813,7616
3,106,17,74,1861,6846,1830,7699
3,107,10,36,1871,6882,1840,7739
3,108,11,42,1882,6924,1851,7787
3,109,12,37,1894,6961,1863,7828
3,110,23,106,1917,7067,1885,7947
3,111,11,43,1928,7110,1896,7996
3,112,37,136,1965,7246,1932,8149
3,113,15,52,1980,7298,1947,8207
3,114,16,70,1996,7368,1963,8286
3,115,9,33,2005,7401,1972,8323
3,116,19,70,2024,7471,1990,8402
3,117,23,90,2047,7561,2013,8503
3,118,31,116,2078,7677,2044,8633
3,119,27,118,2105,7795,2070,8766
3,120,21,80,2126,7875,2091,8856
3,121,11,44,2137,7919,2102,8906
3,122,12,52,2149,7971,2113,8964
3,123,10,44,2159,8015,2123,9013
3,124,13,55,2172,8070,2136,9075
3,125,15,67,2187,8137,2151,9151
3,126,17,61,2204,8198,2167,9219
3,127,9,37,2213,8235,2176,9261
3,128,12,39,2225,8274,2188,9305
3,129,17,50,2242,8324,2205,9361
3,130,12,57,2254,8381,2217,9425
3,131,5,22,2259,8403,2222,9450
3,132,5,26,2264,8429,2226,9479
3,133,13,51,2277,8480,2239,9536
3,134,13,54,2290,8534,2252,9597
3,135,23,95,2313,8629,2275,9704
3,136,15,65,2328,8694,2289,9777
3,137,13,47,2341,8741,2302,9830
3,138,6,28,2347,8769,2308,9861
3,139,9,39,2356,8808,2317,9905
3,140,24,91,2380,8899,2341,10008
3,141,6,27,2386,8926,2346,10038
3,142,13,52,2399,8978,2359,10096
3,143,12,49,2411,9027,2371,10152
3,144,27,95,2438,9122,2398,10258
3,145,24,91,2462,9213,2421,10361
3,146,21,76,2483,9289,2442,10446
3,147,19,81,2502,9370,2461,10537
3,148,10,44,2512,9414,2470,10587
3,149,12,56,2524,9470,2482,10650
3,150,6,22,2530,9492,2488,10674
3,151,19,74,2549,9566,2507,10758
3,152,40,151,2589,9717,2546,10928
3,153,26,99,2615,9816,2572,11039
3,154,75,257,2690,10073,2645,11328
3,155,21,78,2711,10151,2666,11416
3,156,38,138,2749,10289,2703,11571
3,157,14,47,2763,10336,2717,11624
3,158,7,27,2770,10363,2724,11654
3,159,30,108,2800,10471,2754,11775
3,160,18,66,2818,10537,2771,11850
3,161,21,60,2839,10597,2792,11917
3,162,14,47,2853,10644,2806,11970
3,163,8,28,2861,10672,2814,12001
3,164,25,95,2886,10767,2838,12108
3,165,20,69,2906,10836,2858,12186
3,166,9,40,2915,10876,2867,12231
3,167,34,134,2949,11010,2900,12382
3,168,17,68,2966,11078,2917,12458
3,169,14,46,2980,11124,2931,12510
3,170,19,71,2999,11195,2949,12590
3,171,12,40,3011,11235,2961,12635
3,172,15,61,3026,11296,2976,12703
3,173,17,68,3043,11364,2993,12780
3,174,16,56,3059,11420,3008,12843
3,175,12,49,3071,11469,3020,12898
3,176,22,72,3093,11541,3042,12979
3,177,12,43,3105,11584,3054,13027
3,178,17,66,3122,11650,3070,13101
3,179,36,127,3158,11777,3106,13244
3,180,32,106,3190,11883,3137,13363
3,181,22,84,3212,11967,3159,13458
3,182,10,32,3222,11999,3169,13494
3,183,28,107,3250,12106,3196,13614
3,184,12,48,3262,12154,3208,13668
3,185,23,88,3285,12242,3231,13767
3,186,27,99,3312,12341,3257,13878
3,187,21,90,3333,12431,3278,13980
3,188,20,78,3353,12509,3297,14067
3,189,10,32,3363,12541,3307,14103
3,190,12,46,3375,12587,3319,14155
3,191,22,90,3397,12677,3341,14256
3,192,11,42,3408,12719,3352,14304
3,193,20,90,3428,12809,3371,14405
3,194,14,54,3442,12863,3385,14465
3,195,43,173,3485,13036,3427,14660
3,196,7,24,3492,13060,3434,14687
3,197,7,28,3499,13088,3441,14718
3,198,21,76,3520,13164,3462,14804
3,199,30,110,3550,13274,3491,14928
3,200,10,51,3560,13325,3501,14985
4,1,33,125,33,125,32,140
4,2,19,73,52,198,51,222
4,3,30,108,82,306,80,343
4,4,14,55,96,361,94,404
4,5,17,70,113,431,111,483
4,6,39,169,152,600,149,672
4,7,21,82,173,682,170,764
4,8,13,64,186,746,182,836
4,9,15,62,201,808,197,905
4,10,14,53,215,861,211,964
4,11,73,245,288,1106,282,1239
4,12,92,272,380,1378,373,1543
4,13,19,68,399,1446,391,1620
4,14,13,49,412,1495,404,1674
4,15,22,91,434,1586,426,1776
4,16,14,65,448,1651,439,1849
4,17,20,78,468,1729,459,1936
4,18,24,95,492,1824,482,2043
4,19,34,142,526,1966,516,2202
4,20,17,80,543,2046,532,2292
4,21,11,46,554,2092,543,2343
4,22,17,62,571,2154,560,2413
4,23,56,241,627,2395,615,2682
4,24,46,166,673,2561,660,2868
4,25,60,243,733,2804,719,3141
4,26,14,47,747,2851,732,3193
4,27,14,45,761,2896,746,3244
4,28,8,28,769,2924,754,3275
4,29,24,91,793,3015,778,3377
4,30,16,47,809,3062,793,3429
4,31,12,54,821,3116,805,3490
4,32,27,98,848,3214,831,3600
4,33,21,77,869,3291,852,3686
4,34,42,172,911,3463,893,3879
4,35,22,82,933,3545,915,3970
4,36,34,133,967,3678,948,4119
4,37,15,69,982,3747,963,4197
4,38,19,71,1001,3818,981,4276
4,39,15,62,1016,3880,996,4346
4,40,15,50,1031,3930,1011,4402
4,41,12,41,1043,3971,1023,4448
4,42,14,52,1057,4023,1036,4506
4,43,48,190,1105,4213,1083,4719
4,44,14,54,1119,4267,1097,4779
4,45,9,39,1128,4306,1106,4823
4,46,39,159,1167,4465,1144,5001
4,47,28,115,1195,4580,1172,5130
4,48,21,60,1216,4640,1192,5197
4,49,14,45,1230,4685,1206,5247
4,50,10,34,1240,4719,1216,5285
4,51,20,84,1260,4803,1235,5379
4,52,11,38,1271,4841,1246,5422
4,53,10,32,1281,4873,1256,5458
4,54,19,74,1300,4947,1275,5541
4,55,11,38,1311,4985,1285,5583
4,56,20,86,1331,5071,1305,5680
4,57,21,91,1352,5162,1326,5781
4,58,26,91,1378,5253,1351,5883
4,59,29,114,1407,5367,1380,6011
4,60,30,111,1437,5478,1409,6135
4,61,15,58,1452,5536,1424,6200
4,62,16,66,1468,5602,1439,6274
4,63,16,59,1484,5661,1455,6340
4,64,23,97,1507,5758,1478,6449
4,65,19,68,1526,5826,1496,6525
4,66,27,99,1553,5925,1523,6636
4,67,6,26,1559,5951,1529,6665
4,68,4,18,1563,5969,1532,6685
4,69,18,78,1581,6047,1550,6773
4,70,8,24,1589,6071,1558,6800
4,71,10,43,1599,6114,1568,6848
4,72,17,58,1616,6172,1584,6913
4,73,18,67,1634,6239,1602,6988
4,74,22,74,1656,6313,1624,7071
4,75,32,121,1688,6434,1655,7206
4,76,20,80,1708,6514,1675,7296
4,77,48,180,1756,6694,1722,7497
4,78,36,132,1792,6826,1757,7645
4,79,18,69,1810,6895,1775,7722
4,80,12,44,1822,6939,1786,7772
4,81,24,89,1846,7028,1810,7871
4,82,13,50,1859,7078,1823,7927
4,83,30,121,1889,7199,1852,8063
4,84,22,76,1911,7275,1874,8148
4,85,22,68,1933,7343,1895,8224
4,86,15,50,1948,7393,1910,8280
4,87,17,53,1965,7446,1927,8340
4,88,23,78,1988,7524,1949,8427
4,89,28,119,2016,7643,1977,8560
4,90,36,151,2052,7794,2012,8729
4,91,32,146,2084,7940,2043,8893
4,92,60,219,2144,8159,2102,9138
4,93,16,65,2160,8224,2118,9211
4,94,40,150,2200,8374,2157,9379
4,95,35,145,2235,8519,2191,9541
4,96,8,35,2243,8554,2199,9581
4,97,28,117,2271,8671,2227,9712
4,98,13,53,2284,8724,2239,9771
4,99,10,38,2294,8762,2249,9814
4,100,33,105,2327,8867,2282,9931
4,101,23,85,2350,8952,2304,10026
4,102,63,263,2413,9215,2366,10321
4,103,20,95,2433,9310,2385,10427
4,104,22,85,2455,9395,2407,10523
4,105,15,59,2470,9454,2422,10589
4,106,7,26,2477,9480,2429,10618
4,107,14,48,2491,9528,2442,10671
4,108,21,71,2512,9599,2463,10751
4,109,18,67,2530,9666,2481,10826
4,110,13,43,2543,9709,2493,10874
4,111,11,41,2554,9750,2504,10920
4,112,14,48,2568,9798,2518,10974
4,113,33,122,2601,9920,2550,11111
4,114,28,87,2629,10007,2578,11208
4,115,20,71,2649,10078,2597,11287
4,116,21,59,2670,10137,2618,11354
4,117,11,39,2681,10176,2629,11397
4,118,8,34,2689,10210,2636,11435
4,119,21,100,2710,10310,2657,11547
4,120,7,29,2717,10339,2664,11580
4,121,7,31,2724,10370,2671,11615
4,122,21,86,2745,10456,2691,11711
4,123,20,62,2765,10518,2711,11780
4,124,16,61,2781,10579,2727,11849
4,125,19,63,2800,10642,2745,11919
4,126,13,37,2813,10679,2758,11961
4,127,41,152,2854,10831,2798,12131
4,128,29,116,2883,10947,2827,12261
4,129,22,93,2905,11040,2848,12365
4,130,12,37,2917,11077,2860,12406
4,131,34,109,2951,11186,2893,12528
4,132,11,33,2962,11219,2904,12565
4,133,13,42,2975,11261,2917,12612
4,134,14,52,2989,11313,2931,12671
4,135,40,144,3029,11457,2970,12832
4,136,28,116,3057,11573,2997,12962
4,137,20,71,3077,11644,3017,13041
4,138,6,25,3083,11669,3023,13069
4,139,14,59,3097,11728,3036,13135
4,140,33,120,3130,11848,3069,13270
4,141,36,140,3166,11988,3104,13427
4,142,19,81,3185,12069,3123,13517
4,143,17,55,3202,12124,3139,13579
4,144,17,74,3219,12198,3156,13662
4,145,11,38,3230,12236,3167,13704
4,146,18,81,3248,12317,3185,13795
4,147,11,45,3259,12362,3195,13846
4,148,15,45,3274,12407,3210,13896
4,149,14,46,3288,12453,3224,13947
4,150,23,85,3311,12538,3246,14043
4,151,8,41,3319,12579,3254,14089
4,152,17,71,3336,12650,3271,14168
4,153,39,151,3375,12801,3309,14337
4,154,19,82,3394,12883,3328,14429
4,155,22,94,3416,12977,3349,14534
4,156,6,29,3422,13006,3355,14567
4,157,34,114,3456,13120,3388,14695
4,158,8,27,3464,13147,3396,14725
4,159,14,49,3478,13196,3410,14780
4,160,14,53,3492,13249,3424,14839
4,161,15,68,3507,13317,3438,14915
4,162,27,119,3534,13436,3465,15048
4,163,27,115,3561,13551,3491,15177
4,164,14,54,3575,13605,3505,15238
4,165,15,58,3590,13663,3520,15303
4,166,13,55,3603,13718,3533,15364
4,167,11,38,3614,13756,3543,15407
4,168,12,42,3626,13798,3555,15454
4,169,12,38,3638,13836,3567,15496
4,170,24,87,3662,13923,3590,15594
4,171,55,192,3717,14115,3644,15809
4,172,18,76,3735,14191,3662,15894
4,173,26,113,3761,14304,3688,16021
4,174,11,45,3772,14349,3698,16071
4,175,16,63,3788,14412,3714,16142
4,176,50,170,3838,14582,3763,16332
5,1,27,97,27,97,27,109
5,2,54,215,81,312,80,352
5,3,62,240,143,552,141,622
5,4,31,121,174,673,172,759
5,5,43,178,217,851,215,959
5,6,61,252,278,1103,275,1244
5,7,19,75,297,1178,294,1328
5,8,27,106,324,1284,320,1448
5,9,10,43,334,1327,330,1496
5,10,7,37,341,1364,337,1538
5,11,23,90,364,1454,360,1639
5,12,48,189,412,1643,407,1852
5,13,32,130,444,1773,439,1999
5,14,25,106,469,1879,464,2119
5,15,23,83,492,1962,487,2212
5,16,20,67,512,2029,506,2288
5,17,43,130,555,2159,549,2434
5,18,31,119,586,2278,579,2568
5,19,28,95,614,2373,607,2675
5,20,22,84,636,2457,629,2770
5,21,14,62,650,2519,643,2840
5,22,18,69,668,2588,661,2918
5,23,21,90,689,2678,681,3019
5,24,16,66,705,2744,697,3094
5,25,13,43,718,2787,710,3142
5,26,14,53,732,2840,724,3202
5,27,25,90,757,2930,749,3303
5,28,16,54,773,2984,764,3364
5,29,15,50,788,3034,779,3421
5,30,9,35,797,3069,788,3460
5,31,27,88,824,3157,815,3559
5,32,43,145,867,3302,857,3723
5,33,36,121,903,3423,893,3859
5,34,13,46,916,3469,906,3911
5,35,13,57,929,3526,919,3975
5,36,24,78,953,3604,942,4063
5,37,12,43,965,3647,954,4112
5,38,13,55,978,3702,967,4174
5,39,14,44,992,3746,981,4224
5,40,20,60,1012,3806,1001,4291
5,41,69,249,1081,4055,1069,4572
5,42,26,102,1107,4157,1095,4687
5,43,16,61,1123,4218,1110,4756
5,44,41,175,1164,4393,1151,4953
5,45,31,123,1195,4516,1182,5092
5,46,26,102,1221,4618,1207,5207
5,47,16,59,1237,4677,1223,5273
5,48,53,205,1290,4882,1276,5504
5,49,33,121,1323,5003,1308,5641
5,50,10,40,1333,5043,1318,5686
5,51,23,89,1356,5132,1341,5786
5,52,28,102,1384,5234,1369,5901
5,53,15,74,1399,5308,1383,5985
5,54,39,132,1438,5440,1422,6133
5,55,14,57,1452,5497,1436,6198
5,56,11,43,1463,5540,1447,6246
5,57,23,94,1486,5634,1469,6352
5,58,13,50,1499,5684,1482,6409
5,59,20,74,1519,5758,1502,6492
5,60,28,102,1547,5860,1530,6607
5,61,16,66,1563,5926,1546,6681
5,62,14,55,1577,5981,1559,6743
5,63,13,60,1590,6041,1572,6811
5,64,48,187,1638,6228,1620,7022
5,65,12,58,1650,6286,1632,7087
5,66,24,98,1674,6384,1655,7198
5,67,25,81,1699,6465,1680,7289
5,68,30,113,1729,6578,1710,7417
5,69,20,83,1749,6661,1729,7510
5,70,20,81,1769,6742,1749,7601
5,71,19,72,1788,6814,1768,7683
5,72,34,116,1822,6930,1802,7813
5,73,26,88,1848,7018,1827,7913
5,74,8,35,1856,7053,1835,7952
5,75,25,84,1881,7137,1860,8047
5,76,16,51,1897,7188,1876,8104
5,77,23,81,1920,7269,1899,8196
5,78,19,61,1939,7330,1917,8264
5,79,10,40,1949,7370,1927,8309
5,80,19,70,1968,7440,1946,8388
5,81,15,63,1983,7503,1961,8459
5,82,29,117,2012,7620,1990,8591
5,83,21,81,2033,7701,2010,8683
5,84,16,57,2049,7758,2026,8747
5,85,15,60,2064,7818,2041,8815
5,86,7,37,2071,7855,2048,8856
5,87,17,60,2088,7915,2065,8924
5,88,12,46,2100,7961,2077,8976
5,89,47,186,2147,8147,2123,9186
5,90,15,71,2162,8218,2138,9266
5,91,21,76,2183,8294,2159,9351
5,92,13,62,2196,8356,2172,9421
5,93,24,106,2220,8462,2195,9541
5,94,24,87,2244,8549,2219,9639
5,95,51,178,2295,8727,2269,9839
5,96,20,75,2315,8802,2289,9924
5,97,30,98,2345,8900,2319,10034
5,98,9,31,2354,8931,2328,10069
5,99,11,41,2365,8972,2339,10116
5,100,15,60,2380,9032,2353,10183
5,101,25,91,2405,9123,2378,10286
5,102,9,33,2414,9156,2387,10323
5,103,21,77,2435,9233,2408,10410
5,104,24,95,2459,9328,2432,10517
5,105,19,76,2478,9404,2450,10603
5,106,51,193,2529,9597,2501,10820
5,107,26,115,2555,9712,2527,10950
5,108,23,85,2578,9797,2549,11046
5,109,16,52,2594,9849,2565,11104
5,110,65,240,2659,10089,2629,11375
5,111,13,57,2672,10146,2642,11439
5,112,21,72,2693,10218,2663,11520
5,113,15,62,2708,10280,2678,11590
5,114,23,86,2731,10366,2701,11687
5,115,17,63,2748,10429,2717,11758
5,116,44,135,2792,10564,2761,11911
5,117,29,94,2821,10658,2790,12017
5,118,11,43,2832,10701,2800,12065
5,119,25,89,2857,10790,2825,12165
5,120,12,36,2869,10826,2837,12206
6,1,19,74,19,74,19,82
6,2,14,46,33,120,32,133
6,3,13,44,46,164,45,181
6,4,11,40,57,204,56,226
6,5,12,50,69,254,68,281
6,6,31,131,100,385,98,426
6,7,16,60,116,445,114,492
6,8,13,49,129,494,126,546
6,9,9,42,138,536,135,593
6,10,13,52,151,588,148,650
6,11,10,34,161,622,158,688
6,12,26,86,187,708,183,783
6,13,10,28,197,736,193,814
6,14,25,81,222,817,218,904
6,15,9,24,231,841,226,930
6,16,10,31,241,872,236,964
6,17,17,50,258,922,253,1020
6,18,7,27,265,949,260,1050
6,19,38,127,303,1076,297,1190
6,20,13,60,316,1136,310,1256
6,21,14,50,330,1186,324,1312
6,22,12,51,342,1237,335,1368
6,23,12,41,354,1278,347,1413
6,24,10,38,364,1316,357,1455
6,25,32,122,396,1438,388,1590
6,26,11,43,407,1481,399,1638
6,27,16,63,423,1544,415,1708
6,28,16,59,439,1603,430,1773
6,29,9,34,448,1637,439,1810
6,30,19,74,467,1711,458,1892
6,31,26,103,493,1814,483,2006
6,32,13,53,506,1867,496,2065
6,33,14,58,520,1925,510,2129
6,34,22,87,542,2012,531,2225
6,35,28,102,570,2114,559,2338
6,36,11,40,581,2154,570,2382
6,37,19,64,600,2218,588,2453
6,38,22,73,622,2291,610,2534
6,39,18,60,640,2351,627,2600
6,40,15,56,655,2407,642,2662
6,41,12,43,667,2450,654,2710
6,42,11,54,678,2504,665,2769
6,43,14,60,692,2564,678,2836
6,44,21,76,713,2640,699,2920
6,45,9,36,722,2676,708,2959
6,46,23,81,745,2757,730,3049
6,47,14,51,759,2808,744,3105
6,48,15,59,774,2867,759,3171
6,49,8,38,782,2905,767,3213
6,50,28,91,810,2996,794,3313
6,51,17,57,827,3053,811,3376
6,52,25,91,852,3144,835,3477
6,53,16,64,868,3208,851,3548
6,54,27,102,895,3310,877,3661
6,55,7,30,902,3340,884,3694
6,56,21,67,923,3407,905,3768
6,57,22,67,945,3474,927,3842
6,58,14,50,959,3524,940,3897
6,59,32,100,991,3624,972,4008
6,60,22,82,1013,3706,993,4099
6,61,17,66,1030,3772,1010,4172
6,62,12,43,1042,3815,1022,4219
6,63,17,67,1059,3882,1038,4293
6,64,10,33,1069,3915,1048,4330
6,65,27,94,1096,4009,1075,4434
6,66,9,29,1105,4038,1083,4466
6,67,5,21,1110,4059,1088,4489
6,68,23,86,1133,4145,1111,4584
6,69,12,43,1145,4188,1123,4632
6,70,45,158,1190,4346,1167,4806
6,71,39,141,1229,4487,1205,4962
6,72,8,32,1237,4519,1213,4998
6,73,25,84,1262,4603,1237,5091
6,74,16,54,1278,4657,1253,5150
6,75,12,41,1290,4698,1265,5196
6,76,15,49,1305,4747,1279,5250
6,77,18,62,1323,4809,1297,5318
6,78,17,62,1340,4871,1314,5387
6,79,13,44,1353,4915,1327,5436
6,80,25,84,1378,4999,1351,5529
6,81,22,84,1400,5083,1373,5621
6,82,11,49,1411,5132,1383,5676
6,83,15,54,1426,5186,1398,5735
6,84,22,89,1448,5275,1420,5834
6,85,7,27,1455,5302,1427,5864
6,86,8,38,1463,5340,1434,5906
6,87,11,50,1474,5390,1445,5961
6,88,17,54,1491,5444,1462,6021
6,89,17,75,1508,5519,1478,6104
6,90,16,61,1524,5580,1494,6171
6,91,44,161,1568,5741,1537,6349
6,92,22,92,1590,5833,1559,6451
6,93,50,181,1640,6014,1608,6651
6,94,30,124,1670,6138,1637,6788
6,95,19,56,1689,6194,1656,6850
6,96,13,51,1702,6245,1669,6907
6,97,16,61,1718,6306,1684,6974
6,98,14,54,1732,6360,1698,7034
6,99,45,173,1777,6533,1742,7225
6,100,15,64,1792,6597,1757,7296
6,101,19,57,1811,6654,1776,7359
6,102,17,49,1828,6703,1792,7413
6,103,9,36,1837,6739,1801,7453
6,104,15,55,1852,6794,1816,7514
6,105,9,40,1861,6834,1825,7558
6,106,13,40,1874,6874,1837,7602
6,107,13,48,1887,6922,1850,7655
6,108,26,93,1913,7015,1876,7758
6,109,21,83,1934,7098,1896,7850
6,110,13,56,1947,7154,1909,7912
6,111,23,92,1970,7246,1931,8014
6,112,24,86,1994,7332,1955,8109
6,113,12,56,2006,7388,1967,8171
6,114,23,91,2029,7479,1989,8271
6,115,11,44,2040,7523,2000,8320
6,116,18,55,2058,7578,2018,8381
6,117,11,35,2069,7613,2029,8419
6,118,10,36,2079,7649,2038,8459
6,119,30,105,2109,7754,2068,8575
6,120,12,52,2121,7806,2079,8633
6,121,20,86,2141,7892,2099,8728
6,122,25,87,2166,7979,2124,8824
6,123,16,62,2182,8041,2139,8893
6,124,29,106,2211,8147,2168,9010
6,125,29,92,2240,8239,2196,9112
6,126,10,38,2250,8277,2206,9154
6,127,11,38,2261,8315,2217,9196
6,128,35,133,2296,8448,2251,9343
6,129,9,34,2305,8482,2260,9381
6,130,27,121,2332,8603,2286,9514
6,131,11,36,2343,8639,2297,9554
6,132,9,36,2352,8675,2306,9594
6,133,18,63,2370,8738,2324,9664
6,134,7,27,2377,8765,2330,9694
6,135,18,69,2395,8834,2348,9770
6,136,31,123,2426,8957,2379,9906
6,137,21,86,2447,9043,2399,10001
6,138,26,108,2473,9151,2425,10120
6,139,23,86,2496,9237,2447,10216
6,140,20,76,2516,9313,2467,10300
6,141,32,133,2548,9446,2498,10447
6,142,17,64,2565,9510,2515,10517
6,143,24,88,2589,9598,2538,10615
6,144,40,142,2629,9740,2578,10772
6,145,39,116,2668,9856,2616,10900
6,146,29,111,2697,9967,2644,11023
6,147,14,46,2711,10013,2658,11074
6,148,38,135,2749,10148,2695,11223
6,149,8,33,2757,10181,2703,11260
6,150,27,109,2784,10290,2730,11380
6,151,46,167,2830,10457,2775,11565
6,152,36,135,2866,10592,2810,11714
6,153,19,70,2885,10662,2829,11791
6,154,17,69,2902,10731,2845,11868
6,155,8,43,2910,10774,2853,11915
6,156,14,58,2924,10832,2867,11979
6,157,35,134,2959,10966,2901,12128
6,158,37,123,2996,11089,2937,12264
6,159,19,68,3015,11157,2956,12339
6,160,16,59,3031,11216,2972,12404
6,161,18,54,3049,11270,2989,12464
6,162,9,32,3058,11302,2998,12499
6,163,9,29,3067,11331,3007,12531
6,164,29,97,3096,11428,3035,12639
6,165,21,79,3117,11507,3056,12726
7,1,5,20,5,20,5,22
7,2,13,46,18,66,18,72
7,3,14,53,32,119,32,131
7,4,10,41,42,160,42,176
7,5,12,45,54,205,53,225
7,6,6,31,60,236,59,259
7,7,6,25,66,261,65,287
7,8,10,40,76,301,75,330
7,9,12,52,88,353,87,387
7,10,11,43,99,396,98,435
7,11,16,69,115,465,114,510
7,12,17,54,132,519,130,570
7,13,13,44,145,563,143,618
7,14,5,18,150,581,148,638
7,15,4,14,154,595,152,653
7,16,8,31,162,626,160,687
7,17,15,61,177,687,175,754
7,18,12,52,189,739,187,811
7,19,16,65,205,804,203,883
7,20,27,96,232,900,229,988
7,21,5,23,237,923,234,1013
7,22,30,122,267,1045,264,1147
7,23,12,52,279,1097,276,1204
7,24,12,44,291,1141,288,1252
7,25,7,31,298,1172,295,1287
7,26,24,73,322,1245,318,1367
7,27,32,120,354,1365,350,1498
7,28,22,89,376,1454,372,1596
7,29,16,62,392,1516,387,1664
7,30,16,67,408,1583,403,1738
7,31,16,58,424,1641,419,1801
7,32,27,93,451,1734,446,1903
7,33,30,99,481,1833,475,2012
7,34,11,45,492,1878,486,2062
7,35,18,65,510,1943,504,2133
7,36,11,54,521,1997,515,2192
7,37,37,149,558,2146,552,2356
7,38,40,154,598,2300,591,2525
7,39,14,60,612,2360,605,2591
7,40,25,89,637,2449,630,2688
7,41,11,39,648,2488,641,2731
7,42,15,67,663,2555,655,2805
7,43,36,141,699,2696,691,2959
7,44,28,104,727,2800,719,3074
7,45,10,42,737,2842,728,3120
7,46,18,79,755,2921,746,3206
7,47,14,58,769,2979,760,3270
7,48,14,69,783,3048,774,3346
7,49,15,62,798,3110,789,3414
7,50,20,78,818,3188,809,3500
7,51,19,84,837,3272,827,3592
7,52,10,44,847,3316,837,3640
7,53,38,131,885,3447,875,3784
7,54,34,118,919,3565,908,3913
7,55,8,30,927,3595,916,3946
7,56,15,58,942,3653,931,4010
7,57,31,110,973,3763,962,4131
7,58,18,63,991,3826,980,4200
7,59,20,69,1011,3895,999,4276
7,60,9,29,1020,3924,1008,4307
7,61,10,34,1030,3958,1018,4345
7,62,11,42,1041,4000,1029,4391
7,63,13,58,1054,4058,1042,4455
7,64,14,63,1068,4121,1056,4524
7,65,16,54,1084,4175,1071,4583
7,66,14,52,1098,4227,1085,4640
7,67,10,34,1108,4261,1095,4677
7,68,7,28,1115,4289,1102,4708
7,69,27,108,1142,4397,1129,4827
7,70,17,68,1159,4465,1146,4901
7,71,25,99,1184,4564,1170,5010
7,72,13,60,1197,4624,1183,5076
7,73,34,124,1231,4748,1217,5212
7,74,25,104,1256,4852,1242,5326
7,75,23,91,1279,4943,1264,5426
7,76,8,33,1287,4976,1272,5462
7,77,15,61,1302,5037,1287,5529
7,78,6,30,1308,5067,1293,5562
7,79,14,60,1322,5127,1307,5628
7,80,13,50,1335,5177,1320,5683
7,81,11,44,1346,5221,1330,5731
7,82,13,52,1359,5273,1343,5788
7,83,7,32,1366,5305,1350,5823
7,84,8,35,1374,5340,1358,5862
7,85,38,140,1412,5480,1396,6015
7,86,25,99,1437,5579,1420,6124
7,87,19,74,1456,5653,1439,6205
7,88,22,83,1478,5736,1461,6297
7,89,42,141,1520,5877,1502,6451
7,90,12,48,1532,5925,1514,6504
7,91,6,30,1538,5955,1520,6537
7,92,13,49,1551,6004,1533,6591
7,93,15,61,1566,6065,1548,6658
7,94,13,53,1579,6118,1561,6716
7,95,18,77,1597,6195,1579,6800
7,96,18,81,1615,6276,1596,6889
7,97,9,36,1624,6312,1605,6929
7,98,9,34,1633,6346,1614,6966
7,99,10,39,1643,6385,1624,7009
7,100,19,74,1662,6459,1643,7090
7,101,24,93,1686,6552,1667,7192
7,102,9,40,1695,6592,1675,7236
7,103,16,67,1711,6659,1691,7310
7,104,8,30,1719,6689,1699,7343
7,105,19,57,1738,6746,1718,7405
7,106,11,34,1749,6780,1729,7443
7,107,6,22,1755,6802,1735,7467
7,108,6,22,1761,6824,1741,7491
7,109,9,31,1770,6855,1750,7525
7,110,7,27,1777,6882,1756,7554
7,111,7,31,1784,6913,1763,7589
7,112,4,14,1788,6927,1767,7604
7,113,11,43,1799,6970,1778,7651
7,114,5,20,1804,6990,1783,7673
7,115,10,36,1814,7026,1793,7713
7,116,11,50,1825,7076,1804,7767
7,117,12,38,1837,7114,1816,7809
7,118,6,23,1843,7137,1822,7834
7,119,4,23,1847,7160,1826,7860
7,120,3,14,1850,7174,1829,7875
7,121,4,19,1854,7193,1833,7896
7,122,3,12,1857,7205,1836,7909
7,123,19,77,1876,7282,1854,7994
7,124,8,38,1884,7320,1862,8035
7,125,5,22,1889,7342,1867,8059
7,126,16,65,1905,7407,1883,8131
7,127,21,94,1926,7501,1904,8234
7,128,16,67,1942,7568,1920,8308
7,129,22,80,1964,7648,1941,8395
7,130,11,43,1975,7691,1952,8443
7,131,22,90,1997,7781,1974,8541
7,132,12,46,2009,7827,1986,8592
7,133,13,72,2022,7899,1999,8671
7,134,23,82,2045,7981,2021,8761
7,135,11,41,2056,8022,2032,8806
7,136,11,55,2067,8077,2043,8866
7,137,30,125,2097,8202,2073,9003
7,138,24,94,2121,8296,2097,9107
7,139,10,35,2131,8331,2106,9145
7,140,9,36,2140,8367,2115,9185
7,141,19,78,2159,8445,2134,9270
7,142,25,95,2184,8540,2159,9375
7,143,41,155,2225,8695,2199,9545
7,144,14,56,2239,8751,2213,9606
7,145,20,81,2259,8832,2233,9695
7,146,37,131,2296,8963,2270,9839
7,147,13,59,2309,9022,2282,9904
7,148,22,80,2331,9102,2304,9991
7,149,18,67,2349,9169,2322,10065
7,150,39,154,2388,9323,2360,10234
7,151,12,39,2400,9362,2372,10277
7,152,16,56,2416,9418,2388,10338
7,153,14,55,2430,9473,2402,10399
7,154,15,58,2445,9531,2417,10462
7,155,41,155,2486,9686,2457,10633
7,156,31,113,2517,9799,2488,10757
7,157,43,187,2560,9986,2530,10962
7,158,32,116,2592,10102,2562,11089
7,159,8,29,2600,10131,2570,11121
7,160,43,185,2643,10316,2613,11324
7,161,20,83,2663,10399,2632,11415
7,162,17,64,2680,10463,2649,11485
7,163,28,102,2708,10565,2677,11597
7,164,19,78,2727,10643,2696,11683
7,165,18,70,2745,10713,2713,11760
7,166,11,40,2756,10753,2724,11804
7,167,19,70,2775,10823,2743,11881
7,168,15,70,2790,10893,2758,11957
7,169,40,154,2830,11047,2797,12126
7,170,10,44,2840,11091,2807,12175
7,171,20,76,2860,11167,2827,12258
7,172,26,100,2886,11267,2853,12368
7,173,15,63,2901,11330,2868,12437
7,174,6,25,2907,11355,2873,12465
7,175,13,55,2920,11410,2886,12525
7,176,31,121,2951,11531,2917,12658
7,177,9,43,2960,11574,2926,12705
7,178,10,37,2970,11611,2936,12746
7,179,30,116,3000,11727,2965,12873
7,180,14,60,3014,11787,2979,12939
7,181,7,28,3021,11815,2986,12970
7,182,8,36,3029,11851,2994,13009
7,183,5,14,3034,11865,2999,13024
7,184,11,37,3045,11902,3010,13065
7,185,23,76,3068,11978,3033,13148
7,186,10,33,3078,12011,3042,13185
7,187,38,138,3116,12149,3080,13336
7,188,28,92,3144,12241,3108,13437
7,189,31,116,3175,12357,3138,13565
7,190,12,54,3187,12411,3150,13624
7,191,7,24,3194,12435,3157,13650
7,192,7,30,3201,12465,3164,13683
7,193,12,53,3213,12518,3176,13741
7,194,14,57,3227,12575,3190,13804
7,195,26,92,3253,12667,3215,13905
7,196,9,31,3262,12698,3224,13939
7,197,10,42,3272,12740,3234,13985
7,198,12,47,3284,12787,3246,14037
7,199,7,28,3291,12815,3253,14067
7,200,10,37,3301,12852,3263,14108
7,201,12,45,3313,12897,3275,14157
7,202,8,25,3321,12922,3283,14185
7,203,23,84,3344,13006,3305,14277
7,204,8,40,3352,13046,3313,14321
7,205,16,61,3368,13107,3329,14388
7,206,12,43,3380,13150,3341,14435
8,1,22,95,22,95,22,107
8,2,17,74,39,169,39,190
8,3,6,28,45,197,45,221
8,4,11,46,56,243,56,273
8,5,11,42,67,285,67,320
8,6,12,44,79,329,79,370
8,7,23,87,102,416,101,467
8,8,7,28,109,444,108,499
8,9,11,47,120,491,119,552
8,10,18,61,138,552,137,620
8,11,22,86,160,638,159,717
8,12,23,90,183,728,182,818
8,13,14,52,197,780,196,876
8,14,7,28,204,808,203,908
8,15,11,47,215,855,214,961
8,16,20,75,235,930,234,1045
8,17,21,77,256,1007,255,1132
8,18,7,22,263,1029,262,1156
8,19,24,90,287,1119,285,1257
8,20,11,49,298,1168,296,1312
8,21,8,33,306,1201,304,1350
8,22,11,32,317,1233,315,1386
8,23,11,46,328,1279,326,1437
8,24,20,81,348,1360,346,1528
8,25,13,50,361,1410,359,1584
8,26,19,87,380,1497,378,1682
8,27,11,56,391,1553,389,1745
8,28,11,44,402,1597,400,1795
8,29,18,70,420,1667,418,1873
8,30,16,61,436,1728,434,1942
8,31,17,67,453,1795,450,2017
8,32,19,67,472,1862,469,2092
8,33,12,47,484,1909,481,2145
8,34,21,85,505,1994,502,2241
8,35,13,54,518,2048,515,2301
8,36,22,85,540,2133,537,2397
8,37,18,67,558,2200,555,2472
8,38,16,53,574,2253,571,2532
8,39,16,59,590,2312,587,2598
8,40,10,41,600,2353,597,2644
8,41,34,131,634,2484,630,2791
8,42,35,128,669,2612,665,2935
8,43,20,78,689,2690,685,3023
8,44,19,73,708,2763,704,3105
8,45,12,53,720,2816,716,3164
8,46,13,60,733,2876,729,3232
8,47,17,66,750,2942,746,3306
8,48,36,123,786,3065,782,3444
8,49,18,64,804,3129,799,3516
8,50,13,60,817,3189,812,3583
8,51,10,32,827,3221,822,3619
8,52,17,67,844,3288,839,3695
8,53,19,60,863,3348,858,3762
8,54,17,81,880,3429,875,3853
8,55,10,33,890,3462,885,3890
8,56,12,39,902,3501,897,3934
8,57,10,40,912,3541,907,3979
8,58,14,48,926,3589,921,4033
8,59,8,31,934,3620,929,4068
8,60,33,122,967,3742,962,4205
8,61,13,44,980,3786,975,4254
8,62,12,44,992,3830,986,4304
8,63,20,68,1012,3898,1006,4380
8,64,8,29,1020,3927,1014,4413
8,65,26,100,1046,4027,1040,4525
8,66,26,95,1072,4122,1066,4632
8,67,20,64,1092,4186,1086,4704
8,68,10,36,1102,4222,1096,4744
8,69,11,41,1113,4263,1107,4790
8,70,24,77,1137,4340,1131,4877
8,71,13,47,1150,4387,1144,4930
8,72,46,187,1196,4574,1189,5140
8,73,13,51,1209,4625,1202,5197
8,74,18,79,1227,4704,1220,5286
8,75,22,90,1249,4794,1242,5387
9,1,9,36,9,36,9,40
9,2,14,53,23,89,23,100
9,3,33,116,56,205,55,230
9,4,22,85,78,290,77,325
9,5,26,120,104,410,102,460
9,6,19,68,123,478,121,537
9,7,23,90,146,568,143,638
9,8,17,70,163,638,160,716
9,9,13,51,176,689,173,773
9,10,10,37,186,726,182,815
9,11,14,61,200,787,196,883
9,12,18,73,218,860,214,965
9,13,20,89,238,949,233,1065
9,14,11,50,249,999,244,1121
9,15,11,37,260,1036,255,1163
9,16,24,91,284,1127,279,1265
9,17,18,77,302,1204,296,1351
9,18,23,90,325,1294,319,1452
9,19,25,92,350,1386,343,1556
9,20,17,74,367,1460,360,1639
9,21,11,39,378,1499,371,1682
9,22,8,27,386,1526,379,1713
9,23,20,88,406,1614,398,1812
9,24,36,153,442,1767,434,1983
9,25,23,86,465,1853,456,2080
9,26,19,75,484,1928,475,2164
9,27,13,35,497,1963,487,2203
9,28,27,100,524,2063,514,2315
9,29,29,104,553,2167,542,2432
9,30,25,91,578,2258,567,2534
9,31,24,95,602,2353,590,2641
9,32,16,55,618,2408,606,2703
9,33,14,51,632,2459,620,2760
9,34,30,116,662,2575,649,2890
9,35,19,81,681,2656,668,2981
9,36,38,139,719,2795,705,3137
9,37,31,113,750,2908,736,3264
9,38,28,101,778,3009,763,3377
9,39,16,62,794,3071,779,3447
9,40,43,152,837,3223,821,3617
9,41,17,65,854,3288,838,3690
9,42,23,104,877,3392,860,3807
9,43,13,45,890,3437,873,3858
9,44,15,64,905,3501,888,3929
9,45,14,59,919,3560,901,3996
9,46,16,65,935,3625,917,4069
9,47,17,78,952,3703,934,4156
9,48,16,59,968,3762,949,4222
9,49,15,54,983,3816,964,4283
9,50,16,62,999,3878,980,4353
9,51,14,50,1013,3928,994,4409
9,52,22,85,1035,4013,1015,4504
9,53,12,45,1047,4058,1027,4555
9,54,22,91,1069,4149,1048,4657
9,55,18,71,1087,4220,1066,4736
9,56,10,43,1097,4263,1076,4785
9,57,12,41,1109,4304,1088,4831
9,58,16,57,1125,4361,1103,4895
9,59,20,76,1145,4437,1123,4980
9,60,23,96,1168,4533,1146,5088
9,61,26,98,1194,4631,1171,5198
9,62,12,49,1206,4680,1183,5253
9,63,17,56,1223,4736,1200,5316
9,64,17,67,1240,4803,1216,5391
9,65,13,62,1253,4865,1229,5460
9,66,16,65,1269,4930,1245,5533
9,67,19,91,1288,5021,1263,5636
9,68,16,69,1304,5090,1279,5713
9,69,33,156,1337,5246,1311,5888
9,70,27,114,1364,5360,1338,6016
9,71,24,113,1388,5473,1361,6143
9,72,26,92,1414,5565,1387,6246
9,73,11,51,1425,5616,1398,6303
9,74,46,171,1471,5787,1443,6495
9,75,13,50,1484,5837,1456,6551
9,76,9,38,1493,5875,1464,6594
9,77,15,62,1508,5937,1479,6664
9,78,11,41,1519,5978,1490,6710
9,79,20,78,1539,6056,1509,6797
9,80,26,92,1565,6148,1535,6900
9,81,28,108,1593,6256,1562,7022
9,82,8,38,1601,6294,1570,7064
9,83,25,103,1626,6397,1595,7180
9,84,18,70,1644,6467,1612,7258
9,85,17,66,1661,6533,1629,7333
9,86,18,79,1679,6612,1647,7421
9,87,11,43,1690,6655,1658,7469
9,88,16,72,1706,6727,1673,7550
9,89,14,48,1720,6775,1687,7604
9,90,17,69,1737,6844,1704,7682
9,91,26,91,1763,6935,1729,7784
9,92,23,82,1786,7017,1752,7876
9,93,20,76,1806,7093,1771,7961
9,94,30,122,1836,7215,1801,8098
9,95,18,83,1854,7298,1818,8191
9,96,14,53,1868,7351,1832,8251
9,97,16,63,1884,7414,1848,8321
9,98,16,61,1900,7475,1864,8390
9,99,28,98,1928,7573,1891,8500
9,100,26,111,1954,7684,1917,8624
9,101,22,92,1976,7776,1938,8728
9,102,17,69,1993,7845,1955,8805
9,103,17,59,2010,7904,1971,8871
9,104,16,57,2026,7961,1987,8935
9,105,16,77,2042,8038,2003,9022
9,106,12,48,2054,8086,2015,9076
9,107,24,105,2078,8191,2038,9193
9,108,23,75,2101,8266,2061,9278
9,109,28,88,2129,8354,2088,9376
9,110,15,52,2144,8406,2103,9435
9,111,40,148,2184,8554,2142,9601
9,112,17,95,2201,8649,2159,9708
9,113,20,76,2221,8725,2178,9793
9,114,25,78,2246,8803,2203,9880
9,115,18,53,2264,8856,2221,9940
9,116,18,49,2282,8905,2238,9995
9,117,27,93,2309,8998,2265,10099
9,118,31,113,2340,9111,2295,10226
9,119,8,34,2348,9145,2303,10264
9,120,53,177,2401,9322,2355,10463
9,121,18,68,2419,9390,2373,10539
9,122,23,93,2442,9483,2395,10644
9,123,16,65,2458,9548,2411,10717
9,124,18,77,2476,9625,2428,10803
9,125,12,51,2488,9676,2440,10860
9,126,16,50,2504,9726,2456,10916
9,127,21,75,2525,9801,2477,11001
9,128,14,53,2539,9854,2490,11060
9,129,15,49,2554,9903,2505,11115
10,1,9,35,9,35,9,39
10,2,26,95,35,130,34,145
10,3,31,98,66,228,65,254
10,4,28,110,94,338,92,376
10,5,24,88,118,426,116,474
10,6,15,50,133,476,131,529
10,7,15,61,148,537,146,597
10,8,6,29,154,566,151,630
10,9,15,64,169,630,166,701
10,10,14,60,183,690,180,767
10,11,19,72,202,762,199,848
10,12,28,98,230,860,226,957
10,13,18,79,248,939,244,1044
10,14,10,39,258,978,254,1088
10,15,39,123,297,1101,292,1225
10,16,18,62,315,1163,310,1294
10,17,14,50,329,1213,324,1349
10,18,30,110,359,1323,353,1472
10,19,18,63,377,1386,371,1542
10,20,16,60,393,1446,386,1608
10,21,22,80,415,1526,408,1697
10,22,41,145,456,1671,448,1859
10,23,25,99,481,1770,473,1969
10,24,44,179,525,1949,516,2168
10,25,12,38,537,1987,528,2210
10,26,17,67,554,2054,545,2285
10,27,27,107,581,2161,571,2404
10,28,18,83,599,2244,589,2496
10,29,10,41,609,2285,599,2542
10,30,16,61,625,2346,615,2609
10,31,27,94,652,2440,641,2714
10,32,12,44,664,2484,653,2763
10,33,11,36,675,2520,664,2803
10,34,17,56,692,2576,681,2865
10,35,29,83,721,2659,709,2958
10,36,17,51,738,2710,726,3014
10,37,22,71,760,2781,747,3093
10,38,16,60,776,2841,763,3160
10,39,20,71,796,2912,783,3239
10,40,12,41,808,2953,795,3285
10,41,15,56,823,3009,809,3347
10,42,11,43,834,3052,820,3395
10,43,11,39,845,3091,831,3438
10,44,10,37,855,3128,841,3479
10,45,20,77,875,3205,860,3565
10,46,15,55,890,3260,875,3626
10,47,12,45,902,3305,887,3676
10,48,7,28,909,3333,894,3707
10,49,22,77,931,3410,916,3793
10,50,12,49,943,3459,927,3847
10,51,11,42,954,3501,938,3894
10,52,13,49,967,3550,951,3949
10,53,12,39,979,3589,963,3992
10,54,21,75,1000,3664,983,4075
10,55,17,53,1017,3717,1000,4134
10,56,5,16,1022,3733,1005,4152
10,57,14,57,1036,3790,1019,4215
10,58,11,40,1047,3830,1030,4260
10,59,20,71,1067,3901,1049,4339
10,60,19,66,1086,3967,1068,4412
10,61,43,132,1129,4099,1110,4559
10,62,10,32,1139,4131,1120,4595
10,63,4,19,1143,4150,1124,4616
10,64,16,53,1159,4203,1140,4675
10,65,10,35,1169,4238,1150,4714
10,66,26,77,1195,4315,1175,4799
10,67,16,52,1211,4367,1191,4857
10,68,26,87,1237,4454,1216,4954
10,69,9,29,1246,4483,1225,4986
10,70,13,50,1259,4533,1238,5042
10,71,34,123,1293,4656,1272,5179
10,72,16,55,1309,4711,1287,5240
10,73,17,78,1326,4789,1304,5327
10,74,23,88,1349,4877,1327,5425
10,75,14,67,1363,4944,1340,5499
10,76,10,37,1373,4981,1350,5540
10,77,11,47,1384,5028,1361,5592
10,78,16,72,1400,5100,1377,5673
10,79,6,23,1406,5123,1383,5698
10,80,10,38,1416,5161,1393,5740
10,81,17,57,1433,5218,1409,5804
10,82,7,29,1440,5247,1416,5836
10,83,22,80,1462,5327,1438,5925
10,84,12,49,1474,5376,1450,5980
10,85,10,45,1484,5421,1459,6030
10,86,5,23,1489,5444,1464,6055
10,87,16,75,1505,5519,1480,6139
10,88,31,114,1536,5633,1511,6265
10,89,11,44,1547,5677,1521,6314
10,90,30,110,1577,5787,1551,6437
10,91,7,27,1584,5814,1558,6467
10,92,14,56,1598,5870,1572,6529
10,93,25,93,1623,5963,1596,6632
10,94,22,75,1645,6038,1618,6716
10,95,10,39,1655,6077,1628,6759
10,96,8,26,1663,6103,1635,6788
10,97,8,29,1671,6132,1643,6820
10,98,21,85,1692,6217,1664,6915
10,99,15,55,1707,6272,1679,6976
10,100,14,47,1721,6319,1692,7028
10,101,15,51,1736,6370,1707,7085
10,102,15,56,1751,6426,1722,7147
10,103,11,40,1762,6466,1733,7192
10,104,26,86,1788,6552,1758,7288
10,105,9,34,1797,6586,1767,7325
10,106,16,50,1813,6636,1783,7381
10,107,24,75,1837,6711,1807,7464
10,108,22,76,1859,6787,1828,7549
10,109,11,36,1870,6823,1839,7589
11,1,14,50,14,50,14,55
11,2,9,31,23,81,23,89
11,3,25,89,48,170,48,187
11,4,8,25,56,195,56,215
11,5,19,75,75,270,75,298
11,6,17,58,92,328,92,362
11,7,32,113,124,441,124,486
11,8,22,85,146,526,146,580
11,9,11,45,157,571,157,630
11,10,13,52,170,623,170,687
11,11,10,45,180,668,180,737
11,12,27,87,207,755,207,833
11,13,18,68,225,823,225,908
11,14,16,61,241,884,241,975
11,15,14,51,255,935,255,1031
11,16,16,59,271,994,271,1096
11,17,39,137,310,1131,310,1247
11,18,23,92,333,1223,332,1349
11,19,11,44,344,1267,343,1397
11,20,24,89,368,1356,367,1495
11,21,9,39,377,1395,376,1538
11,22,7,25,384,1420,383,1566
11,23,14,64,398,1484,397,1637
11,24,12,50,410,1534,409,1692
11,25,9,32,419,1566,418,1727
11,26,11,35,430,1601,429,1766
11,27,29,102,459,1703,458,1878
11,28,19,75,478,1778,477,1961
11,29,22,88,500,1866,499,2058
11,30,9,34,509,1900,508,2095
11,31,31,106,540,2006,539,2212
11,32,14,55,554,2061,553,2273
11,33,10,34,564,2095,563,2310
11,34,18,58,582,2153,581,2374
11,35,12,45,594,2198,593,2424
11,36,17,56,611,2254,610,2486
11,37,11,47,622,2301,621,2538
11,38,19,70,641,2371,640,2615
11,39,10,35,651,2406,650,2653
11,40,26,87,677,2493,676,2749
11,41,12,43,689,2536,688,2797
11,42,19,62,708,2598,707,2865
11,43,23,76,731,2674,730,2949
11,44,17,68,748,2742,747,3024
11,45,15,50,763,2792,762,3079
11,46,23,69,786,2861,785,3155
11,47,19,56,805,2917,804,3217
11,48,18,66,823,2983,822,3290
11,49,19,69,842,3052,841,3366
11,50,17,60,859,3112,858,3432
11,51,13,46,872,3158,871,3483
11,52,17,74,889,3232,888,3564
11,53,15,58,904,3290,903,3628
11,54,16,60,920,3350,919,3695
11,55,7,25,927,3375,926,3722
11,56,19,59,946,3434,945,3787
11,57,21,73,967,3507,966,3868
11,58,14,57,981,3564,979,3931
11,59,12,48,993,3612,991,3983
11,60,17,63,1010,3675,1008,4053
11,61,28,100,1038,3775,1036,4163
11,62,21,79,1059,3854,1057,4250
11,63,22,73,1081,3927,1079,4331
11,64,17,65,1098,3992,1096,4403
11,65,12,44,1110,4036,1108,4451
11,66,18,65,1128,4101,1126,4523
11,67,8,34,1136,4135,1134,4560
11,68,12,43,1148,4178,1146,4608
11,69,16,59,1164,4237,1162,4673
11,70,18,64,1182,4301,1180,4743
11,71,9,46,1191,4347,1189,4794
11,72,12,44,1203,4391,1201,4843
11,73,14,52,1217,4443,1215,4900
11,74,12,42,1229,4485,1227,4946
11,75,7,17,1236,4502,1234,4965
11,76,15,51,1251,4553,1249,5021
11,77,13,46,1264,4599,1262,5072
11,78,26,96,1290,4695,1288,5178
11,79,13,41,1303,4736,1301,5223
11,80,11,28,1314,4764,1312,5254
11,81,29,105,1343,4869,1341,5370
11,82,12,54,1355,4923,1353,5429
11,83,8,27,1363,4950,1361,5459
11,84,27,95,1390,5045,1388,5564
11,85,14,63,1404,5108,1402,5633
11,86,11,36,1415,5144,1413,5673
11,87,21,75,1436,5219,1434,5756
11,88,35,122,1471,5341,1469,5890
11,89,22,72,1493,5413,1491,5970
11,90,9,33,1502,5446,1500,6006
11,91,18,72,1520,5518,1518,6086
11,92,15,57,1535,5575,1533,6148
11,93,19,72,1554,5647,1552,6228
11,94,18,76,1572,5723,1570,6312
11,95,10,34,1582,5757,1580,6349
11,96,6,30,1588,5787,1586,6382
11,97,10,42,1598,5829,1596,6429
11,98,9,39,1607,5868,1605,6472
11,99,9,37,1616,5905,1614,6512
11,100,10,33,1626,5938,1623,6549
11,101,24,89,1650,6027,1647,6647
11,102,13,40,1663,6067,1660,6691
11,103,19,53,1682,6120,1679,6749
11,104,5,20,1687,6140,1684,6771
11,105,10,32,1697,6172,1694,6807
11,106,9,30,1706,6202,1703,6840
11,107,16,50,1722,6252,1719,6895
11,108,20,65,1742,6317,1739,6967
11,109,20,72,1762,6389,1759,7046
11,110,18,65,1780,6454,1777,7118
11,111,10,39,1790,6493,1787,7161
11,112,12,44,1802,6537,1799,7209
11,113,17,61,1819,6598,1816,7277
11,114,16,56,1835,6654,1832,7338
11,115,7,23,1842,6677,1839,7364
11,116,26,98,1868,6775,1865,7472
11,117,8,33,1876,6808,1873,7508
11,118,11,38,1887,6846,1884,7550
11,119,16,58,1903,6904,1900,7614
11,120,17,65,1920,6969,1917,7686
11,121,9,38,1929,7007,1926,7728
11,122,3,17,1932,7024,1929,7746
11,123,17,64,1949,7088,1946,7817
12,1,9,35,9,35,9,39
12,2,8,30,17,65,17,72
12,3,16,59,33,124,32,138
12,4,15,53,48,177,47,197
12,5,15,54,63,231,62,257
12,6,27,93,90,324,88,360
12,7,8,27,98,351,96,390
12,8,15,53,113,404,111,449
12,9,14,53,127,457,125,508
12,10,16,60,143,517,140,575
12,11,11,41,154,558,151,620
12,12,8,32,162,590,159,656
12,13,13,49,175,639,172,710
12,14,9,37,184,676,181,752
12,15,17,70,201,746,197,829
12,16,4,18,205,764,201,849
12,17,18,76,223,840,219,934
12,18,18,68,241,908,237,1010
12,19,16,73,257,981,252,1091
12,20,11,37,268,1018,263,1132
12,21,33,124,301,1142,295,1270
12,22,10,40,311,1182,305,1314
12,23,25,78,336,1260,330,1401
12,24,20,72,356,1332,349,1481
12,25,23,81,379,1413,372,1571
12,26,20,61,399,1474,392,1639
12,27,10,33,409,1507,401,1676
12,28,13,39,422,1546,414,1719
12,29,10,38,432,1584,424,1761
12,30,20,64,452,1648,444,1832
12,31,33,126,485,1774,476,1972
12,32,21,74,506,1848,497,2055
12,33,17,58,523,1906,513,2119
12,34,10,35,533,1941,523,2158
12,35,11,35,544,1976,534,2197
12,36,27,103,571,2079,560,2312
12,37,27,102,598,2181,587,2425
12,38,28,94,626,2275,614,2529
12,39,10,38,636,2313,624,2572
12,40,33,119,669,2432,657,2704
12,41,19,72,688,2504,675,2784
12,42,18,62,706,2566,693,2853
12,43,25,92,731,2658,717,2955
12,44,8,38,739,2696,725,2998
12,45,11,46,750,2742,736,3049
12,46,23,85,773,2827,759,3143
12,47,14,54,787,2881,772,3203
12,48,16,49,803,2930,788,3258
12,49,12,32,815,2962,800,3293
12,50,22,77,837,3039,821,3379
12,51,31,100,868,3139,852,3490
12,52,13,37,881,3176,865,3531
12,53,16,48,897,3224,880,3585
12,54,14,52,911,3276,894,3642
12,55,8,27,919,3303,902,3672
12,56,18,62,937,3365,920,3741
12,57,7,33,944,3398,926,3778
12,58,9,37,953,3435,935,3819
12,59,17,62,970,3497,952,3888
12,60,10,32,980,3529,962,3924
12,61,7,28,987,3557,969,3955
12,62,14,68,1001,3625,982,4030
12,63,16,67,1017,3692,998,4105
12,64,18,60,1035,3752,1016,4172
12,65,26,105,1061,3857,1041,4288
12,66,24,84,1085,3941,1065,4382
12,67,29,98,1114,4039,1093,4491
12,68,30,102,1144,4141,1123,4604
12,69,16,59,1160,4200,1138,4670
12,70,15,58,1175,4258,1153,4734
12,71,5,26,1180,4284,1158,4763
12,72,12,41,1192,4325,1170,4809
12,73,12,44,1204,4369,1182,4858
12,74,7,23,1211,4392,1188,4883
12,75,14,39,1225,4431,1202,4927
12,76,34,110,1259,4541,1236,5049
12,77,25,79,1284,4620,1260,5137
12,78,15,55,1299,4675,1275,5198
12,79,13,49,1312,4724,1288,5252
12,80,37,121,1349,4845,1324,5387
12,81,17,66,1366,4911,1341,5460
12,82,11,42,1377,4953,1351,5507
12,83,18,60,1395,5013,1369,5574
12,84,12,44,1407,5057,1381,5623
12,85,12,46,1419,5103,1393,5674
12,86,13,44,1432,5147,1405,5723
12,87,20,71,1452,5218,1425,5802
12,88,21,87,1473,5305,1446,5898
12,89,10,37,1483,5342,1455,5939
12,90,23,73,1506,5415,1478,6021
12,91,9,36,1515,5451,1487,6061
12,92,12,37,1527,5488,1499,6102
12,93,12,49,1539,5537,1510,6156
12,94,12,42,1551,5579,1522,6203
12,95,6,23,1557,5602,1528,6229
12,96,20,66,1577,5668,1548,6302
12,97,8,36,1585,5704,1556,6342
12,98,9,31,1594,5735,1564,6376
12,99,14,51,1608,5786,1578,6433
12,100,46,146,1654,5932,1623,6595
12,101,23,87,1677,6019,1646,6692
12,102,15,51,1692,6070,1661,6749
12,103,6,24,1698,6094,1666,6776
12,104,10,34,1708,6128,1676,6813
12,105,12,42,1720,6170,1688,6860
12,106,7,28,1727,6198,1695,6891
12,107,14,53,1741,6251,1709,6950
12,108,17,60,1758,6311,1725,7017
12,109,29,109,1787,6420,1754,7138
12,110,19,71,1806,6491,1772,7217
12,111,23,81,1829,6572,1795,7307
13,1,19,70,19,70,18,78
13,2,27,99,46,169,45,189
13,3,27,81,73,250,71,280
13,4,30,100,103,350,100,392
13,5,27,106,130,456,126,510
13,6,20,83,150,539,145,603
13,7,15,52,165,591,160,661
13,8,15,53,180,644,174,720
13,9,5,24,185,668,179,747
13,10,14,49,199,717,193,802
13,11,35,110,234,827,227,925
13,12,9,34,243,861,236,963
13,13,20,71,263,932,255,1043
13,14,27,94,290,1026,281,1148
13,15,13,49,303,1075,294,1203
13,16,47,166,350,1241,339,1388
13,17,44,156,394,1397,382,1563
13,18,27,106,421,1503,408,1681
13,19,16,54,437,1557,424,1742
13,20,7,27,444,1584,430,1772
13,21,13,46,457,1630,443,1823
13,22,19,92,476,1722,461,1926
13,23,16,67,492,1789,477,2001
13,24,7,28,499,1817,484,2033
13,25,23,82,522,1899,506,2124
13,26,16,60,538,1959,521,2191
13,27,19,57,557,2016,540,2255
13,28,11,48,568,2064,551,2309
13,29,8,37,576,2101,558,2350
13,30,29,98,605,2199,586,2460
13,31,51,170,656,2369,636,2650
13,32,13,51,669,2420,648,2707
13,33,39,129,708,2549,686,2851
13,34,14,47,722,2596,700,2904
13,35,20,77,742,2673,719,2990
13,36,25,93,767,2766,743,3094
13,37,21,69,788,2835,764,3171
13,38,22,77,810,2912,785,3258
13,39,8,28,818,2940,793,3289
13,40,13,50,831,2990,806,3345
13,41,16,61,847,3051,821,3413
13,42,18,63,865,3114,838,3483
13,43,15,55,880,3169,853,3545
14,1,21,79,21,79,20,88
14,2,15,43,36,122,35,136
14,3,16,64,52,186,51,207
14,4,19,63,71,249,69,277
14,5,22,81,93,330,90,368
14,6,27,108,120,438,117,488
14,7,11,45,131,483,127,538
14,8,13,44,144,527,140,587
14,9,38,142,182,669,177,745
14,10,35,133,217,802,211,893
14,11,29,105,246,907,239,1010
14,12,17,74,263,981,256,1093
14,13,16,72,279,1053,271,1173
14,14,11,40,290,1093,282,1218
14,15,5,21,295,1114,287,1241
14,16,7,23,302,1137,294,1267
14,17,16,53,318,1190,309,1326
14,18,23,78,341,1268,331,1412
14,19,15,47,356,1315,346,1465
14,20,6,16,362,1331,352,1483
14,21,34,129,396,1460,385,1626
14,22,44,171,440,1631,428,1817
14,23,17,75,457,1706,444,1900
14,24,15,53,472,1759,459,1959
14,25,12,49,484,1808,470,2014
14,26,13,45,497,1853,483,2064
14,27,18,66,515,1919,501,2138
14,28,13,46,528,1965,513,2189
14,29,4,19,532,1984,517,2210
14,30,12,49,544,2033,529,2265
14,31,21,74,565,2107,549,2347
14,32,27,93,592,2200,575,2451
14,33,9,36,601,2236,584,2491
14,34,15,60,616,2296,599,2558
14,35,14,49,630,2345,612,2612
14,36,15,52,645,2397,627,2670
14,37,27,96,672,2493,653,2777
14,38,18,53,690,2546,671,2836
14,39,13,45,703,2591,683,2886
14,40,9,33,712,2624,692,2923
14,41,9,31,721,2655,701,2958
14,42,13,53,734,2708,713,3017
14,43,9,41,743,2749,722,3062
14,44,26,99,769,2848,747,3173
14,45,14,58,783,2906,761,3237
14,46,12,49,795,2955,773,3292
14,47,11,38,806,2993,783,3334
14,48,12,41,818,3034,795,3380
14,49,6,26,824,3060,801,3409
14,50,6,29,830,3089,807,3441
14,51,10,30,840,3119,816,3474
14,52,14,58,854,3177,830,3539
15,1,10,40,10,40,10,44
15,2,7,26,17,66,17,73
15,3,7,34,24,100,23,110
15,4,8,30,32,130,31,143
15,5,7,26,39,156,38,172
15,6,8,31,47,187,46,206
15,7,8,30,55,217,54,239
15,8,9,36,64,253,62,279
15,9,7,28,71,281,69,309
15,10,7,24,78,305,76,336
15,11,8,30,86,335,84,369
15,12,6,20,92,355,90,391
15,13,7,23,99,378,97,416
15,14,9,35,108,413,105,455
15,15,8,36,116,449,113,494
15,16,7,33,123,482,120,531
15,17,5,19,128,501,125,552
15,18,7,26,135,527,132,580
15,19,12,45,147,572,143,630
15,20,9,30,156,602,152,663
15,21,11,41,167,643,163,708
15,22,13,57,180,700,175,771
15,23,7,24,187,724,182,797
15,24,7,38,194,762,189,839
15,25,7,22,201,784,196,863
15,26,8,32,209,816,204,898
15,27,7,26,216,842,211,927
15,28,12,44,228,886,222,975
15,29,9,32,237,918,231,1011
15,30,4,21,241,939,235,1034
15,31,7,23,248,962,242,1059
15,32,8,27,256,989,250,1089
15,33,11,39,267,1028,260,1132
15,34,5,18,272,1046,265,1151
15,35,6,19,278,1065,271,1172
15,36,6,21,284,1086,277,1196
15,37,4,15,288,1101,281,1212
15,38,4,15,292,1116,285,1229
15,39,10,39,302,1155,294,1271
15,40,4,18,306,1173,298,1291
15,41,6,17,312,1190,304,1310
15,42,11,35,323,1225,315,1349
15,43,4,19,327,1244,319,1369
15,44,9,29,336,1273,328,1401
15,45,5,16,341,1289,332,1419
15,46,3,16,344,1305,335,1437
15,47,11,37,355,1342,346,1477
15,48,8,27,363,1369,354,1507
15,49,7,21,370,1390,361,1530
15,50,5,18,375,1408,366,1550
15,51,5,15,380,1423,370,1566
15,52,9,36,389,1459,379,1606
15,53,7,27,396,1486,386,1636
15,54,8,32,404,1518,394,1671
15,55,7,29,411,1547,401,1703
15,56,8,27,419,1574,408,1733
15,57,5,21,424,1595,413,1756
15,58,6,25,430,1620,419,1783
15,59,6,24,436,1644,425,1810
15,60,6,26,442,1670,431,1838
15,61,5,20,447,1690,436,1860
15,62,4,16,451,1706,440,1878
15,63,7,27,458,1733,446,1908
15,64,4,21,462,1754,450,1931
15,65,14,55,476,1809,464,1991
15,66,10,37,486,1846,474,2032
15,67,4,19,490,1865,478,2053
15,68,6,22,496,1887,483,2077
15,69,4,16,500,1903,487,2095
15,70,5,21,505,1924,492,2118
15,71,6,24,511,1948,498,2144
15,72,5,22,516,1970,503,2169
15,73,3,16,519,1986,506,2186
15,74,8,38,527,2024,514,2228
15,75,6,19,533,2043,520,2249
15,76,3,13,536,2056,522,2263
15,77,6,17,542,2073,528,2282
15,78,5,21,547,2094,533,2305
15,79,5,26,552,2120,538,2334
15,80,5,22,557,2142,543,2358
15,81,5,29,562,2171,548,2390
15,82,6,27,568,2198,554,2420
15,83,3,16,571,2214,557,2437
15,84,6,23,577,2237,562,2463
15,85,15,59,592,2296,577,2528
15,86,5,16,597,2312,582,2545
15,87,7,32,604,2344,589,2580
15,88,16,57,620,2401,604,2643
15,89,5,16,625,2417,609,2661
15,90,4,19,629,2436,613,2682
15,91,4,17,633,2453,617,2700
15,92,3,18,636,2471,620,2720
15,93,3,13,639,2484,623,2734
15,94,6,24,645,2508,629,2761
15,95,3,16,648,2524,632,2779
15,96,8,31,656,2555,639,2813
15,97,7,25,663,2580,646,2840
15,98,6,22,669,2602,652,2864
15,99,5,16,674,2618,657,2882
16,1,13,56,13,56,13,62
16,2,18,64,31,120,30,133
16,3,8,31,39,151,38,168
16,4,8,27,47,178,46,198
16,5,8,38,55,216,53,240
16,6,7,27,62,243,60,270
16,7,14,56,76,299,74,333
16,8,9,41,85,340,83,378
16,9,10,40,95,380,92,423
16,10,13,42,108,422,105,469
16,11,18,60,126,482,123,536
16,12,17,61,143,543,139,604
16,13,15,44,158,587,154,653
16,14,21,93,179,680,174,756
16,15,12,44,191,724,186,805
16,16,4,20,195,744,190,828
16,17,7,25,202,769,196,855
16,18,10,36,212,805,206,895
16,19,6,23,218,828,212,921
16,20,10,34,228,862,222,959
16,21,8,26,236,888,230,988
16,22,12,53,248,941,241,1047
16,23,13,42,261,983,254,1093
16,24,9,36,270,1019,263,1133
16,25,15,60,285,1079,277,1200
16,26,21,76,306,1155,298,1285
16,27,21,77,327,1232,318,1370
16,28,19,75,346,1307,337,1454
16,29,9,38,355,1345,345,1496
16,30,21,80,376,1425,366,1585
16,31,16,57,392,1482,381,1648
16,32,12,55,404,1537,393,1710
16,33,23,83,427,1620,415,1802
16,34,10,41,437,1661,425,1848
16,35,33,108,470,1769,457,1968
16,36,28,107,498,1876,484,2087
16,37,14,41,512,1917,498,2132
16,38,18,66,530,1983,515,2206
16,39,11,43,541,2026,526,2254
16,40,10,35,551,2061,536,2293
16,41,18,70,569,2131,553,2370
16,42,5,22,574,2153,558,2395
16,43,15,57,589,2210,573,2458
16,44,12,55,601,2265,585,2519
16,45,16,55,617,2320,600,2581
16,46,7,25,624,2345,607,2608
16,47,8,29,632,2374,615,2641
16,48,18,58,650,2432,632,2705
16,49,15,50,665,2482,647,2761
16,50,8,29,673,2511,655,2793
16,51,14,45,687,2556,668,2843
16,52,12,40,699,2596,680,2888
16,53,12,40,711,2636,692,2932
16,54,10,35,721,2671,701,2971
16,55,6,33,727,2704,707,3008
16,56,12,53,739,2757,719,3067
16,57,7,31,746,2788,726,3101
16,58,9,35,755,2823,734,3140
16,59,20,57,775,2880,754,3204
16,60,12,49,787,2929,765,3258
16,61,23,90,810,3019,788,3358
16,62,17,66,827,3085,804,3432
16,63,17,64,844,3149,821,3503
16,64,14,55,858,3204,834,3564
16,65,17,55,875,3259,851,3625
16,66,17,63,892,3322,868,3695
16,67,17,59,909,3381,884,3761
16,68,13,47,922,3428,897,3813
16,69,27,83,949,3511,923,3905
16,70,20,64,969,3575,942,3977
16,71,22,82,991,3657,964,4068
16,72,23,88,1014,3745,986,4166
16,73,16,53,1030,3798,1002,4225
16,74,10,39,1040,3837,1011,4268
16,75,28,95,1068,3932,1039,4374
16,76,30,95,1098,4027,1068,4479
16,77,20,62,1118,4089,1087,4548
16,78,15,70,1133,4159,1102,4626
16,79,20,58,1153,4217,1121,4691
16,80,25,112,1178,4329,1146,4815
16,81,28,99,1206,4428,1173,4925
16,82,6,25,1212,4453,1179,4953
16,83,7,35,1219,4488,1186,4992
16,84,14,46,1233,4534,1199,5043
16,85,11,40,1244,4574,1210,5088
16,86,19,87,1263,4661,1228,5185
16,87,10,39,1273,4700,1238,5228
16,88,13,53,1286,4753,1251,5287
16,89,24,94,1310,4847,1274,5392
16,90,17,68,1327,4915,1291,5467
16,91,20,80,1347,4995,1310,5556
16,92,32,118,1379,5113,1341,5687
16,93,18,62,1397,5175,1359,5756
16,94,19,77,1416,5252,1377,5842
16,95,15,53,1431,5305,1392,5901
16,96,15,58,1446,5363,1406,5965
16,97,18,70,1464,5433,1424,6043
16,98,8,34,1472,5467,1432,6081
16,99,10,38,1482,5505,1441,6123
16,100,9,36,1491,5541,1450,6163
16,101,17,64,1508,5605,1467,6235
16,102,13,51,1521,5656,1479,6291
16,103,16,61,1537,5717,1495,6359
16,104,12,40,1549,5757,1507,6404
16,105,11,45,1560,5802,1517,6454
16,106,24,87,1584,5889,1541,6551
16,107,14,51,1598,5940,1554,6607
16,108,11,54,1609,5994,1565,6667
16,109,7,25,1616,6019,1572,6695
16,110,18,63,1634,6082,1589,6765
16,111,16,48,1650,6130,1605,6819
16,112,25,98,1675,6228,1629,6928
16,113,9,43,1684,6271,1638,6975
16,114,13,52,1697,6323,1650,7033
16,115,22,72,1719,6395,1672,7113
16,116,22,87,1741,6482,1693,7210
16,117,5,18,1746,6500,1698,7230
16,118,15,63,1761,6563,1713,7300
16,119,20,68,1781,6631,1732,7376
16,120,12,37,1793,6668,1744,7417
16,121,8,32,1801,6700,1752,7453
16,122,9,36,1810,6736,1760,7493
16,123,13,41,1823,6777,1773,7538
16,124,17,62,1840,6839,1790,7607
16,125,22,80,1862,6919,1811,7696
16,126,12,51,1874,6970,1823,7753
16,127,14,45,1888,7015,1836,7803
16,128,8,26,1896,7041,1844,7832
17,1,25,97,25,97,25,106
17,2,13,51,38,148,37,162
17,3,9,30,47,178,46,194
17,4,14,50,61,228,60,249
17,5,17,71,78,299,77,327
17,6,12,52,90,351,89,383
17,7,23,105,113,456,111,498
17,8,11,46,124,502,122,548
17,9,16,60,140,562,138,614
17,10,9,38,149,600,147,655
17,11,8,37,157,637,154,696
17,12,23,102,180,739,177,807
17,13,13,54,193,793,190,866
17,14,7,26,200,819,197,894
17,15,21,76,221,895,217,977
17,16,14,62,235,957,231,1045
17,17,13,50,248,1007,244,1100
17,18,18,65,266,1072,262,1171
17,19,12,51,278,1123,273,1226
17,20,12,47,290,1170,285,1278
17,21,11,48,301,1218,296,1330
17,22,9,37,310,1255,305,1371
17,23,27,101,337,1356,331,1481
17,24,12,44,349,1400,343,1529
17,25,13,49,362,1449,356,1582
17,26,10,39,372,1488,366,1625
17,27,10,40,382,1528,376,1669
17,28,12,48,394,1576,388,1721
17,29,13,53,407,1629,400,1779
17,30,12,42,419,1671,412,1825
17,31,13,56,432,1727,425,1886
17,32,8,32,440,1759,433,1921
17,33,22,81,462,1840,454,2009
17,34,17,62,479,1902,471,2077
17,35,12,49,491,1951,483,2131
17,36,16,54,507,2005,499,2190
17,37,13,44,520,2049,511,2238
17,38,8,23,528,2072,519,2263
17,39,19,65,547,2137,538,2334
17,40,11,54,558,2191,549,2393
17,41,10,41,568,2232,559,2437
17,42,13,44,581,2276,571,2486
17,43,6,28,587,2304,577,2516
17,44,22,79,609,2383,599,2602
17,45,12,53,621,2436,611,2660
17,46,19,80,640,2516,629,2748
17,47,19,71,659,2587,648,2825
17,48,9,36,668,2623,657,2864
17,49,9,44,677,2667,666,2913
17,50,6,18,683,2685,672,2932
17,51,25,88,708,2773,696,3028
17,52,9,40,717,2813,705,3072
17,53,16,59,733,2872,721,3136
17,54,14,49,747,2921,735,3190
17,55,16,61,763,2982,750,3257
17,56,13,46,776,3028,763,3307
17,57,18,76,794,3104,781,3390
17,58,19,67,813,3171,800,3463
17,59,21,87,834,3258,820,3558
17,60,25,100,859,3358,845,3667
17,61,13,56,872,3414,858,3728
17,62,15,56,887,3470,872,3789
17,63,10,40,897,3510,882,3833
17,64,20,85,917,3595,902,3926
17,65,9,31,926,3626,911,3960
17,66,14,46,940,3672,925,4010
17,67,18,67,958,3739,942,4083
17,68,15,52,973,3791,957,4140
17,69,22,77,995,3868,979,4224
17,70,18,74,1013,3942,996,4305
17,71,15,65,1028,4007,1011,4376
17,72,11,37,1039,4044,1022,4416
17,73,13,53,1052,4097,1035,4474
17,74,9,34,1061,4131,1044,4511
17,75,12,43,1073,4174,1055,4558
17,76,13,55,1086,4229,1068,4618
17,77,11,41,1097,4270,1079,4663
17,78,14,55,1111,4325,1093,4723
17,79,12,42,1123,4367,1105,4769
17,80,14,51,1137,4418,1118,4825
17,81,9,33,1146,4451,1127,4861
17,82,13,52,1159,4503,1140,4918
17,83,12,50,1171,4553,1152,4972
17,84,11,38,1182,4591,1163,5014
17,85,14,47,1196,4638,1176,5065
17,86,13,44,1209,4682,1189,5113
17,87,9,28,1218,4710,1198,5144
17,88,19,71,1237,4781,1217,5221
17,89,14,52,1251,4833,1230,5278
17,90,10,35,1261,4868,1240,5316
17,91,11,42,1272,4910,1251,5362
17,92,12,47,1284,4957,1263,5413
17,93,26,85,1310,5042,1288,5506
17,94,15,54,1325,5096,1303,5565
17,95,14,54,1339,5150,1317,5624
17,96,11,40,1350,5190,1328,5668
17,97,27,104,1377,5294,1354,5781
17,98,15,70,1392,5364,1369,5858
17,99,25,81,1417,5445,1394,5946
17,100,14,59,1431,5504,1408,6011
17,101,19,71,1450,5575,1426,6088
17,102,16,63,1466,5638,1442,6157
17,103,9,37,1475,5675,1451,6197
17,104,15,55,1490,5730,1466,6258
17,105,9,43,1499,5773,1474,6304
17,106,9,44,1508,5817,1483,6353
17,107,18,65,1526,5882,1501,6423
17,108,8,34,1534,5916,1509,6461
17,109,6,26,1540,5942,1515,6489
17,110,23,81,1563,6023,1537,6577
17,111,21,60,1584,6083,1558,6643
18,1,15,53,15,53,15,57
18,2,15,59,30,112,30,121
18,3,3,11,33,123,33,133
18,4,6,22,39,145,39,157
18,5,17,57,56,202,55,219
18,6,11,45,67,247,66,268
18,7,11,41,78,288,77,312
18,8,6,25,84,313,83,340
18,9,10,39,94,352,93,382
18,10,16,58,110,410,109,445
18,11,7,28,117,438,116,475
18,12,9,36,126,474,125,514
18,13,11,46,137,520,135,564
18,14,20,77,157,597,155,648
18,15,18,71,175,668,173,725
18,16,19,72,194,740,192,803
18,17,37,114,231,854,228,926
18,18,22,98,253,952,250,1033
18,19,39,162,292,1114,289,1208
18,20,13,50,305,1164,301,1263
18,21,33,128,338,1292,334,1402
18,22,33,141,371,1433,367,1554
18,23,8,24,379,1457,375,1581
18,24,17,52,396,1509,391,1637
18,25,8,34,404,1543,399,1674
18,26,24,73,428,1616,423,1753
18,27,15,51,443,1667,438,1808
18,28,30,112,473,1779,467,1930
18,29,28,117,501,1896,495,2057
18,30,12,45,513,1941,507,2106
18,31,28,114,541,2055,535,2229
18,32,15,66,556,2121,549,2301
18,33,11,48,567,2169,560,2353
18,34,13,49,580,2218,573,2406
18,35,12,41,592,2259,585,2450
18,36,12,47,604,2306,597,2501
18,37,16,54,620,2360,613,2560
18,38,8,26,628,2386,621,2588
18,39,19,61,647,2447,639,2654
18,40,15,54,662,2501,654,2713
18,41,8,28,670,2529,662,2743
18,42,19,68,689,2597,681,2817
18,43,11,37,700,2634,692,2857
18,44,9,32,709,2666,701,2892
18,45,23,89,732,2755,723,2989
18,46,13,55,745,2810,736,3048
18,47,11,48,756,2858,747,3100
18,48,16,63,772,2921,763,3169
18,49,27,110,799,3031,790,3288
18,50,26,105,825,3136,815,3402
18,51,15,54,840,3190,830,3460
18,52,13,57,853,3247,843,3522
18,53,10,48,863,3295,853,3574
18,54,14,52,877,3347,867,3631
18,55,19,73,896,3420,885,3710
18,56,18,80,914,3500,903,3797
18,57,30,113,944,3613,933,3919
18,58,19,70,963,3683,952,3995
18,59,8,42,971,3725,959,4041
18,60,13,46,984,3771,972,4091
18,61,11,43,995,3814,983,4137
18,62,12,50,1007,3864,995,4192
18,63,20,72,1027,3936,1015,4270
18,64,10,34,1037,3970,1025,4307
18,65,12,51,1049,4021,1037,4362
18,66,11,37,1060,4058,1047,4402
18,67,6,19,1066,4077,1053,4423
18,68,8,23,1074,4100,1061,4448
18,69,10,33,1084,4133,1071,4483
18,70,12,39,1096,4172,1083,4526
18,71,15,60,1111,4232,1098,4591
18,72,8,25,1119,4257,1106,4618
18,73,10,34,1129,4291,1116,4655
18,74,16,59,1145,4350,1131,4719
18,75,10,27,1155,4377,1141,4748
18,76,13,43,1168,4420,1154,4795
18,77,24,91,1192,4511,1178,4893
18,78,12,44,1204,4555,1190,4941
18,79,17,67,1221,4622,1207,5014
18,80,10,46,1231,4668,1216,5064
18,81,9,38,1240,4706,1225,5105
18,82,36,135,1276,4841,1261,5251
18,83,9,34,1285,4875,1270,5288
18,84,10,31,1295,4906,1280,5322
18,85,2,9,1297,4915,1282,5332
18,86,24,84,1321,4999,1305,5423
18,87,13,44,1334,5043,1318,5470
18,88,13,49,1347,5092,1331,5524
18,89,3,10,1350,5102,1334,5534
18,90,15,52,1365,5154,1349,5591
18,91,7,22,1372,5176,1356,5615
18,92,3,10,1375,5186,1359,5626
18,93,13,46,1388,5232,1372,5676
18,94,19,70,1407,5302,1390,5751
18,95,12,41,1419,5343,1402,5796
18,96,19,70,1438,5413,1421,5872
18,97,8,32,1446,5445,1429,5907
18,98,15,47,1461,5492,1444,5958
18,99,12,43,1473,5535,1456,6004
18,100,5,25,1478,5560,1460,6031
18,101,11,40,1489,5600,1471,6075
18,102,14,58,1503,5658,1485,6138
18,103,5,23,1508,5681,1490,6163
18,104,11,39,1519,5720,1501,6205
18,105,14,61,1533,5781,1515,6271
18,106,10,39,1543,5820,1525,6313
18,107,10,45,1553,5865,1535,6362
18,108,6,22,1559,5887,1541,6386
18,109,18,64,1577,5951,1558,6455
18,110,25,89,1602,6040,1583,6552
19,1,5,20,5,20,5,22
19,2,5,18,10,38,10,42
19,3,5,16,15,54,15,60
19,4,14,45,29,99,29,110
19,5,14,43,43,142,42,158
19,6,8,25,51,167,50,186
19,7,12,39,63,206,62,229
19,8,14,46,77,252,76,281
19,9,15,40,92,292,91,325
19,10,13,40,105,332,104,370
19,11,11,43,116,375,114,418
19,12,7,28,123,403,121,449
19,13,6,24,129,427,127,475
19,14,7,22,136,449,134,500
19,15,9,27,145,476,143,530
19,16,10,36,155,512,153,570
19,17,11,48,166,560,164,624
19,18,8,28,174,588,172,655
19,19,9,31,183,619,180,689
19,20,11,33,194,652,191,726
19,21,16,54,210,706,207,786
19,22,6,22,216,728,213,811
19,23,13,51,229,779,226,867
19,24,10,36,239,815,236,907
19,25,8,30,247,845,243,941
19,26,18,65,265,910,261,1013
19,27,10,37,275,947,271,1054
19,28,11,37,286,984,282,1096
19,29,10,33,296,1017,292,1132
19,30,8,29,304,1046,300,1165
19,31,11,43,315,1089,311,1213
19,32,7,24,322,1113,317,1239
19,33,9,30,331,1143,326,1273
19,34,10,26,341,1169,336,1302
19,35,16,50,357,1219,352,1357
19,36,9,31,366,1250,361,1392
19,37,11,40,377,1290,372,1436
19,38,11,42,388,1332,382,1483
19,39,12,40,400,1372,394,1528
19,40,8,30,408,1402,402,1561
19,41,9,28,417,1430,411,1592
19,42,15,43,432,1473,426,1640
19,43,14,41,446,1514,440,1686
19,44,9,35,455,1549,449,1725
19,45,11,41,466,1590,459,1770
19,46,13,48,479,1638,472,1824
19,47,10,31,489,1669,482,1858
19,48,14,52,503,1721,496,1916
19,49,14,55,517,1776,510,1978
19,50,9,36,526,1812,519,2018
19,51,10,37,536,1849,528,2059
19,52,7,31,543,1880,535,2093
19,53,7,28,550,1908,542,2124
19,54,11,42,561,1950,553,2171
19,55,9,37,570,1987,562,2212
19,56,8,27,578,2014,570,2243
19,57,3,15,581,2029,573,2259
19,58,32,114,613,2143,604,2386
19,59,13,46,626,2189,617,2437
19,60,12,49,638,2238,629,2492
19,61,11,41,649,2279,640,2538
19,62,11,42,660,2321,651,2584
19,63,9,29,669,2350,659,2617
19,64,19,56,688,2406,678,2679
19,65,13,49,701,2455,691,2734
19,66,8,28,709,2483,699,2765
19,67,10,34,719,2517,709,2803
19,68,8,39,727,2556,717,2846
19,69,10,33,737,2589,727,2883
19,70,8,26,745,2615,734,2912
19,71,9,33,754,2648,743,2948
19,72,8,28,762,2676,751,2980
19,73,16,64,778,2740,767,3051
19,74,9,34,787,2774,776,3089
19,75,25,91,812,2865,800,3190
19,76,13,51,825,2916,813,3247
19,77,8,35,833,2951,821,3286
19,78,7,25,840,2976,828,3314
19,79,9,29,849,3005,837,3346
19,80,5,19,854,3024,842,3367
19,81,8,31,862,3055,850,3402
19,82,6,30,868,3085,856,3435
19,83,9,36,877,3121,865,3475
19,84,7,24,884,3145,871,3502
19,85,6,24,890,3169,877,3529
19,86,5,22,895,3191,882,3553
19,87,9,34,904,3225,891,3591
19,88,4,19,908,3244,895,3612
19,89,4,13,912,3257,899,3627
19,90,10,39,922,3296,909,3670
19,91,4,17,926,3313,913,3689
19,92,6,22,932,3335,919,3713
19,93,11,34,943,3369,930,3751
19,94,4,17,947,3386,934,3770
19,95,5,20,952,3406,938,3792
19,96,9,40,961,3446,947,3837
19,97,10,42,971,3488,957,3884
19,98,14,46,985,3534,971,3935
20,1,5,18,5,18,5,20
20,2,5,22,10,40,10,44
20,3,4,14,14,54,14,59
20,4,7,26,21,80,21,87
20,5,4,17,25,97,25,106
20,6,13,37,38,134,38,146
20,7,7,27,45,161,45,176
20,8,8,27,53,188,53,206
20,9,4,14,57,202,56,221
20,10,18,65,75,267,74,292
20,11,4,17,79,284,78,310
20,12,9,32,88,316,87,345
20,13,5,20,93,336,92,367
20,14,11,39,104,375,103,410
20,15,10,37,114,412,113,450
20,16,10,34,124,446,123,488
20,17,4,15,128,461,127,504
20,18,13,44,141,505,140,552
20,19,3,13,144,518,143,566
20,20,5,18,149,536,148,586
20,21,7,29,156,565,155,618
20,22,11,36,167,601,166,657
20,23,4,17,171,618,169,676
20,24,5,17,176,635,174,694
20,25,5,12,181,647,179,707
20,26,3,7,184,654,182,715
20,27,4,14,188,668,186,730
20,28,2,8,190,676,188,739
20,29,5,14,195,690,193,754
20,30,2,7,197,697,195,762
20,31,3,8,200,705,198,771
20,32,3,10,203,715,201,782
20,33,3,10,206,725,204,793
20,34,2,10,208,735,206,803
20,35,4,13,212,748,210,818
20,36,5,18,217,766,215,837
20,37,5,18,222,784,220,857
20,38,6,18,228,802,226,877
20,39,22,73,250,875,248,956
20,40,34,120,284,995,282,1088
20,41,2,11,286,1006,283,1100
20,42,8,26,294,1032,291,1128
20,43,5,18,299,1050,296,1148
20,44,8,27,307,1077,304,1177
20,45,10,32,317,1109,314,1212
20,46,7,26,324,1135,321,1241
20,47,22,80,346,1215,343,1328
20,48,10,32,356,1247,353,1363
20,49,4,16,360,1263,357,1381
20,50,9,26,369,1289,366,1409
20,51,5,19,374,1308,371,1430
20,52,11,30,385,1338,382,1463
20,53,20,68,405,1406,401,1537
20,54,10,35,415,1441,411,1575
20,55,9,39,424,1480,420,1618
20,56,6,27,430,1507,426,1647
20,57,7,33,437,1540,433,1683
20,58,14,56,451,1596,447,1745
20,59,8,28,459,1624,455,1775
20,60,6,22,465,1646,461,1799
20,61,15,55,480,1701,476,1859
20,62,5,28,485,1729,481,1890
20,63,15,60,500,1789,496,1956
20,64,10,37,510,1826,506,1996
20,65,11,37,521,1863,516,2037
20,66,12,45,533,1908,528,2086
20,67,5,17,538,1925,533,2104
20,68,6,20,544,1945,539,2126
20,69,16,52,560,1997,555,2183
20,70,8,36,568,2033,563,2222
20,71,26,108,594,2141,589,2340
20,72,19,67,613,2208,608,2414
20,73,14,56,627,2264,621,2475
20,74,13,37,640,2301,634,2515
20,75,10,43,650,2344,644,2562
20,76,13,45,663,2389,657,2612
20,77,18,62,681,2451,675,2679
20,78,8,33,689,2484,683,2715
20,79,5,19,694,2503,688,2736
20,80,16,63,710,2566,704,2805
20,81,17,57,727,2623,721,2867
20,82,9,34,736,2657,730,2904
20,83,6,19,742,2676,735,2925
20,84,9,31,751,2707,744,2959
20,85,9,34,760,2741,753,2996
20,86,26,98,786,2839,779,3103
20,87,16,72,802,2911,795,3182
20,88,12,50,814,2961,807,3237
20,89,12,40,826,3001,819,3281
20,90,16,63,842,3064,835,3349
20,91,9,33,851,3097,844,3385
20,92,7,26,858,3123,850,3414
20,93,4,16,862,3139,854,3431
20,94,19,58,881,3197,873,3495
20,95,4,15,885,3212,877,3511
20,96,17,58,902,3270,894,3575
20,97,28,94,930,3364,922,3677
20,98,12,37,942,3401,934,3718
20,99,14,43,956,3444,948,3765
20,100,8,27,964,3471,956,3794
20,101,7,25,971,3496,962,3822
20,102,8,29,979,3525,970,3853
20,103,6,25,985,3550,976,3881
20,104,12,43,997,3593,988,3928
20,105,7,28,1004,3621,995,3958
20,106,3,14,1007,3635,998,3974
20,107,6,19,1013,3654,1004,3994
20,108,13,52,1026,3706,1017,4051
20,109,12,41,1038,3747,1029,4096
20,110,10,32,1048,3779,1039,4131
20,111,10,31,1058,3810,1049,4165
20,112,11,39,1069,3849,1060,4207
20,113,15,57,1084,3906,1074,4270
20,114,17,58,1101,3964,1091,4333
20,115,11,36,1112,4000,1102,4373
20,116,9,41,1121,4041,1111,4417
20,117,12,48,1133,4089,1123,4470
20,118,7,21,1140,4110,1130,4493
20,119,6,21,1146,4131,1136,4516
20,120,13,47,1159,4178,1149,4567
20,121,17,63,1176,4241,1166,4636
20,122,6,21,1182,4262,1172,4659
20,123,18,61,1200,4323,1189,4726
20,124,12,42,1212,4365,1201,4772
20,125,8,26,1220,4391,1209,4800
20,126,10,35,1230,4426,1219,4838
20,127,13,48,1243,4474,1232,4891
20,128,18,60,1261,4534,1250,4956
20,129,9,35,1270,4569,1259,4995
20,130,20,79,1290,4648,1279,5081
20,131,19,66,1309,4714,1297,5153
20,132,12,55,1321,4769,1309,5213
20,133,13,47,1334,4816,1322,5265
20,134,19,78,1353,4894,1341,5350
20,135,12,45,1365,4939,1353,5399
21,1,11,45,11,45,11,49
21,2,11,38,22,83,22,90
21,3,15,68,37,151,36,164
21,4,10,34,47,185,46,201
21,5,14,55,61,240,60,261
21,6,8,34,69,274,68,298
21,7,14,55,83,329,81,358
21,8,9,39,92,368,90,400
21,9,8,41,100,409,98,445
21,10,8,35,108,444,106,483
21,11,10,43,118,487,115,530
21,12,7,28,125,515,122,560
21,13,10,46,135,561,132,610
21,14,5,21,140,582,137,633
21,15,8,35,148,617,145,671
21,16,7,31,155,648,152,705
21,17,11,40,166,688,162,749
21,18,13,48,179,736,175,801
21,19,14,51,193,787,189,856
21,20,5,20,198,807,194,878
21,21,7,25,205,832,201,905
21,22,13,48,218,880,213,958
21,23,6,19,224,899,219,978
21,24,22,79,246,978,241,1064
21,25,15,51,261,1029,255,1120
21,26,8,37,269,1066,263,1160
21,27,6,26,275,1092,269,1188
21,28,15,52,290,1144,284,1245
21,29,16,46,306,1190,299,1295
21,30,19,70,325,1260,318,1371
21,31,14,50,339,1310,332,1426
21,32,8,38,347,1348,339,1467
21,33,11,37,358,1385,350,1507
21,34,10,38,368,1423,360,1549
21,35,10,44,378,1467,370,1596
21,36,17,69,395,1536,386,1672
21,37,8,35,403,1571,394,1710
21,38,7,28,410,1599,401,1740
21,39,16,54,426,1653,417,1799
21,40,10,41,436,1694,427,1843
21,41,13,52,449,1746,439,1900
21,42,13,45,462,1791,452,1949
21,43,14,53,476,1844,466,2007
21,44,18,78,494,1922,483,2092
21,45,11,40,505,1962,494,2135
21,46,11,43,516,2005,505,2182
21,47,21,73,537,2078,525,2261
21,48,8,40,545,2118,533,2305
21,49,8,31,553,2149,541,2339
21,50,7,34,560,2183,548,2376
21,51,11,34,571,2217,559,2413
21,52,11,41,582,2258,569,2457
21,53,5,25,587,2283,574,2484
21,54,8,30,595,2313,582,2517
21,55,7,28,602,2341,589,2548
21,56,15,48,617,2389,604,2600
21,57,7,32,624,2421,610,2635
21,58,9,33,633,2454,619,2671
21,59,8,34,641,2488,627,2708
21,60,8,28,649,2516,635,2738
21,61,8,32,657,2548,643,2773
21,62,7,31,664,2579,650,2807
21,63,9,37,673,2616,658,2847
21,64,7,36,680,2652,665,2886
21,65,9,36,689,2688,674,2925
21,66,11,38,700,2726,685,2967
21,67,9,33,709,2759,694,3002
21,68,7,34,716,2793,700,3039
21,69,8,29,724,2822,708,3071
21,70,5,26,729,2848,713,3099
21,71,8,36,737,2884,721,3138
21,72,8,37,745,2921,729,3179
21,73,16,73,761,2994,745,3258
21,74,16,68,777,3062,760,3332
21,75,6,26,783,3088,766,3360
21,76,12,46,795,3134,778,3411
21,77,12,57,807,3191,790,3473
21,78,14,53,821,3244,803,3530
21,79,14,65,835,3309,817,3601
21,80,10,45,845,3354,827,3650
21,81,14,55,859,3409,840,3710
21,82,13,45,872,3454,853,3759
21,83,12,34,884,3488,865,3796
21,84,16,67,900,3555,880,3869
21,85,7,29,907,3584,887,3900
21,86,6,28,913,3612,893,3931
21,87,23,77,936,3689,916,4014
21,88,9,34,945,3723,925,4051
21,89,12,37,957,3760,936,4092
21,90,20,82,977,3842,956,4181
21,91,11,52,988,3894,967,4238
21,92,9,32,997,3926,975,4272
21,93,7,27,1004,3953,982,4302
21,94,12,46,1016,3999,994,4352
21,95,8,29,1024,4028,1002,4383
21,96,10,35,1034,4063,1012,4421
21,97,19,66,1053,4129,1030,4493
21,98,12,40,1065,4169,1042,4537
21,99,9,36,1074,4205,1051,4576
21,100,7,22,1081,4227,1058,4600
21,101,9,36,1090,4263,1066,4639
21,102,9,34,1099,4297,1075,4676
21,103,11,51,1110,4348,1086,4732
21,104,16,58,1126,4406,1102,4795
21,105,12,45,1138,4451,1113,4844
21,106,6,22,1144,4473,1119,4868
21,107,5,24,1149,4497,1124,4894
21,108,12,41,1161,4538,1136,4938
21,109,13,48,1174,4586,1149,4991
21,110,8,28,1182,4614,1156,5021
21,111,8,27,1190,4641,1164,5050
21,112,10,40,1200,4681,1174,5094
22,1,13,49,13,49,13,56
22,2,22,83,35,132,34,151
22,3,12,36,47,168,46,192
22,4,11,38,58,206,57,235
22,5,69,241,127,447,124,510
22,6,14,38,141,485,138,553
22,7,12,36,153,521,149,594
22,8,13,39,166,560,162,639
22,9,15,47,181,607,177,692
22,10,10,31,191,638,186,728
22,11,26,90,217,728,212,830
22,12,15,42,232,770,227,878
22,13,10,38,242,808,236,922
22,14,17,62,259,870,253,992
22,15,22,71,281,941,274,1073
22,16,10,32,291,973,284,1110
22,17,22,84,313,1057,306,1206
22,18,39,121,352,1178,344,1344
22,19,18,62,370,1240,361,1414
22,20,6,20,376,1260,367,1437
22,21,4,14,380,1274,371,1453
22,22,12,47,392,1321,383,1507
22,23,22,88,414,1409,404,1607
22,24,10,32,424,1441,414,1644
22,25,25,93,449,1534,438,1750
22,26,17,63,466,1597,455,1822
22,27,14,44,480,1641,469,1872
22,28,20,83,500,1724,488,1966
22,29,8,39,508,1763,496,2011
22,30,25,89,533,1852,520,2112
22,31,21,69,554,1921,541,2191
22,32,10,33,564,1954,551,2229
22,33,11,38,575,1992,561,2272
22,34,21,83,596,2075,582,2367
22,35,15,66,611,2141,597,2442
22,36,28,118,639,2259,624,2577
22,37,21,83,660,2342,644,2671
22,38,15,38,675,2380,659,2715
22,39,10,41,685,2421,669,2761
22,40,37,126,722,2547,705,2905
22,41,17,77,739,2624,722,2993
22,42,9,35,748,2659,730,3033
22,43,5,16,753,2675,735,3051
22,44,11,46,764,2721,746,3104
22,45,14,55,778,2776,760,3166
22,46,23,87,801,2863,782,3266
22,47,14,55,815,2918,796,3328
22,48,11,38,826,2956,806,3372
22,49,8,26,834,2982,814,3401
22,50,8,38,842,3020,822,3445
22,51,8,36,850,3056,830,3486
22,52,27,90,877,3146,856,3588
22,53,16,61,893,3207,872,3658
22,54,22,79,915,3286,893,3748
22,55,16,53,931,3339,909,3808
22,56,12,50,943,3389,921,3865
22,57,8,39,951,3428,928,3910
22,58,19,65,970,3493,947,3984
22,59,7,30,977,3523,954,4018
22,60,18,51,995,3574,971,4076
22,61,16,44,1011,3618,987,4127
22,62,18,51,1029,3669,1005,4185
22,63,15,49,1044,3718,1019,4241
22,64,13,35,1057,3753,1032,4281
22,65,27,88,1084,3841,1058,4381
22,66,10,34,1094,3875,1068,4420
22,67,17,62,1111,3937,1085,4490
22,68,7,28,1118,3965,1092,4522
22,69,9,33,1127,3998,1100,4560
22,70,20,51,1147,4049,1120,4618
22,71,18,57,1165,4106,1137,4683
22,72,30,118,1195,4224,1167,4818
22,73,28,107,1223,4331,1194,4940
22,74,9,27,1232,4358,1203,4971
22,75,11,37,1243,4395,1214,5013
22,76,10,35,1253,4430,1223,5053
22,77,12,54,1265,4484,1235,5114
22,78,45,175,1310,4659,1279,5314
23,1,7,29,7,29,7,32
23,2,5,18,12,47,12,51
23,3,5,18,17,65,17,71
23,4,4,18,21,83,20,90
23,5,4,19,25,102,24,111
23,6,11,38,36,140,35,152
23,7,8,29,44,169,43,184
23,8,6,25,50,194,49,211
23,9,6,21,56,215,55,234
23,10,4,14,60,229,58,249
23,11,6,24,66,253,64,275
23,12,7,26,73,279,71,303
23,13,6,20,79,299,77,325
23,14,21,98,100,397,97,431
23,15,6,17,106,414,103,450
23,16,5,19,111,433,108,470
23,17,10,39,121,472,118,513
23,18,13,53,134,525,131,570
23,19,14,52,148,577,144,627
23,20,9,38,157,615,153,668
23,21,15,60,172,675,168,733
23,22,4,19,176,694,172,754
23,23,16,60,192,754,187,819
23,24,26,97,218,851,213,925
23,25,10,29,228,880,222,956
23,26,5,17,233,897,227,975
23,27,32,120,265,1017,258,1105
23,28,15,53,280,1070,273,1163
23,29,8,33,288,1103,281,1198
23,30,8,23,296,1126,289,1223
23,31,6,24,302,1150,294,1250
23,32,14,52,316,1202,308,1306
23,33,25,102,341,1304,332,1417
23,34,7,32,348,1336,339,1452
23,35,9,41,357,1377,348,1496
23,36,5,17,362,1394,353,1515
23,37,10,36,372,1430,363,1554
23,38,12,38,384,1468,374,1595
23,39,5,17,389,1485,379,1613
23,40,5,19,394,1504,384,1634
23,41,8,43,402,1547,392,1681
23,42,6,25,408,1572,398,1708
23,43,7,26,415,1598,405,1736
23,44,19,83,434,1681,423,1826
23,45,8,38,442,1719,431,1868
23,46,7,35,449,1754,438,1906
23,47,7,37,456,1791,445,1946
23,48,4,22,460,1813,448,1970
23,49,6,28,466,1841,454,2000
23,50,11,45,477,1886,465,2049
23,51,11,44,488,1930,476,2097
23,52,9,32,497,1962,485,2132
23,53,9,37,506,1999,493,2172
23,54,5,17,511,2016,498,2190
23,55,7,26,518,2042,505,2219
23,56,8,22,526,2064,513,2243
23,57,7,22,533,2086,520,2266
23,58,5,20,538,2106,525,2288
23,59,5,18,543,2124,529,2308
23,60,11,42,554,2166,540,2353
23,61,8,29,562,2195,548,2385
23,62,12,45,574,2240,560,2434
23,63,15,47,589,2287,574,2485
23,64,8,33,597,2320,582,2521
23,65,7,26,604,2346,589,2549
23,66,9,39,613,2385,598,2591
23,67,4,20,617,2405,602,2613
23,68,10,38,627,2443,611,2654
23,69,7,26,634,2469,618,2683
23,70,10,40,644,2509,628,2726
23,71,17,68,661,2577,644,2800
23,72,10,32,671,2609,654,2835
23,73,6,22,677,2631,660,2859
23,74,9,33,686,2664,669,2895
23,75,12,42,698,2706,681,2940
23,76,8,41,706,2747,688,2985
23,77,12,41,718,2788,700,3029
23,78,10,42,728,2830,710,3075
23,79,7,25,735,2855,717,3102
23,80,10,35,745,2890,726,3140
23,81,6,21,751,2911,732,3163
23,82,8,40,759,2951,740,3206
23,83,12,47,771,2998,752,3257
23,84,8,27,779,3025,760,3287
23,85,5,21,784,3046,764,3310
23,86,9,27,793,3073,773,3339
23,87,5,20,798,3093,778,3361
23,88,14,42,812,3135,792,3406
23,89,5,21,817,3156,797,3429
23,90,5,24,822,3180,801,3455
23,91,24,78,846,3258,825,3540
23,92,6,28,852,3286,831,3570
23,93,6,17,858,3303,837,3589
23,94,6,21,864,3324,842,3612
23,95,7,26,871,3350,849,3640
23,96,9,29,880,3379,858,3671
23,97,8,22,888,3401,866,3695
23,98,5,16,893,3417,871,3713
23,99,8,28,901,3445,878,3743
23,100,16,61,917,3506,894,3809
23,101,10,38,927,3544,904,3851
23,102,7,28,934,3572,911,3881
23,103,11,43,945,3615,921,3928
23,104,6,26,951,3641,927,3956
23,105,8,32,959,3673,935,3991
23,106,8,35,967,3708,943,4029
23,107,7,31,974,3739,950,4063
23,108,5,20,979,3759,955,4084
23,109,15,53,994,3812,969,4142
23,110,8,40,1002,3852,977,4185
23,111,8,31,1010,3883,985,4219
23,112,7,21,1017,3904,992,4242
23,113,8,29,1025,3933,999,4273
23,114,9,33,1034,3966,1008,4309
23,115,8,39,1042,4005,1016,4352
23,116,11,37,1053,4042,1027,4392
23,117,18,61,1071,4103,1044,4458
23,118,8,23,1079,4126,1052,4483
24,1,13,65,13,65,13,73
24,2,27,107,40,172,39,194
24,3,19,64,59,236,57,266
24,4,19,87,78,323,76,364
24,5,12,39,90,362,87,408
24,6,19,72,109,434,106,489
24,7,9,32,118,466,115,525
24,8,12,45,130,511,126,575
24,9,9,32,139,543,135,611
24,10,9,34,148,577,144,650
24,11,28,91,176,668,171,752
24,12,12,56,188,724,183,815
24,13,14,60,202,784,196,883
24,14,15,55,217,839,211,945
24,15,16,66,233,905,226,1019
24,16,14,56,247,961,240,1082
24,17,9,35,256,996,249,1121
24,18,7,24,263,1020,256,1148
24,19,20,72,283,1092,275,1229
24,20,9,34,292,1126,284,1268
24,21,37,129,329,1255,320,1413
24,22,26,103,355,1358,345,1529
24,23,13,58,368,1416,358,1594
24,24,9,42,377,1458,366,1641
24,25,11,38,388,1496,377,1684
24,26,16,84,404,1580,393,1779
24,27,19,78,423,1658,411,1867
24,28,22,80,445,1738,433,1957
24,29,17,63,462,1801,449,2028
24,30,16,60,478,1861,465,2095
24,31,82,315,560,2176,544,2450
24,32,18,73,578,2249,562,2532
24,33,49,192,627,2441,609,2748
24,34,13,56,640,2497,622,2811
24,35,50,176,690,2673,671,3009
24,36,14,46,704,2719,684,3061
24,37,19,76,723,2795,703,3147
24,38,14,49,737,2844,716,3202
24,39,22,89,759,2933,738,3302
24,40,33,100,792,3033,770,3415
24,41,22,71,814,3104,791,3495
24,42,8,29,822,3133,799,3527
24,43,38,121,860,3254,836,3663
24,44,11,35,871,3289,847,3703
24,45,31,92,902,3381,877,3806
24,46,12,40,914,3421,888,3851
24,47,16,65,930,3486,904,3925
24,48,11,44,941,3530,915,3974
24,49,7,23,948,3553,921,4000
24,50,16,60,964,3613,937,4068
24,51,18,77,982,3690,955,4154
24,52,10,40,992,3730,964,4199
24,53,18,71,1010,3801,982,4279
24,54,23,91,1033,3892,1004,4382
24,55,39,153,1072,4045,1042,4554
24,56,8,44,1080,4089,1050,4603
24,57,11,45,1091,4134,1060,4654
24,58,53,188,1144,4322,1112,4866
24,59,20,75,1164,4397,1131,4950
24,60,24,85,1188,4482,1155,5046
24,61,80,287,1268,4769,1232,5369
24,62,39,164,1307,4933,1270,5554
24,63,27,105,1334,5038,1297,5672
24,64,23,73,1357,5111,1319,5754
25,1,13,54,13,54,13,59
25,2,20,61,33,115,32,127
25,3,22,86,55,201,54,221
25,4,16,63,71,264,70,291
25,5,9,40,80,304,78,335
25,6,13,42,93,346,91,381
25,7,16,61,109,407,107,448
25,8,17,61,126,468,124,516
25,9,9,36,135,504,132,555
25,10,18,56,153,560,150,617
25,11,8,36,161,596,158,657
25,12,9,34,170,630,167,694
25,13,9,40,179,670,175,738
25,14,9,33,188,703,184,774
25,15,14,44,202,747,198,823
25,16,10,37,212,784,208,864
25,17,16,61,228,845,224,931
25,18,21,85,249,930,244,1025
25,19,15,62,264,992,259,1093
25,20,20,88,284,1080,278,1190
25,21,20,76,304,1156,298,1274
25,22,10,45,314,1201,308,1323
25,23,9,38,323,1239,317,1365
25,24,7,30,330,1269,324,1398
25,25,7,34,337,1303,330,1436
25,26,9,38,346,1341,339,1477
25,27,11,37,357,1378,350,1518
25,28,6,23,363,1401,356,1543
25,29,11,43,374,1444,367,1591
25,30,9,38,383,1482,375,1633
25,31,12,44,395,1526,387,1681
25,32,17,64,412,1590,404,1752
25,33,8,34,420,1624,412,1789
25,34,11,45,431,1669,423,1839
25,35,9,40,440,1709,431,1883
25,36,9,44,449,1753,440,1931
25,37,13,66,462,1819,453,2004
25,38,9,35,471,1854,462,2043
25,39,7,31,478,1885,469,2077
25,40,16,61,494,1946,484,2144
25,41,11,41,505,1987,495,2189
25,42,17,62,522,2049,512,2257
25,43,9,34,531,2083,521,2295
25,44,15,51,546,2134,535,2351
25,45,16,52,562,2186,551,2408
25,46,5,19,567,2205,556,2429
25,47,11,42,578,2247,567,2476
25,48,13,47,591,2294,579,2527
25,49,10,41,601,2335,589,2572
25,50,9,40,610,2375,598,2617
25,51,7,23,617,2398,605,2642
25,52,7,30,624,2428,612,2675
25,53,16,61,640,2489,627,2742
25,54,12,43,652,2532,639,2790
25,55,14,49,666,2581,653,2843
25,56,5,23,671,2604,658,2869
25,57,14,41,685,2645,672,2914
25,58,13,46,698,2691,684,2965
25,59,18,60,716,2751,702,3031
25,60,14,60,730,2811,716,3097
25,61,12,41,742,2852,727,3142
25,62,13,43,755,2895,740,3189
25,63,12,56,767,2951,752,3251
25,64,5,22,772,2973,757,3275
25,65,11,43,783,3016,768,3323
25,66,4,20,787,3036,772,3345
25,67,12,42,799,3078,783,3391
25,68,23,74,822,3152,806,3473
25,69,8,29,830,3181,814,3505
25,70,16,66,846,3247,829,3577
25,71,9,33,855,3280,838,3614
25,72,9,37,864,3317,847,3654
25,73,10,40,874,3357,857,3698
25,74,14,56,888,3413,871,3760
25,75,9,40,897,3453,879,3804
25,76,5,24,902,3477,884,3831
25,77,12,43,914,3520,896,3878
26,1,5,19,5,19,5,21
26,2,4,16,9,35,9,39
26,3,6,25,15,60,15,67
26,4,11,42,26,102,26,113
26,5,11,40,37,142,36,158
26,6,8,36,45,178,44,198
26,7,11,35,56,213,55,237
26,8,9,27,65,240,64,267
26,9,5,17,70,257,69,286
26,10,8,28,78,285,77,317
26,11,4,15,82,300,80,334
26,12,6,18,88,318,86,354
26,13,8,30,96,348,94,387
26,14,6,21,102,369,100,410
26,15,7,32,109,401,107,446
26,16,7,29,116,430,114,478
26,17,6,17,122,447,120,497
26,18,10,34,132,481,130,535
26,19,7,28,139,509,136,566
26,20,6,23,145,532,142,591
26,21,11,41,156,573,153,637
26,22,9,28,165,601,162,668
26,23,5,19,170,620,167,689
26,24,10,35,180,655,177,728
26,25,5,20,185,675,182,750
26,26,5,22,190,697,186,775
26,27,7,27,197,724,193,805
26,28,9,36,206,760,202,845
26,29,8,33,214,793,210,882
26,30,5,17,219,810,215,901
26,31,7,21,226,831,222,924
26,32,6,22,232,853,228,948
26,33,6,22,238,875,234,973
26,34,7,26,245,901,240,1002
26,35,8,32,253,933,248,1037
26,36,7,30,260,963,255,1071
26,37,4,14,264,977,259,1086
26,38,5,21,269,998,264,1110
26,39,5,21,274,1019,269,1133
26,40,7,29,281,1048,276,1165
26,41,12,48,293,1096,288,1218
26,42,6,23,299,1119,293,1244
26,43,7,26,306,1145,300,1273
26,44,9,46,315,1191,309,1324
26,45,8,29,323,1220,317,1356
26,46,3,14,326,1234,320,1372
26,47,4,19,330,1253,324,1393
26,48,3,12,333,1265,327,1406
26,49,21,91,354,1356,347,1508
26,50,7,26,361,1382,354,1536
26,51,11,39,372,1421,365,1580
26,52,9,33,381,1454,374,1617
26,53,5,22,386,1476,379,1641
26,54,4,19,390,1495,383,1662
26,55,3,15,393,1510,386,1679
26,56,3,14,396,1524,389,1694
26,57,4,19,400,1543,393,1715
26,58,3,13,403,1556,396,1730
26,59,6,20,409,1576,401,1752
26,60,2,13,411,1589,403,1767
26,61,9,36,420,1625,412,1807
26,62,6,16,426,1641,418,1824
26,63,13,50,439,1691,431,1880
26,64,3,15,442,1706,434,1897
26,65,5,21,447,1727,439,1920
26,66,3,14,450,1741,442,1936
26,67,9,27,459,1768,450,1966
26,68,5,17,464,1785,455,1985
26,69,5,15,469,1800,460,2001
26,70,6,22,475,1822,466,2026
26,71,6,27,481,1849,472,2056
26,72,5,19,486,1868,477,2077
26,73,4,15,490,1883,481,2093
26,74,7,28,497,1911,488,2125
26,75,5,21,502,1932,493,2148
26,76,3,19,505,1951,496,2169
26,77,6,20,511,1971,502,2191
26,78,4,12,515,1983,505,2205
26,79,4,13,519,1996,509,2219
26,80,4,14,523,2010,513,2235
26,81,4,10,527,2020,517,2246
26,82,8,22,535,2042,525,2270
26,83,6,22,541,2064,531,2295
26,84,6,19,547,2083,537,2316
26,85,5,18,552,2101,542,2336
26,86,6,20,558,2121,548,2358
26,87,4,14,562,2135,552,2374
26,88,6,17,568,2152,557,2393
26,89,6,18,574,2170,563,2413
26,90,3,16,577,2186,566,2430
26,91,3,15,580,2201,569,2447
26,92,6,20,586,2221,575,2469
26,93,7,25,593,2246,582,2497
26,94,4,18,597,2264,586,2517
26,95,3,15,600,2279,589,2534
26,96,4,17,604,2296,593,2553
26,97,6,18,610,2314,599,2573
26,98,4,16,614,2330,603,2590
26,99,4,18,618,2348,607,2610
26,100,4,13,622,2361,610,2625
26,101,3,9,625,2370,613,2635
26,102,7,24,632,2394,620,2662
26,103,9,27,641,2421,629,2692
26,104,5,17,646,2438,634,2710
26,105,4,16,650,2454,638,2728
26,106,7,24,657,2478,645,2755
26,107,4,12,661,2490,649,2768
26,108,3,14,664,2504,652,2784
26,109,11,36,675,2540,662,2824
26,110,3,14,678,2554,665,2839
26,111,6,24,684,2578,671,2866
26,112,6,22,690,2600,677,2891
26,113,7,24,697,2624,684,2917
26,114,4,17,701,2641,688,2936
26,115,5,14,706,2655,693,2952
26,116,8,33,714,2688,701,2988
26,117,5,15,719,2703,706,3005
26,118,9,32,728,2735,714,3041
26,119,6,24,734,2759,720,3067
26,120,4,16,738,2775,724,3085
26,121,9,27,747,2802,733,3115
26,122,5,17,752,2819,738,3134
26,123,3,13,755,2832,741,3149
26,124,7,24,762,2856,748,3175
26,125,4,12,766,2868,752,3189
26,126,3,14,769,2882,755,3204
26,127,11,36,780,2918,766,3244
26,128,5,20,785,2938,770,3266
26,129,4,23,789,2961,774,3292
26,130,4,19,793,2980,778,3313
26,131,3,14,796,2994,781,3329
26,132,5,21,801,3015,786,3352
26,133,3,15,804,3030,789,3369
26,134,2,9,806,3039,791,3379
26,135,6,19,812,3058,797,3400
26,136,10,32,822,3090,807,3435
26,137,5,17,827,3107,812,3454
26,138,3,12,830,3119,815,3468
26,139,11,42,841,3161,825,3514
26,140,5,17,846,3178,830,3533
26,141,3,14,849,3192,833,3549
26,142,7,25,856,3217,840,3577
26,143,4,12,860,3229,844,3590
26,144,3,14,863,3243,847,3605
26,145,11,36,874,3279,858,3645
26,146,5,20,879,3299,863,3668
26,147,3,9,882,3308,866,3678
26,148,4,17,886,3325,870,3697
26,149,5,23,891,3348,874,3722
26,150,3,14,894,3362,877,3738
26,151,4,17,898,3379,881,3757
26,152,6,21,904,3400,887,3780
26,153,5,20,909,3420,892,3802
26,154,11,36,920,3456,903,3842
26,155,9,31,929,3487,912,3877
26,156,7,28,936,3515,919,3908
26,157,3,19,939,3534,922,3929
26,158,11,38,950,3572,932,3971
26,159,5,17,955,3589,937,3990
26,160,4,16,959,3605,941,4008
26,161,7,24,966,3629,948,4035
26,162,4,12,970,3641,952,4048
26,163,3,14,973,3655,955,4064
26,164,11,36,984,3691,966,4104
26,165,4,20,988,3711,970,4126
26,166,12,40,1000,3751,981,4170
26,167,8,32,1008,3783,989,4206
26,168,5,18,1013,3801,994,4226
26,169,5,17,1018,3818,999,4245
26,170,3,16,1021,3834,1002,4263
26,171,4,15,1025,3849,1006,4279
26,172,3,13,1028,3862,1009,4294
26,173,6,28,1034,3890,1015,4325
26,174,9,27,1043,3917,1024,4355
26,175,5,17,1048,3934,1029,4374
26,176,4,18,1052,3952,1032,4394
26,177,6,19,1058,3971,1038,4415
26,178,4,12,1062,3983,1042,4428
26,179,3,14,1065,3997,1045,4444
26,180,11,36,1076,4033,1056,4484
26,181,7,25,1083,4058,1063,4512
26,182,3,18,1086,4076,1066,4532
26,183,9,37,1095,4113,1075,4573
26,184,5,23,1100,4136,1080,4598
26,185,5,20,1105,4156,1084,4621
26,186,9,33,1114,4189,1093,4657
26,187,9,33,1123,4222,1102,4694
26,188,5,18,1128,4240,1107,4714
26,189,10,37,1138,4277,1117,4755
26,190,9,27,1147,4304,1126,4785
26,191,5,17,1152,4321,1131,4804
26,192,4,17,1156,4338,1135,4823
26,193,4,13,1160,4351,1138,4837
26,194,5,20,1165,4371,1143,4860
26,195,3,11,1168,4382,1146,4872
26,196,4,14,1172,4396,1150,4887
26,197,10,31,1182,4427,1160,4922
26,198,5,21,1187,4448,1165,4945
26,199,6,23,1193,4471,1171,4971
26,200,6,21,1199,4492,1177,4994
26,201,7,24,1206,4516,1184,5021
26,202,5,19,1211,4535,1188,5042
26,203,4,17,1215,4552,1192,5061
26,204,2,16,1217,4568,1194,5079
26,205,4,17,1221,4585,1198,5097
26,206,5,19,1226,4604,1203,5119
26,207,6,22,1232,4626,1209,5143
26,208,7,26,1239,4652,1216,5172
26,209,4,15,1243,4667,1220,5189
26,210,4,15,1247,4682,1224,5205
26,211,5,18,1252,4700,1229,5225
26,212,4,18,1256,4718,1233,5245
26,213,9,33,1265,4751,1241,5282
26,214,3,16,1268,4767,1244,5300
26,215,6,24,1274,4791,1250,5326
26,216,7,24,1281,4815,1257,5353
26,217,4,16,1285,4831,1261,5371
26,218,4,11,1289,4842,1265,5383
26,219,3,13,1292,4855,1268,5398
26,220,4,13,1296,4868,1272,5412
26,221,6,22,1302,4890,1278,5437
26,222,5,16,1307,4906,1283,5454
26,223,4,21,1311,4927,1287,5478
26,224,3,17,1314,4944,1290,5497
26,225,7,19,1321,4963,1296,5518
26,226,5,19,1326,4982,1301,5539
26,227,19,82,1345,5064,1320,5630
27,1,10,39,10,39,10,43
27,2,3,15,13,54,13,59
27,3,9,39,22,93,22,102
27,4,10,40,32,133,32,146
27,5,10,39,42,172,42,189
27,6,7,26,49,198,48,217
27,7,16,65,65,263,64,289
27,8,14,50,79,313,78,343
27,9,6,22,85,335,84,368
27,10,19,69,104,404,103,443
27,11,11,33,115,437,114,480
27,12,19,65,134,502,133,551
27,13,8,36,142,538,140,590
27,14,11,52,153,590,151,647
27,15,15,61,168,651,166,714
27,16,18,66,186,717,184,787
27,17,9,37,195,754,193,827
27,18,19,77,214,831,212,912
27,19,25,96,239,927,236,1017
27,20,12,38,251,965,248,1059
27,21,9,41,260,1006,257,1104
27,22,14,43,274,1049,271,1151
27,23,11,37,285,1086,282,1192
27,24,17,69,302,1155,299,1267
27,25,15,52,317,1207,313,1325
27,26,9,24,326,1231,322,1351
27,27,8,26,334,1257,330,1379
27,28,11,43,345,1300,341,1427
27,29,8,27,353,1327,349,1456
27,30,8,30,361,1357,357,1489
27,31,5,20,366,1377,362,1511
27,32,12,45,378,1422,374,1560
27,33,12,49,390,1471,386,1614
27,34,14,58,404,1529,400,1678
27,35,8,34,412,1563,407,1715
27,36,16,66,428,1629,423,1788
27,37,13,57,441,1686,436,1850
27,38,10,38,451,1724,446,1892
27,39,16,49,467,1773,462,1946
27,40,38,126,505,1899,499,2084
27,41,12,43,517,1942,511,2131
27,42,14,56,531,1998,525,2193
27,43,12,41,543,2039,537,2238
27,44,28,99,571,2138,565,2346
27,45,13,54,584,2192,578,2405
27,46,12,56,596,2248,589,2467
27,47,13,48,609,2296,602,2520
27,48,10,35,619,2331,612,2558
27,49,14,65,633,2396,626,2629
27,50,7,30,640,2426,633,2662
27,51,9,40,649,2466,642,2706
27,52,12,40,661,2506,654,2750
27,53,5,25,666,2531,659,2777
27,54,8,38,674,2569,667,2819
27,55,11,45,685,2614,677,2869
27,56,16,57,701,2671,693,2931
27,57,7,35,708,2706,700,2969
27,58,6,28,714,2734,706,3000
27,59,12,44,726,2778,718,3048
27,60,28,99,754,2877,746,3157
27,61,22,82,776,2959,767,3247
27,62,16,62,792,3021,783,3315
27,63,20,69,812,3090,803,3391
27,64,19,71,831,3161,822,3469
27,65,15,46,846,3207,837,3519
27,66,15,40,861,3247,851,3563
27,67,10,42,871,3289,861,3609
27,68,12,47,883,3336,873,3661
27,69,9,33,892,3369,882,3697
27,70,9,28,901,3397,891,3728
27,71,7,28,908,3425,898,3758
27,72,9,29,917,3454,907,3790
27,73,10,37,927,3491,917,3831
27,74,8,29,935,3520,925,3863
27,75,10,32,945,3552,935,3898
27,76,13,40,958,3592,947,3942
27,77,4,20,962,3612,951,3964
27,78,8,27,970,3639,959,3993
27,79,7,24,977,3663,966,4020
27,80,11,41,988,3704,977,4065
27,81,14,52,1002,3756,991,4122
27,82,17,65,1019,3821,1008,4193
27,83,11,39,1030,3860,1019,4236
27,84,13,54,1043,3914,1031,4295
27,85,8,30,1051,3944,1039,4328
27,86,16,55,1067,3999,1055,4388
27,87,20,54,1087,4053,1075,4448
27,88,18,63,1105,4116,1093,4517
27,89,11,38,1116,4154,1104,4558
27,90,13,48,1129,4202,1116,4611
27,91,17,58,1146,4260,1133,4675
27,92,15,57,1161,4317,1148,4737
27,93,11,48,1172,4365,1159,4790
28,1,5,19,5,19,5,21
28,2,4,16,9,35,9,39
28,3,9,36,18,71,18,79
28,4,19,75,37,146,37,162
28,5,13,50,50,196,50,217
28,6,12,51,62,247,62,274
28,7,22,80,84,327,84,362
28,8,13,61,97,388,97,430
28,9,18,62,115,450,114,498
28,10,17,64,132,514,131,569
28,11,10,35,142,549,141,608
28,12,17,60,159,609,158,675
28,13,17,62,176,671,175,743
28,14,11,45,187,716,186,793
28,15,38,134,225,850,224,941
28,16,13,39,238,889,237,985
28,17,9,33,247,922,246,1021
28,18,16,61,263,983,262,1089
28,19,32,106,295,1089,294,1206
28,20,18,65,313,1154,311,1278
28,21,10,37,323,1191,321,1319
28,22,11,37,334,1228,332,1360
28,23,27,97,361,1325,359,1468
28,24,15,45,376,1370,374,1517
28,25,26,93,402,1463,400,1620
28,26,10,40,412,1503,410,1665
28,27,29,97,441,1600,439,1772
28,28,17,48,458,1648,456,1825
28,29,28,105,486,1753,484,1942
28,30,19,69,505,1822,503,2018
28,31,19,71,524,1893,521,2097
28,32,26,89,550,1982,547,2195
28,33,9,31,559,2013,556,2230
28,34,14,50,573,2063,570,2285
28,35,15,70,588,2133,585,2362
28,36,17,72,605,2205,602,2442
28,37,18,64,623,2269,620,2513
28,38,27,95,650,2364,647,2618
28,39,12,45,662,2409,659,2668
28,40,10,44,672,2453,669,2717
28,41,9,38,681,2491,678,2759
28,42,10,41,691,2532,688,2804
28,43,16,71,707,2603,704,2883
28,44,13,46,720,2649,717,2934
28,45,18,77,738,2726,734,3019
28,46,20,74,758,2800,754,3101
28,47,18,78,776,2878,772,3188
28,48,26,101,802,2979,798,3299
28,49,13,47,815,3026,811,3352
28,50,23,79,838,3105,834,3439
28,51,7,27,845,3132,841,3469
28,52,8,30,853,3162,849,3502
28,53,15,52,868,3214,864,3560
28,54,12,59,880,3273,876,3625
28,55,15,69,895,3342,891,3702
28,56,13,44,908,3386,904,3750
28,57,26,93,934,3479,929,3853
28,58,18,67,952,3546,947,3927
28,59,20,76,972,3622,967,4012
28,60,15,57,987,3679,982,4075
28,61,17,65,1004,3744,999,4147
28,62,8,32,1012,3776,1007,4182
28,63,18,73,1030,3849,1025,4263
28,64,13,58,1043,3907,1038,4327
28,65,6,27,1049,3934,1044,4357
28,66,7,30,1056,3964,1051,4390
28,67,11,40,1067,4004,1062,4435
28,68,14,51,1081,4055,1076,4491
28,69,7,26,1088,4081,1083,4520
28,70,15,53,1103,4134,1098,4579
28,71,19,65,1122,4199,1117,4651
28,72,21,75,1143,4274,1137,4734
28,73,13,57,1156,4331,1150,4797
28,74,8,32,1164,4363,1158,4832
28,75,17,67,1181,4430,1175,4907
28,76,30,100,1211,4530,1205,5017
28,77,26,90,1237,4620,1231,5117
28,78,28,95,1265,4715,1259,5222
28,79,20,64,1285,4779,1279,5293
28,80,16,63,1301,4842,1295,5363
28,81,17,60,1318,4902,1312,5429
28,82,26,98,1344,5000,1337,5538
28,83,14,59,1358,5059,1351,5603
28,84,18,65,1376,5124,1369,5675
28,85,19,59,1395,5183,1388,5741
28,86,15,55,1410,5238,1403,5802
28,87,16,54,1426,5292,1419,5861
28,88,19,62,1445,5354,1438,5930
29,1,5,19,5,19,5,21
29,2,10,37,15,56,15,62
29,3,11,47,26,103,26,115
29,4,10,36,36,139,35,155
29,5,12,40,48,179,47,199
29,6,10,37,58,216,57,240
29,7,12,63,70,279,69,310
29,8,22,83,92,362,90,403
29,9,7,38,99,400,97,445
29,10,31,107,130,507,128,564
29,11,6,31,136,538,134,598
29,12,18,78,154,616,151,685
29,13,11,55,165,671,162,746
29,14,16,66,181,737,178,820
29,15,6,36,187,773,184,860
29,16,15,50,202,823,198,915
29,17,27,107,229,930,225,1034
29,18,13,48,242,978,238,1088
29,19,14,37,256,1015,251,1129
29,20,19,60,275,1075,270,1196
29,21,8,27,283,1102,278,1226
29,22,17,51,300,1153,295,1283
29,23,13,56,313,1209,307,1345
29,24,21,71,334,1280,328,1424
29,25,27,102,361,1382,354,1537
29,26,13,39,374,1421,367,1581
29,27,18,76,392,1497,385,1665
29,28,14,54,406,1551,399,1725
29,29,23,93,429,1644,421,1829
29,30,6,22,435,1666,427,1853
29,31,16,66,451,1732,443,1927
29,32,16,61,467,1793,459,1994
29,33,23,86,490,1879,481,2090
29,34,12,47,502,1926,493,2142
29,35,7,28,509,1954,500,2174
29,36,16,63,525,2017,516,2244
29,37,7,36,532,2053,522,2284
29,38,16,71,548,2124,538,2363
29,39,13,63,561,2187,551,2433
29,40,28,118,589,2305,578,2564
29,41,19,75,608,2380,597,2647
29,42,12,35,620,2415,609,2686
29,43,8,39,628,2454,617,2730
29,44,12,38,640,2492,628,2772
29,45,21,78,661,2570,649,2859
29,46,27,104,688,2674,676,2974
29,47,20,81,708,2755,695,3065
29,48,13,49,721,2804,708,3119
29,49,14,52,735,2856,722,3177
29,50,16,57,751,2913,737,3240
29,51,16,57,767,2970,753,3304
29,52,20,78,787,3048,773,3390
29,53,12,59,799,3107,785,3456
29,54,6,33,805,3140,790,3493
29,55,13,52,818,3192,803,3551
29,56,9,32,827,3224,812,3586
29,57,7,26,834,3250,819,3615
29,58,17,77,851,3327,836,3701
29,59,5,22,856,3349,841,3725
29,60,12,45,868,3394,852,3775
29,61,14,56,882,3450,866,3838
29,62,14,42,896,3492,880,3884
29,63,22,77,918,3569,901,3970
29,64,15,57,933,3626,916,4033
29,65,16,56,949,3682,932,4096
29,66,6,33,955,3715,938,4132
29,67,15,67,970,3782,952,4207
29,68,17,59,987,3841,969,4273
29,69,9,40,996,3881,978,4317
30,1,5,19,5,19,5,21
30,2,2,8,7,27,7,30
30,3,8,28,15,55,15,61
30,4,12,40,27,95,26,106
30,5,8,26,35,121,34,135
30,6,11,38,46,159,44,178
30,7,10,39,56,198,54,221
30,8,23,88,79,286,76,320
30,9,32,139,111,425,107,475
30,10,13,55,124,480,120,536
30,11,8,27,132,507,128,567
30,12,5,22,137,529,132,591
30,13,9,42,146,571,141,638
30,14,5,22,151,593,146,663
30,15,9,39,160,632,155,706
30,16,11,55,171,687,165,768
30,17,6,25,177,712,171,796
30,18,9,32,186,744,180,831
30,19,15,46,201,790,194,883
30,20,11,40,212,830,205,928
30,21,22,78,234,908,226,1015
30,22,16,60,250,968,242,1082
30,23,15,57,265,1025,256,1145
30,24,22,74,287,1099,277,1228
30,25,16,62,303,1161,293,1297
30,26,9,27,312,1188,302,1328
30,27,19,63,331,1251,320,1398
30,28,28,107,359,1358,347,1518
30,29,16,52,375,1410,363,1576
30,30,23,78,398,1488,385,1663
30,31,10,40,408,1528,394,1708
30,32,11,40,419,1568,405,1752
30,33,18,65,437,1633,423,1825
30,34,6,33,443,1666,428,1862
30,35,10,40,453,1706,438,1906
30,36,15,57,468,1763,452,1970
30,37,16,49,484,1812,468,2025
30,38,17,62,501,1874,484,2094
30,39,23,81,524,1955,507,2185
30,40,23,74,547,2029,529,2267
30,41,15,55,562,2084,543,2329
30,42,14,49,576,2133,557,2384
30,43,16,47,592,2180,572,2436
30,44,9,37,601,2217,581,2477
30,45,11,44,612,2261,592,2527
30,46,18,75,630,2336,609,2610
30,47,18,79,648,2415,627,2699
30,48,28,98,676,2513,654,2808
30,49,10,34,686,2547,663,2846
30,50,20,60,706,2607,683,2913
30,51,9,39,715,2646,691,2957
30,52,11,42,726,2688,702,3004
30,53,14,52,740,2740,715,3062
30,54,25,71,765,2811,740,3141
30,55,13,49,778,2860,752,3196
30,56,20,77,798,2937,772,3282
30,57,9,37,807,2974,780,3323
30,58,19,73,826,3047,799,3405
30,59,9,27,835,3074,807,3435
30,60,10,33,845,3107,817,3472
31,1,5,19,5,19,5,21
31,2,4,16,9,35,9,39
31,3,3,15,12,50,12,56
31,4,9,39,21,89,20,100
31,5,8,34,29,123,28,139
31,6,18,62,47,185,46,209
31,7,16,62,63,247,61,279
31,8,8,35,71,282,69,318
31,9,8,28,79,310,77,350
31,10,29,93,108,403,105,455
31,11,14,48,122,451,119,509
31,12,18,63,140,514,137,580
31,13,14,47,154,561,150,633
31,14,19,63,173,624,169,704
31,15,29,103,202,727,197,820
31,16,25,69,227,796,221,898
31,17,18,61,245,857,239,967
31,18,16,50,261,907,255,1023
31,19,12,37,273,944,266,1065
31,20,31,98,304,1042,296,1175
31,21,21,79,325,1121,317,1264
31,22,16,59,341,1180,333,1331
31,23,15,59,356,1239,347,1397
31,24,7,28,363,1267,354,1429
31,25,16,58,379,1325,370,1494
31,26,11,31,390,1356,380,1529
31,27,21,70,411,1426,401,1608
31,28,12,37,423,1463,412,1650
31,29,25,78,448,1541,437,1738
31,30,17,49,465,1590,453,1793
31,31,20,60,485,1650,473,1861
31,32,22,84,507,1734,494,1956
31,33,30,105,537,1839,524,2074
31,34,27,86,564,1925,550,2171
32,1,5,19,5,19,5,21
32,2,8,25,13,44,13,48
32,3,18,61,31,105,30,114
32,4,25,79,56,184,55,199
32,5,17,55,73,239,71,259
32,6,7,25,80,264,78,286
32,7,10,31,90,295,88,320
32,8,8,24,98,319,95,346
32,9,14,55,112,374,109,405
32,10,14,51,126,425,123,461
32,11,12,38,138,463,134,502
32,12,16,74,154,537,150,582
32,13,16,62,170,599,166,649
32,14,14,61,184,660,179,715
32,15,16,62,200,722,195,783
32,16,11,53,211,775,205,840
32,17,13,43,224,818,218,887
32,18,8,29,232,847,226,918
32,19,12,55,244,902,238,978
32,20,21,85,265,987,258,1070
32,21,9,43,274,1030,267,1116
32,22,13,49,287,1079,279,1170
32,23,15,53,302,1132,294,1227
32,24,10,50,312,1182,304,1281
32,25,11,37,323,1219,315,1321
32,26,19,63,342,1282,333,1390
32,27,17,70,359,1352,350,1465
32,28,7,28,366,1380,356,1496
32,29,11,37,377,1417,367,1536
32,30,5,25,382,1442,372,1563
33,1,17,64,17,64,17,72
33,2,12,38,29,102,28,115
33,3,6,23,35,125,34,141
33,4,31,111,66,236,65,266
33,5,30,116,96,352,94,397
33,6,31,129,127,481,125,542
33,7,18,70,145,551,142,621
33,8,8,37,153,588,150,663
33,9,21,88,174,676,171,762
33,10,16,71,190,747,187,842
33,11,6,32,196,779,192,878
33,12,13,52,209,831,205,937
33,13,25,93,234,924,230,1042
33,14,14,57,248,981,244,1106
33,15,13,51,261,1032,256,1164
33,16,15,52,276,1084,271,1222
33,17,24,72,300,1156,295,1304
33,18,16,57,316,1213,310,1368
33,19,36,137,352,1350,346,1522
33,20,23,91,375,1441,368,1625
33,21,17,58,392,1499,385,1690
33,22,18,80,410,1579,403,1780
33,23,18,69,428,1648,420,1858
33,24,16,60,444,1708,436,1926
33,25,16,61,460,1769,452,1995
33,26,16,68,476,1837,467,2071
33,27,14,56,490,1893,481,2135
33,28,16,67,506,1960,497,2210
33,29,14,60,520,2020,511,2278
33,30,17,58,537,2078,527,2343
33,31,15,61,552,2139,542,2412
33,32,19,70,571,2209,561,2491
33,33,25,105,596,2314,585,2609
33,34,14,47,610,2361,599,2662
33,35,34,185,644,2546,632,2871
33,36,24,85,668,2631,656,2967
33,37,49,174,717,2805,704,3163
33,38,22,66,739,2871,726,3237
33,39,13,52,752,2923,738,3296
33,40,17,61,769,2984,755,3365
33,41,7,29,776,3013,762,3397
33,42,3,15,779,3028,765,3414
33,43,13,54,792,3082,778,3475
33,44,8,31,800,3113,786,3510
33,45,7,33,807,3146,792,3547
33,46,6,26,813,3172,798,3577
33,47,8,29,821,3201,806,3609
33,48,12,51,833,3252,818,3667
33,49,22,97,855,3349,840,3776
33,50,63,236,918,3585,901,4042
33,51,37,121,955,3706,938,4179
33,52,26,77,981,3783,963,4266
33,53,73,264,1054,4047,1035,4563
33,54,11,35,1065,4082,1046,4603
33,55,33,115,1098,4197,1078,4733
33,56,13,54,1111,4251,1091,4793
33,57,14,54,1125,4305,1105,4854
33,58,12,57,1137,4362,1116,4919
33,59,23,83,1160,4445,1139,5012
33,60,20,74,1180,4519,1159,5096
33,61,6,31,1186,4550,1165,5131
33,62,12,37,1198,4587,1176,5172
33,63,15,54,1213,4641,1191,5233
33,64,7,25,1220,4666,1198,5261
33,65,8,28,1228,4694,1206,5293
33,66,11,47,1239,4741,1217,5346
33,67,8,44,1247,4785,1224,5396
33,68,8,34,1255,4819,1232,5434
33,69,16,64,1271,4883,1248,5506
33,70,8,34,1279,4917,1256,5544
33,71,14,54,1293,4971,1270,5605
33,72,19,84,1312,5055,1288,5700
33,73,15,78,1327,5133,1303,5788
34,1,22,69,22,69,22,77
34,2,18,56,40,125,39,139
34,3,34,107,74,232,72,258
34,4,10,46,84,278,82,309
34,5,11,41,95,319,93,355
34,6,17,51,112,370,110,411
34,7,16,56,128,426,125,473
34,8,16,57,144,483,141,537
34,9,30,94,174,577,170,641
34,10,13,46,187,623,183,692
34,11,12,45,199,668,195,742
34,12,27,94,226,762,221,847
34,13,19,77,245,839,240,932
34,14,27,96,272,935,266,1039
34,15,20,69,292,1004,286,1116
34,16,16,67,308,1071,301,1190
34,17,9,32,317,1103,310,1226
34,18,17,68,334,1171,327,1301
34,19,20,84,354,1255,346,1395
34,20,10,39,364,1294,356,1438
34,21,21,65,385,1359,376,1510
34,22,27,81,412,1440,403,1600
34,23,22,79,434,1519,424,1688
34,24,19,54,453,1573,443,1748
34,25,9,35,462,1608,452,1787
34,26,11,38,473,1646,463,1829
34,27,12,40,485,1686,474,1874
34,28,12,51,497,1737,486,1930
34,29,7,28,504,1765,493,1961
34,30,10,39,514,1804,503,2005
34,31,32,127,546,1931,534,2146
34,32,15,62,561,1993,549,2215
34,33,34,142,595,2135,582,2373
34,34,14,51,609,2186,596,2429
34,35,9,37,618,2223,604,2470
34,36,13,43,631,2266,617,2518
34,37,24,97,655,2363,641,2626
34,38,9,39,664,2402,649,2669
34,39,21,62,685,2464,670,2738
34,40,10,46,695,2510,680,2789
34,41,13,55,708,2565,692,2851
34,42,18,70,726,2635,710,2928
34,43,34,125,760,2760,743,3067
34,44,11,44,771,2804,754,3116
34,45,14,54,785,2858,768,3176
34,46,27,82,812,2940,794,3267
34,47,17,48,829,2988,811,3321
34,48,7,21,836,3009,818,3344
34,49,8,24,844,3033,825,3371
34,50,16,48,860,3081,841,3424
34,51,10,34,870,3115,851,3462
34,52,9,35,879,3150,860,3501
34,53,10,34,889,3184,869,3538
34,54,15,50,904,3234,884,3594
35,1,29,102,29,102,28,115
35,2,19,61,48,163,47,183
35,3,21,75,69,238,67,268
35,4,11,40,80,278,78,313
35,5,14,52,94,330,91,371
35,6,13,52,107,382,104,430
35,7,13,56,120,438,117,493
35,8,26,80,146,518,142,583
35,9,18,65,164,583,159,656
35,10,24,89,188,672,183,756
35,11,36,107,224,779,218,877
35,12,28,122,252,901,245,1014
35,13,29,93,281,994,273,1119
35,14,18,73,299,1067,290,1201
35,15,11,37,310,1104,301,1243
35,16,6,19,316,1123,307,1264
35,17,6,16,322,1139,313,1282
35,18,34,126,356,1265,346,1424
35,19,4,16,360,1281,350,1442
35,20,4,16,364,1297,354,1460
35,21,4,14,368,1311,357,1476
35,22,17,51,385,1362,374,1533
35,23,4,11,389,1373,378,1545
35,24,12,43,401,1416,389,1594
35,25,13,58,414,1474,402,1659
35,26,7,23,421,1497,409,1685
35,27,25,86,446,1583,433,1782
35,28,19,70,465,1653,452,1860
35,29,16,69,481,1722,467,1938
35,30,8,33,489,1755,475,1975
35,31,16,53,505,1808,490,2035
35,32,23,87,528,1895,513,2133
35,33,13,52,541,1947,525,2191
35,34,11,41,552,1988,536,2237
35,35,14,48,566,2036,550,2291
35,36,19,65,585,2101,568,2365
35,37,25,97,610,2198,592,2474
35,38,11,37,621,2235,603,2515
35,39,24,87,645,2322,626,2613
35,40,34,120,679,2442,660,2748
35,41,21,70,700,2512,680,2827
35,42,19,77,719,2589,698,2914
35,43,26,94,745,2683,724,3020
35,44,31,102,776,2785,754,3134
35,45,25,92,801,2877,778,3238
36,1,5,17,5,17,5,19
36,2,2,11,7,28,7,31
36,3,3,12,10,40,10,44
36,4,4,11,14,51,14,56
36,5,3,12,17,63,17,69
36,6,7,31,24,94,24,104
36,7,8,28,32,122,31,134
36,8,10,42,42,164,41,181
36,9,12,46,54,210,53,231
36,10,8,34,62,244,61,269
36,11,12,48,74,292,73,322
36,12,14,52,88,344,87,379
36,13,8,34,96,378,94,416
36,14,11,53,107,431,105,475
36,15,15,54,122,485,120,534
36,16,6,26,128,511,126,563
36,17,5,19,133,530,131,584
36,18,12,52,145,582,143,641
36,19,9,38,154,620,152,683
36,20,10,39,164,659,161,726
36,21,7,27,171,686,168,756
36,22,8,26,179,712,176,784
36,23,15,55,194,767,191,845
36,24,5,14,199,781,196,860
36,25,4,18,203,799,200,880
36,26,7,23,210,822,207,906
36,27,7,22,217,844,213,930
36,28,14,45,231,889,227,979
36,29,9,28,240,917,236,1010
36,30,11,42,251,959,247,1056
36,31,11,41,262,1000,258,1102
36,32,6,21,268,1021,264,1125
36,33,10,44,278,1065,274,1173
36,34,10,39,288,1104,283,1216
36,35,8,33,296,1137,291,1253
36,36,14,50,310,1187,305,1308
36,37,9,33,319,1220,314,1344
36,38,9,32,328,1252,323,1379
36,39,7,33,335,1285,330,1416
36,40,15,48,350,1333,344,1468
36,41,8,31,358,1364,352,1503
36,42,6,22,364,1386,358,1527
36,43,9,31,373,1417,367,1561
36,44,6,21,379,1438,373,1584
36,45,11,40,390,1478,384,1628
36,46,11,40,401,1518,395,1672
36,47,24,84,425,1602,418,1765
36,48,7,28,432,1630,425,1796
36,49,9,31,441,1661,434,1830
36,50,7,29,448,1690,441,1862
36,51,10,35,458,1725,451,1900
36,52,12,51,470,1776,462,1956
36,53,11,35,481,1811,473,1995
36,54,11,39,492,1850,484,2038
36,55,7,24,499,1874,491,2064
36,56,8,29,507,1903,499,2096
36,57,6,21,513,1924,505,2120
36,58,5,15,518,1939,510,2136
36,59,4,20,522,1959,514,2158
36,60,14,45,536,2004,527,2208
36,61,6,20,542,2024,533,2230
36,62,8,35,550,2059,541,2268
36,63,5,20,555,2079,546,2290
36,64,5,21,560,2100,551,2313
36,65,12,51,572,2151,563,2370
36,66,10,41,582,2192,573,2415
36,67,10,46,592,2238,582,2465
36,68,7,27,599,2265,589,2495
36,69,12,40,611,2305,601,2539
36,70,8,27,619,2332,609,2569
36,71,12,47,631,2379,621,2621
36,72,6,32,637,2411,627,2656
36,73,6,27,643,2438,633,2686
36,74,7,29,650,2467,639,2718
36,75,7,28,657,2495,646,2749
36,76,9,33,666,2528,655,2785
36,77,11,38,677,2566,666,2827
36,78,11,34,688,2600,677,2864
36,79,10,31,698,2631,687,2898
36,80,11,40,709,2671,698,2942
36,81,15,53,724,2724,712,3001
36,82,10,31,734,2755,722,3035
36,83,8,30,742,2785,730,3068
37,1,6,26,6,26,6,29
37,2,4,10,10,36,10,40
37,3,2,11,12,47,12,52
37,4,4,12,16,59,16,65
37,5,8,30,24,89,23,98
37,6,6,25,30,114,29,125
37,7,5,17,35,131,34,144
37,8,9,33,44,164,43,180
37,9,4,17,48,181,47,199
37,10,7,27,55,208,54,229
37,11,12,44,67,252,65,277
37,12,3,12,70,264,68,290
37,13,4,16,74,280,72,308
37,14,4,18,78,298,76,327
37,15,6,21,84,319,82,350
37,16,7,35,91,354,89,389
37,17,2,15,93,369,90,405
37,18,5,15,98,384,95,422
37,19,8,25,106,409,103,449
37,20,5,20,111,429,108,471
37,21,7,24,118,453,115,498
37,22,9,33,127,486,124,534
37,23,8,24,135,510,131,560
37,24,3,17,138,527,134,579
37,25,4,14,142,541,138,594
37,26,4,15,146,556,142,611
37,27,5,23,151,579,147,636
37,28,6,25,157,604,153,664
37,29,5,20,162,624,158,686
37,30,10,34,172,658,167,723
37,31,6,24,178,682,173,749
37,32,4,18,182,700,177,769
37,33,5,22,187,722,182,793
37,34,5,18,192,740,187,813
37,35,10,36,202,776,197,853
37,36,6,34,208,810,202,890
37,37,5,19,213,829,207,911
37,38,4,20,217,849,211,933
37,39,6,23,223,872,217,958
37,40,4,16,227,888,221,976
37,41,4,17,231,905,225,994
37,42,4,13,235,918,229,1009
37,43,3,9,238,927,232,1018
37,44,3,13,241,940,234,1033
37,45,5,16,246,956,239,1050
37,46,3,14,249,970,242,1066
37,47,7,22,256,992,249,1090
37,48,5,17,261,1009,254,1109
37,49,3,12,264,1021,257,1122
37,50,5,23,269,1044,262,1147
37,51,7,20,276,1064,269,1169
37,52,4,16,280,1080,272,1187
37,53,7,33,287,1113,279,1223
37,54,4,15,291,1128,283,1239
37,55,5,18,296,1146,288,1259
37,56,5,17,301,1163,293,1278
37,57,6,23,307,1186,299,1303
37,58,3,11,310,1197,302,1315
37,59,6,26,316,1223,307,1344
37,60,5,17,321,1240,312,1362
37,61,4,20,325,1260,316,1384
37,62,7,21,332,1281,323,1407
37,63,4,21,336,1302,327,1430
37,64,6,20,342,1322,333,1452
37,65,4,18,346,1340,337,1472
37,66,6,32,352,1372,342,1507
37,67,7,21,359,1393,349,1530
37,68,5,18,364,1411,354,1550
37,69,4,20,368,1431,358,1572
37,70,4,18,372,1449,362,1592
37,71,5,20,377,1469,367,1614
37,72,4,18,381,1487,371,1634
37,73,5,20,386,1507,376,1656
37,74,4,16,390,1523,379,1673
37,75,5,24,395,1547,384,1700
37,76,5,21,400,1568,389,1723
37,77,4,17,404,1585,393,1741
37,78,4,16,408,1601,397,1759
37,79,5,17,413,1618,402,1778
37,80,5,16,418,1634,407,1795
37,81,4,17,422,1651,411,1814
37,82,3,14,425,1665,414,1829
37,83,6,15,431,1680,419,1846
37,84,5,15,436,1695,424,1862
37,85,6,24,442,1719,430,1889
37,86,5,21,447,1740,435,1912
37,87,4,16,451,1756,439,1929
37,88,4,14,455,1770,443,1945
37,89,3,9,458,1779,446,1954
37,90,3,14,461,1793,449,1970
37,91,6,27,467,1820,454,1999
37,92,4,13,471,1833,458,2014
37,93,4,16,475,1849,462,2031
37,94,3,14,478,1863,465,2047
37,95,4,18,482,1881,469,2067
37,96,4,18,486,1899,473,2086
37,97,7,27,493,1926,480,2116
37,98,5,26,498,1952,485,2145
37,99,6,19,504,1971,490,2165
37,100,5,13,509,1984,495,2180
37,101,3,15,512,1999,498,2196
37,102,26,85,538,2084,523,2290
37,103,4,18,542,2102,527,2309
37,104,4,15,546,2117,531,2326
37,105,8,26,554,2143,539,2354
37,106,5,19,559,2162,544,2375
37,107,3,13,562,2175,547,2389
37,108,4,16,566,2191,551,2407
37,109,4,12,570,2203,555,2420
37,110,4,13,574,2216,559,2435
37,111,4,17,578,2233,562,2453
37,112,5,24,583,2257,567,2480
37,113,10,45,593,2302,577,2529
37,114,5,21,598,2323,582,2552
37,115,5,25,603,2348,587,2580
37,116,4,22,607,2370,591,2604
37,117,3,20,610,2390,594,2626
37,118,4,18,614,2408,597,2645
37,119,4,18,618,2426,601,2665
37,120,4,17,622,2443,605,2684
37,121,5,16,627,2459,610,2702
37,122,4,19,631,2478,614,2722
37,123,4,16,635,2494,618,2740
37,124,5,18,640,2512,623,2760
37,125,5,26,645,2538,628,2788
37,126,5,22,650,2560,632,2812
37,127,3,18,653,2578,635,2832
37,128,4,16,657,2594,639,2850
37,129,4,16,661,2610,643,2867
37,130,4,12,665,2622,647,2881
37,131,5,16,670,2638,652,2898
37,132,4,17,674,2655,656,2917
37,133,4,16,678,2671,660,2934
37,134,4,17,682,2688,664,2953
37,135,4,15,686,2703,667,2970
37,136,3,13,689,2716,670,2984
37,137,4,20,693,2736,674,3006
37,138,3,14,696,2750,677,3021
37,139,4,15,700,2765,681,3038
37,140,5,18,705,2783,686,3057
37,141,4,17,709,2800,690,3076
37,142,4,16,713,2816,694,3094
37,143,5,19,718,2835,699,3115
37,144,6,19,724,2854,704,3135
37,145,5,19,729,2873,709,3156
37,146,5,19,734,2892,714,3177
37,147,6,24,740,2916,720,3204
37,148,4,20,744,2936,724,3226
37,149,5,26,749,2962,729,3254
37,150,6,28,755,2990,735,3285
37,151,5,20,760,3010,739,3307
37,152,4,18,764,3028,743,3327
37,153,4,17,768,3045,747,3345
37,154,4,13,772,3058,751,3360
37,155,2,10,774,3068,753,3371
37,156,4,13,778,3081,757,3385
37,157,5,23,783,3104,762,3410
37,158,10,43,793,3147,772,3457
37,159,4,15,797,3162,775,3474
37,160,4,16,801,3178,779,3491
37,161,3,14,804,3192,782,3507
37,162,4,15,808,3207,786,3523
37,163,5,14,813,3221,791,3539
37,164,6,20,819,3241,797,3561
37,165,3,14,822,3255,800,3576
37,166,3,15,825,3270,803,3592
37,167,3,14,828,3284,806,3608
37,168,6,20,834,3304,811,3630
37,169,4,17,838,3321,815,3649
37,170,4,17,842,3338,819,3667
37,171,5,27,847,3365,824,3697
37,172,3,15,850,3380,827,3713
37,173,4,18,854,3398,831,3733
37,174,4,13,858,3411,835,3747
37,175,3,16,861,3427,838,3765
37,176,2,16,863,3443,840,3783
37,177,6,28,869,3471,846,3813
37,178,4,13,873,3484,849,3828
37,179,3,14,876,3498,852,3843
37,180,6,21,882,3519,858,3866
37,181,3,14,885,3533,861,3881
37,182,4,16,889,3549,865,3899
38,1,8,29,8,29,8,32
38,2,6,19,14,48,14,52
38,3,10,36,24,84,23,91
38,4,10,44,34,128,33,139
38,5,9,32,43,160,42,174
38,6,12,47,55,207,54,225
38,7,10,37,65,244,63,265
38,8,15,44,80,288,78,313
38,9,7,28,87,316,85,344
38,10,11,41,98,357,96,388
38,11,6,23,104,380,101,413
38,12,8,33,112,413,109,449
38,13,7,34,119,447,116,486
38,14,7,21,126,468,123,509
38,15,11,33,137,501,134,545
38,16,8,30,145,531,141,578
38,17,11,38,156,569,152,619
38,18,7,31,163,600,159,653
38,19,5,18,168,618,164,672
38,20,6,31,174,649,170,706
38,21,8,29,182,678,177,737
38,22,24,86,206,764,201,831
38,23,16,54,222,818,216,890
38,24,33,128,255,946,249,1029
38,25,10,34,265,980,258,1066
38,26,30,101,295,1081,288,1176
38,27,17,62,312,1143,304,1243
38,28,13,57,325,1200,317,1305
38,29,9,47,334,1247,326,1356
38,30,7,30,341,1277,332,1389
38,31,6,23,347,1300,338,1414
38,32,11,37,358,1337,349,1454
38,33,6,27,364,1364,355,1484
38,34,9,36,373,1400,364,1523
38,35,15,42,388,1442,378,1568
38,36,8,29,396,1471,386,1600
38,37,4,17,400,1488,390,1618
38,38,4,18,404,1506,394,1638
38,39,7,27,411,1533,401,1667
38,40,6,23,417,1556,406,1692
38,41,11,40,428,1596,417,1736
38,42,6,26,434,1622,423,1764
38,43,10,44,444,1666,433,1812
38,44,14,51,458,1717,446,1867
38,45,9,39,467,1756,455,1910
38,46,5,25,472,1781,460,1937
38,47,5,24,477,1805,465,1963
38,48,8,31,485,1836,473,1997
38,49,6,24,491,1860,479,2023
38,50,6,20,497,1880,484,2045
38,51,7,30,504,1910,491,2077
38,52,6,20,510,1930,497,2099
38,53,5,20,515,1950,502,2121
38,54,7,22,522,1972,509,2145
38,55,5,20,527,1992,514,2167
38,56,4,19,531,2011,518,2187
38,57,4,19,535,2030,522,2208
38,58,5,15,540,2045,526,2224
38,59,10,39,550,2084,536,2267
38,60,11,44,561,2128,547,2315
38,61,11,39,572,2167,558,2357
38,62,10,37,582,2204,567,2397
38,63,6,28,588,2232,573,2428
38,64,7,20,595,2252,580,2449
38,65,12,37,607,2289,592,2490
38,66,8,30,615,2319,600,2522
38,67,4,11,619,2330,603,2534
38,68,3,13,622,2343,606,2548
38,69,9,29,631,2372,615,2580
38,70,8,23,639,2395,623,2605
38,71,9,30,648,2425,632,2638
38,72,9,32,657,2457,640,2672
38,73,4,21,661,2478,644,2695
38,74,6,24,667,2502,650,2721
38,75,14,48,681,2550,664,2774
38,76,10,31,691,2581,674,2807
38,77,5,18,696,2599,678,2827
38,78,6,18,702,2617,684,2846
38,79,6,21,708,2638,690,2869
38,80,4,15,712,2653,694,2886
38,81,4,15,716,2668,698,2902
38,82,4,21,720,2689,702,2925
38,83,4,18,724,2707,706,2944
38,84,4,15,728,2722,710,2961
38,85,7,30,735,2752,716,2993
38,86,10,33,745,2785,726,3029
38,87,5,17,750,2802,731,3048
38,88,4,16,754,2818,735,3065
39,1,10,38,10,38,10,43
39,2,10,38,20,76,20,85
39,3,33,108,53,184,52,207
39,4,17,54,70,238,69,267
39,5,24,84,94,322,92,362
39,6,39,130,133,452,130,508
39,7,31,118,164,570,161,640
39,8,35,113,199,683,195,767
39,9,24,93,223,776,218,871
39,10,22,84,245,860,240,966
39,11,9,27,254,887,249,996
39,12,5,21,259,908,254,1020
39,13,9,24,268,932,262,1047
39,14,6,18,274,950,268,1067
39,15,20,73,294,1023,288,1149
39,16,17,56,311,1079,305,1212
39,17,12,53,323,1132,316,1271
39,18,13,61,336,1193,329,1340
39,19,10,34,346,1227,339,1378
39,20,20,70,366,1297,358,1456
39,21,33,106,399,1403,391,1575
39,22,20,72,419,1475,410,1656
39,23,35,117,454,1592,445,1788
39,24,13,53,467,1645,457,1847
39,25,10,35,477,1680,467,1887
39,26,12,50,489,1730,479,1943
39,27,11,43,500,1773,490,1991
39,28,7,25,507,1798,496,2019
39,29,19,75,526,1873,515,2103
39,30,4,14,530,1887,519,2119
39,31,7,27,537,1914,526,2149
39,32,16,53,553,1967,541,2209
39,33,8,31,561,1998,549,2244
39,34,9,30,570,2028,558,2277
39,35,12,49,582,2077,570,2332
39,36,15,50,597,2127,585,2388
39,37,12,34,609,2161,596,2427
39,38,37,133,646,2294,633,2576
39,39,9,37,655,2331,641,2618
39,40,8,25,663,2356,649,2646
39,41,18,69,681,2425,667,2723
39,42,27,91,708,2516,693,2825
39,43,14,49,722,2565,707,2880
39,44,12,42,734,2607,719,2927
39,45,18,68,752,2675,736,3004
39,46,18,65,770,2740,754,3077
39,47,25,85,795,2825,778,3172
39,48,11,41,806,2866,789,3218
39,49,22,80,828,2946,811,3308
39,50,11,40,839,2986,822,3353
39,51,15,62,854,3048,836,3423
39,52,16,51,870,3099,852,3480
39,53,21,73,891,3172,872,3562
39,54,13,48,904,3220,885,3616
39,55,16,59,920,3279,901,3682
39,56,14,46,934,3325,915,3734
39,57,9,28,943,3353,923,3765
39,58,12,37,955,3390,935,3807
39,59,10,41,965,3431,945,3853
39,60,14,56,979,3487,959,3916
39,61,11,41,990,3528,969,3962
39,62,9,24,999,3552,978,3989
39,63,12,50,1011,3602,990,4045
39,64,7,29,1018,3631,997,4077
39,65,14,55,1032,3686,1011,4139
39,66,6,20,1038,3706,1016,4162
39,67,18,74,1056,3780,1034,4245
39,68,23,66,1079,3846,1057,4319
39,69,15,65,1094,3911,1071,4392
39,70,9,30,1103,3941,1080,4425
39,71,35,141,1138,4082,1114,4584
39,72,10,38,1148,4120,1124,4626
39,73,21,85,1169,4205,1145,4722
39,74,16,65,1185,4270,1160,4795
39,75,17,66,1202,4336,1177,4869
40,1,5,18,5,18,5,20
40,2,6,22,11,40,11,45
40,3,14,48,25,88,25,99
40,4,13,44,38,132,37,148
40,5,21,92,59,224,58,252
40,6,11,39,70,263,69,295
40,7,27,114,97,377,96,423
40,8,17,69,114,446,112,501
40,9,13,45,127,491,125,551
40,10,15,61,142,552,140,620
40,11,13,57,155,609,153,684
40,12,16,54,171,663,169,745
40,13,14,44,185,707,182,794
40,14,8,31,193,738,190,829
40,15,16,53,209,791,206,888
40,16,16,49,225,840,222,943
40,17,13,40,238,880,235,988
40,18,15,59,253,939,249,1055
40,19,6,23,259,962,255,1080
40,20,15,48,274,1010,270,1134
40,21,31,108,305,1118,301,1256
40,22,14,56,319,1174,314,1319
40,23,6,30,325,1204,320,1352
40,24,7,34,332,1238,327,1390
40,25,19,78,351,1316,346,1478
40,26,18,60,369,1376,364,1545
40,27,13,43,382,1419,376,1594
40,28,39,130,421,1549,415,1740
40,29,26,88,447,1637,441,1839
40,30,10,35,457,1672,450,1878
40,31,14,50,471,1722,464,1934
40,32,6,22,477,1744,470,1959
40,33,16,47,493,1791,486,2012
40,34,31,97,524,1888,516,2120
40,35,24,83,548,1971,540,2214
40,36,9,35,557,2006,549,2253
40,37,25,87,582,2093,574,2351
40,38,8,32,590,2125,581,2387
40,39,11,42,601,2167,592,2434
40,40,23,82,624,2249,615,2526
40,41,10,36,634,2285,625,2566
40,42,15,54,649,2339,640,2627
40,43,22,75,671,2414,661,2711
40,44,12,45,683,2459,673,2762
40,45,10,40,693,2499,683,2807
40,46,13,55,706,2554,696,2868
40,47,19,74,725,2628,715,2952
40,48,12,38,737,2666,726,2994
40,49,13,45,750,2711,739,3045
40,50,16,67,766,2778,755,3120
40,51,11,44,777,2822,766,3169
40,52,10,40,787,2862,776,3214
40,53,9,36,796,2898,784,3255
40,54,4,18,800,2916,788,3275
40,55,12,47,812,2963,800,3328
40,56,23,79,835,3042,823,3417
40,57,13,48,848,3090,836,3470
40,58,13,59,861,3149,849,3537
40,59,11,39,872,3188,859,3581
40,60,13,54,885,3242,872,3641
40,61,20,71,905,3313,892,3721
40,62,13,40,918,3353,905,3766
40,63,8,28,926,3381,913,3797
40,64,22,87,948,3468,934,3895
40,65,14,45,962,3513,948,3946
40,66,21,65,983,3578,969,4019
40,67,30,113,1013,3691,998,4145
40,68,12,35,1025,3726,1010,4185
40,69,10,33,1035,3759,1020,4222
40,70,9,40,1044,3799,1029,4267
40,71,6,28,1050,3827,1035,4298
40,72,6,17,1056,3844,1041,4317
40,73,7,21,1063,3865,1048,4341
40,74,18,55,1081,3920,1065,4403
40,75,12,42,1093,3962,1077,4450
40,76,9,36,1102,3998,1086,4490
40,77,14,50,1116,4048,1100,4546
40,78,32,114,1148,4162,1131,4674
40,79,9,39,1157,4201,1140,4718
40,80,12,54,1169,4255,1152,4779
40,81,6,24,1175,4279,1158,4806
40,82,25,94,1200,4373,1183,4911
40,83,15,63,1215,4436,1197,4982
40,84,12,50,1227,4486,1209,5038
40,85,17,62,1244,4548,1226,5108
41,1,5,18,5,18,5,20
41,2,4,16,9,34,9,38
41,3,7,32,16,66,16,73
41,4,7,30,23,96,23,106
41,5,17,70,40,166,39,184
41,6,17,67,57,233,56,258
41,7,8,32,65,265,64,293
41,8,9,37,74,302,72,334
41,9,16,54,90,356,88,394
41,10,17,58,107,414,105,458
41,11,16,60,123,474,120,525
41,12,20,75,143,549,140,608
41,13,9,40,152,589,149,652
41,14,23,89,175,678,171,751
41,15,25,92,200,770,196,853
41,16,19,76,219,846,214,937
41,17,14,67,233,913,228,1011
41,18,5,24,238,937,233,1038
41,19,8,29,246,966,241,1070
41,20,12,54,258,1020,253,1129
41,21,18,72,276,1092,270,1209
41,22,20,80,296,1172,290,1298
41,23,10,42,306,1214,300,1344
41,24,11,43,317,1257,310,1392
41,25,26,88,343,1345,336,1489
41,26,11,49,354,1394,347,1544
41,27,10,47,364,1441,356,1596
41,28,15,56,379,1497,371,1658
41,29,16,69,395,1566,387,1734
41,30,19,84,414,1650,405,1827
41,31,16,60,430,1710,421,1893
41,32,4,13,434,1723,425,1908
41,33,13,47,447,1770,438,1960
41,34,18,56,465,1826,455,2022
41,35,11,37,476,1863,466,2063
41,36,11,41,487,1904,477,2108
41,37,19,78,506,1982,495,2195
41,38,13,46,519,2028,508,2246
41,39,22,79,541,2107,530,2333
41,40,26,85,567,2192,555,2427
41,41,9,35,576,2227,564,2466
41,42,13,37,589,2264,577,2507
41,43,17,50,606,2314,593,2562
41,44,30,122,636,2436,623,2697
41,45,18,65,654,2501,640,2769
41,46,11,44,665,2545,651,2818
41,47,30,98,695,2643,680,2927
41,48,12,38,707,2681,692,2969
41,49,11,37,718,2718,703,3010
41,50,32,122,750,2840,734,3145
41,51,13,53,763,2893,747,3203
41,52,17,47,780,2940,764,3255
41,53,19,64,799,3004,782,3326
41,54,12,35,811,3039,794,3365
42,1,5,18,5,18,5,21
42,2,1,3,6,21,6,24
42,3,11,33,17,54,16,62
42,4,11,29,28,83,27,95
42,5,20,78,48,161,46,184
42,6,12,44,60,205,58,235
42,7,23,76,83,281,80,322
42,8,20,64,103,345,99,395
42,9,16,49,119,394,115,451
42,10,16,50,135,444,130,508
42,11,22,75,157,519,152,594
42,12,14,46,171,565,165,647
42,13,40,125,211,690,204,790
42,14,30,104,241,794,233,909
42,15,35,137,276,931,266,1066
42,16,18,62,294,993,284,1137
42,17,11,41,305,1034,294,1184
42,18,22,82,327,1116,316,1277
42,19,9,30,336,1146,324,1312
42,20,22,66,358,1212,346,1387
42,21,22,75,380,1287,367,1473
42,22,25,96,405,1383,391,1583
42,23,30,105,435,1488,420,1703
42,24,22,78,457,1566,441,1792
42,25,12,44,469,1610,453,1843
42,26,12,56,481,1666,464,1907
42,27,18,61,499,1727,482,1977
42,28,13,42,512,1769,494,2025
42,29,17,57,529,1826,511,2090
42,30,10,37,539,1863,520,2132
42,31,14,42,553,1905,534,2181
42,32,6,25,559,1930,540,2209
42,33,16,49,575,1979,555,2265
42,34,7,23,582,2002,562,2292
42,35,9,30,591,2032,570,2326
42,36,17,65,608,2097,587,2400
42,37,11,43,619,2140,597,2449
42,38,11,58,630,2198,608,2516
42,39,6,24,636,2222,614,2543
42,40,15,51,651,2273,628,2602
42,41,9,33,660,2306,637,2639
42,42,15,55,675,2361,652,2702
42,43,9,27,684,2388,660,2733
42,44,20,64,704,2452,680,2807
42,45,27,104,731,2556,706,2926
42,46,16,50,747,2606,721,2983
42,47,21,60,768,2666,741,3052
42,48,27,106,795,2772,767,3173
42,49,16,52,811,2824,783,3232
42,50,11,41,822,2865,793,3279
42,51,23,68,845,2933,816,3357
42,52,29,100,874,3033,844,3472
42,53,17,44,891,3077,860,3522
43,1,5,18,5,18,5,20
43,2,2,10,7,28,7,30
43,3,8,29,15,57,15,62
43,4,7,22,22,79,22,86
43,5,8,33,30,112,29,122
43,6,6,19,36,131,35,143
43,7,8,28,44,159,43,173
43,8,7,30,51,189,50,206
43,9,11,44,62,233,61,254
43,10,11,41,73,274,71,298
43,11,13,46,86,320,84,348
43,12,12,43,98,363,96,395
43,13,20,78,118,441,115,480
43,14,4,19,122,460,119,501
43,15,9,35,131,495,128,539
43,16,7,27,138,522,135,568
43,17,12,46,150,568,147,619
43,18,9,27,159,595,155,648
43,19,12,62,171,657,167,715
43,20,16,52,187,709,183,772
43,21,8,33,195,742,191,808
43,22,11,48,206,790,201,860
43,23,22,82,228,872,223,950
43,24,15,60,243,932,238,1015
43,25,7,31,250,963,244,1049
43,26,10,36,260,999,254,1088
43,27,5,17,265,1016,259,1106
43,28,7,29,272,1045,266,1138
43,29,9,39,281,1084,275,1180
43,30,9,36,290,1120,284,1220
43,31,10,39,300,1159,293,1262
43,32,25,99,325,1258,318,1370
43,33,18,70,343,1328,335,1446
43,34,6,26,349,1354,341,1475
43,35,13,48,362,1402,354,1527
43,36,11,34,373,1436,365,1564
43,37,7,34,380,1470,372,1601
43,38,11,40,391,1510,382,1644
43,39,9,35,400,1545,391,1683
43,40,11,34,411,1579,402,1720
43,41,6,26,417,1605,408,1748
43,42,7,30,424,1635,415,1781
43,43,9,29,433,1664,423,1812
43,44,6,26,439,1690,429,1840
43,45,13,52,452,1742,442,1897
43,46,12,52,464,1794,454,1954
43,47,7,30,471,1824,461,1986
43,48,13,51,484,1875,473,2042
43,49,11,43,495,1918,484,2089
43,50,7,28,502,1946,491,2119
43,51,17,61,519,2007,507,2186
43,52,11,28,530,2035,518,2216
43,53,11,42,541,2077,529,2262
43,54,7,34,548,2111,536,2299
43,55,6,35,554,2146,542,2337
43,56,4,24,558,2170,546,2363
43,57,10,30,568,2200,555,2396
43,58,15,47,583,2247,570,2447
43,59,11,38,594,2285,581,2488
43,60,8,33,602,2318,589,2524
43,61,11,43,613,2361,599,2571
43,62,7,25,620,2386,606,2598
43,63,17,68,637,2454,623,2672
43,64,10,32,647,2486,633,2707
43,65,11,40,658,2526,643,2751
43,66,10,36,668,2562,653,2790
43,67,7,30,675,2592,660,2823
43,68,8,30,683,2622,668,2855
43,69,5,27,688,2649,673,2885
43,70,6,26,694,2675,679,2913
43,71,15,61,709,2736,693,2980
43,72,7,32,716,2768,700,3014
43,73,6,25,722,2793,706,3042
43,74,6,23,728,2816,712,3067
43,75,6,20,734,2836,718,3088
43,76,6,28,740,2864,724,3119
43,77,8,34,748,2898,731,3156
43,78,7,34,755,2932,738,3193
43,79,5,22,760,2954,743,3217
43,80,11,45,771,2999,754,3266
43,81,8,30,779,3029,762,3299
43,82,9,31,788,3060,770,3332
43,83,8,35,796,3095,778,3371
43,84,11,36,807,3131,789,3410
43,85,14,55,821,3186,803,3470
43,86,13,45,834,3231,815,3519
43,87,8,34,842,3265,823,3556
43,88,7,25,849,3290,830,3583
43,89,6,24,855,3314,836,3609
44,1,5,18,5,18,5,20
44,2,2,10,7,28,7,31
44,3,8,31,15,59,15,65
44,4,5,14,20,73,19,80
44,5,6,22,26,95,25,104
44,6,7,22,33,117,32,129
44,7,9,32,42,149,41,164
44,8,10,34,52,183,50,201
44,9,5,12,57,195,55,214
44,10,6,23,63,218,61,240
44,11,5,18,68,236,66,259
44,12,6,24,74,260,72,286
44,13,7,26,81,286,79,314
44,14,6,25,87,311,84,342
44,15,6,28,93,339,90,373
44,16,6,26,99,365,96,401
44,17,9,34,108,399,105,439
44,18,9,27,117,426,113,468
44,19,9,32,126,458,122,503
44,20,6,22,132,480,128,528
44,21,5,19,137,499,133,548
44,22,6,24,143,523,139,575
44,23,5,22,148,545,143,599
44,24,6,25,154,570,149,627
44,25,5,17,159,587,154,645
44,26,3,13,162,600,157,660
44,27,4,18,166,618,161,679
44,28,5,22,171,640,166,703
44,29,8,33,179,673,173,740
44,30,8,26,187,699,181,768
44,31,7,25,194,724,188,796
44,32,6,26,200,750,194,824
44,33,7,27,207,777,201,854
44,34,3,14,210,791,204,869
44,35,8,29,218,820,211,901
44,36,5,24,223,844,216,928
44,37,12,46,235,890,228,978
44,38,8,32,243,922,236,1013
44,39,8,35,251,957,243,1052
44,40,5,19,256,976,248,1073
44,41,10,29,266,1005,258,1105
44,42,8,24,274,1029,266,1131
44,43,3,11,277,1040,268,1143
44,44,2,8,279,1048,270,1152
44,45,4,13,283,1061,274,1166
44,46,2,7,285,1068,276,1174
44,47,5,21,290,1089,281,1197
44,48,7,23,297,1112,288,1222
44,49,5,16,302,1128,293,1240
44,50,6,20,308,1148,299,1262
44,51,5,15,313,1163,303,1278
44,52,3,9,316,1172,306,1288
44,53,5,25,321,1197,311,1316
44,54,5,18,326,1215,316,1336
44,55,5,20,331,1235,321,1357
44,56,10,41,341,1276,330,1403
44,57,8,22,349,1298,338,1427
44,58,5,27,354,1325,343,1456
44,59,3,16,357,1341,346,1474
45,1,5,18,5,18,5,20
45,2,6,22,11,40,11,45
45,3,7,26,18,66,17,74
45,4,9,31,27,97,26,108
45,5,20,76,47,173,46,193
45,6,12,46,59,219,57,244
45,7,4,12,63,231,61,258
45,8,14,51,77,282,75,315
45,9,11,43,88,325,85,363
45,10,19,65,107,390,104,435
45,11,11,40,118,430,114,480
45,12,15,56,133,486,129,542
45,13,18,52,151,538,146,600
45,14,14,53,165,591,160,659
45,15,11,43,176,634,170,707
45,16,14,64,190,698,184,779
45,17,24,87,214,785,207,876
45,18,13,49,227,834,220,930
45,19,15,54,242,888,234,991
45,20,7,32,249,920,241,1026
45,21,17,76,266,996,258,1111
45,22,14,50,280,1046,271,1167
45,23,24,89,304,1135,294,1266
45,24,22,70,326,1205,316,1344
45,25,16,65,342,1270,331,1417
45,26,18,57,360,1327,349,1480
45,27,11,44,371,1371,359,1529
45,28,14,51,385,1422,373,1586
45,29,11,45,396,1467,383,1637
45,30,14,55,410,1522,397,1698
45,31,12,53,422,1575,409,1757
45,32,22,69,444,1644,430,1834
45,33,11,41,455,1685,441,1880
45,34,14,55,469,1740,454,1941
45,35,17,66,486,1806,471,2015
45,36,9,31,495,1837,479,2049
45,37,9,32,504,1869,488,2085
46,1,5,18,5,18,5,20
46,2,6,22,11,40,11,44
46,3,16,65,27,105,27,115
46,4,30,97,57,202,56,222
46,5,18,58,75,260,74,286
46,6,9,43,84,303,82,333
46,7,14,55,98,358,96,393
46,8,25,83,123,441,121,484
46,9,24,66,147,507,144,557
46,10,25,84,172,591,169,649
46,11,19,70,191,661,188,726
46,12,16,71,207,732,203,804
46,13,13,46,220,778,216,855
46,14,9,40,229,818,225,899
46,15,47,173,276,991,271,1089
46,16,18,73,294,1064,289,1169
46,17,29,99,323,1163,317,1277
46,18,17,59,340,1222,334,1342
46,19,9,40,349,1262,343,1386
46,20,27,111,376,1373,369,1508
46,21,26,84,402,1457,395,1600
46,22,12,53,414,1510,406,1659
46,23,13,53,427,1563,419,1717
46,24,18,71,445,1634,437,1795
46,25,15,54,460,1688,452,1854
46,26,32,132,492,1820,483,1999
46,27,10,44,502,1864,493,2047
46,28,18,69,520,1933,511,2123
46,29,18,75,538,2008,528,2206
46,30,19,69,557,2077,547,2281
46,31,14,54,571,2131,561,2341
46,32,18,56,589,2187,578,2402
46,33,23,71,612,2258,601,2480
46,34,18,72,630,2330,618,2559
46,35,27,98,657,2428,645,2667
47,1,12,47,12,47,12,51
47,2,18,78,30,125,29,136
47,3,20,72,50,197,49,215
47,4,39,153,89,350,87,382
47,5,3,14,92,364,90,397
47,6,4,18,96,382,94,417
47,7,9,40,105,422,103,461
47,8,6,28,111,450,108,491
47,9,9,34,120,484,117,528
47,10,17,64,137,548,134,598
47,11,12,40,149,588,146,642
47,12,22,96,171,684,167,747
47,13,14,48,185,732,181,799
47,14,13,45,198,777,193,848
47,15,45,158,243,935,237,1020
47,16,24,98,267,1033,261,1127
47,17,6,30,273,1063,267,1160
47,18,15,62,288,1125,281,1228
47,19,14,67,302,1192,295,1301
47,20,27,103,329,1295,321,1413
47,21,12,45,341,1340,333,1463
47,22,10,41,351,1381,343,1507
47,23,7,35,358,1416,350,1545
47,24,7,32,365,1448,356,1580
47,25,16,56,381,1504,372,1642
47,26,16,58,397,1562,388,1705
47,27,7,38,404,1600,395,1746
47,28,12,45,416,1645,406,1795
47,29,11,35,427,1680,417,1834
47,30,12,60,439,1740,429,1899
47,31,8,47,447,1787,437,1950
47,32,21,75,468,1862,457,2032
47,33,11,48,479,1910,468,2085
47,34,15,49,494,1959,482,2138
47,35,12,54,506,2013,494,2197
47,36,14,58,520,2071,508,2260
47,37,6,32,526,2103,514,2295
47,38,29,117,555,2220,542,2423
48,1,9,34,9,34,9,38
48,2,16,53,25,87,24,97
48,3,4,16,29,103,28,115
48,4,20,78,49,181,48,202
48,5,20,81,69,262,67,293
48,6,21,100,90,362,87,405
48,7,9,34,99,396,96,443
48,8,5,26,104,422,101,472
48,9,8,47,112,469,109,524
48,10,25,88,137,557,133,622
48,11,38,138,175,695,170,777
48,12,21,78,196,773,190,864
48,13,9,39,205,812,199,907
48,14,15,52,220,864,214,966
48,15,32,130,252,994,245,1111
48,16,28,113,280,1107,272,1237
48,17,27,97,307,1204,298,1346
48,18,20,74,327,1278,317,1428
48,19,7,32,334,1310,324,1464
48,20,19,80,353,1390,343,1553
48,21,14,47,367,1437,356,1606
48,22,12,46,379,1483,368,1657
48,23,12,36,391,1519,379,1698
48,24,19,68,410,1587,398,1774
48,25,40,162,450,1749,437,1955
48,26,28,114,478,1863,464,2082
48,27,29,110,507,1973,492,2205
48,28,14,50,521,2023,506,2261
48,29,56,223,577,2246,560,2510
49,1,19,68,19,68,19,76
49,2,23,91,42,159,41,177
49,3,18,68,60,227,59,253
49,4,10,35,70,262,69,291
49,5,12,44,82,306,81,340
49,6,17,73,99,379,97,422
49,7,29,108,128,487,126,542
49,8,7,24,135,511,133,568
49,9,30,128,165,639,162,711
49,10,10,48,175,687,172,764
49,11,39,144,214,831,210,924
49,12,31,113,245,944,241,1050
49,13,20,86,265,1030,261,1146
49,14,28,107,293,1137,288,1265
49,15,19,83,312,1220,307,1357
49,16,17,53,329,1273,324,1416
49,17,19,68,348,1341,342,1492
49,18,11,37,359,1378,353,1533
50,1,7,28,7,28,7,31
50,2,11,42,18,70,17,77
50,3,8,26,26,96,25,106
50,4,9,34,35,130,34,144
50,5,9,29,44,159,42,176
50,6,12,48,56,207,54,229
50,7,12,44,68,251,65,278
50,8,5,19,73,270,70,299
50,9,10,42,83,312,80,345
50,10,5,20,88,332,84,367
50,11,9,33,97,365,93,404
50,12,7,29,104,394,100,436
50,13,5,18,109,412,105,456
50,14,9,32,118,444,113,491
50,15,10,30,128,474,123,524
50,16,14,53,142,527,136,583
50,17,8,29,150,556,144,615
50,18,8,22,158,578,152,640
50,19,10,31,168,609,161,674
50,20,7,18,175,627,168,694
50,21,6,22,181,649,174,718
50,22,12,42,193,691,185,765
50,23,6,19,199,710,191,786
50,24,6,18,205,728,197,806
50,25,4,15,209,743,200,822
50,26,10,35,219,778,210,861
50,27,11,34,230,812,221,898
50,28,8,30,238,842,228,932
50,29,8,27,246,869,236,962
50,30,9,30,255,899,245,995
50,31,5,21,260,920,249,1018
50,32,6,22,266,942,255,1042
50,33,7,25,273,967,262,1070
50,34,6,21,279,988,268,1093
50,35,6,21,285,1009,273,1116
50,36,15,51,300,1060,288,1173
50,37,14,38,314,1098,301,1215
50,38,14,48,328,1146,315,1268
50,39,12,45,340,1191,326,1318
50,40,5,21,345,1212,331,1341
50,41,7,24,352,1236,338,1368
50,42,8,25,360,1261,345,1395
50,43,6,21,366,1282,351,1418
50,44,10,31,376,1313,361,1453
50,45,13,49,389,1362,373,1507
51,1,7,26,7,26,7,28
51,2,2,12,9,38,9,42
51,3,2,10,11,48,11,53
51,4,2,12,13,60,13,66
51,5,3,15,16,75,15,82
51,6,4,10,20,85,19,93
51,7,3,13,23,98,22,107
51,8,4,14,27,112,26,123
51,9,4,11,31,123,30,135
51,10,3,9,34,132,33,145
51,11,5,15,39,147,38,161
51,12,4,13,43,160,42,175
51,13,5,16,48,176,46,193
51,14,7,31,55,207,53,227
51,15,5,16,60,223,58,244
51,16,10,37,70,260,68,285
51,17,6,20,76,280,73,307
51,18,3,17,79,297,76,325
51,19,6,23,85,320,82,351
51,20,4,17,89,337,86,369
51,21,4,18,93,355,90,389
51,22,5,21,98,376,95,412
51,23,9,35,107,411,103,450
51,24,7,22,114,433,110,474
51,25,9,37,123,470,119,515
51,26,6,22,129,492,125,539
51,27,5,21,134,513,129,562
51,28,9,36,143,549,138,602
51,29,9,36,152,585,147,641
51,30,9,28,161,613,155,672
51,31,6,21,167,634,161,695
51,32,6,25,173,659,167,722
51,33,5,18,178,677,172,742
51,34,4,18,182,695,176,761
51,35,6,23,188,718,181,787
51,36,7,23,195,741,188,812
51,37,7,30,202,771,195,845
51,38,8,32,210,803,203,880
51,39,6,25,216,828,208,907
51,40,7,30,223,858,215,940
51,41,7,24,230,882,222,966
51,42,9,28,239,910,231,997
51,43,8,24,247,934,238,1023
51,44,8,35,255,969,246,1062
51,45,7,29,262,998,253,1093
51,46,8,30,270,1028,261,1126
51,47,5,26,275,1054,265,1155
51,48,4,23,279,1077,269,1180
51,49,7,27,286,1104,276,1210
51,50,8,25,294,1129,284,1237
51,51,11,37,305,1166,294,1278
51,52,14,44,319,1210,308,1326
51,53,6,21,325,1231,314,1349
51,54,5,19,330,1250,318,1370
51,55,5,22,335,1272,323,1394
51,56,6,24,341,1296,329,1420
51,57,9,27,350,1323,338,1450
51,58,7,22,357,1345,345,1474
51,59,9,41,366,1386,353,1519
51,60,7,25,373,1411,360,1546
52,1,5,21,5,21,5,23
52,2,2,10,7,31,7,34
52,3,3,8,10,39,10,42
52,4,2,10,12,49,12,53
52,5,2,11,14,60,14,65
52,6,2,11,16,71,16,77
52,7,5,13,21,84,20,91
52,8,4,10,25,94,24,102
52,9,4,15,29,109,28,119
52,10,3,12,32,121,31,132
52,11,3,14,35,135,34,147
52,12,5,14,40,149,39,162
52,13,6,19,46,168,45,183
52,14,6,23,52,191,51,208
52,15,6,23,58,214,57,233
52,16,12,50,70,264,68,287
52,17,5,16,75,280,73,305
52,18,8,36,83,316,81,344
52,19,6,27,89,343,87,373
52,20,7,31,96,374,94,407
52,21,19,76,115,450,112,490
52,22,5,27,120,477,117,519
52,23,8,29,128,506,125,550
52,24,8,30,136,536,133,583
52,25,5,23,141,559,137,608
52,26,7,25,148,584,144,635
52,27,6,25,154,609,150,663
52,28,9,28,163,637,159,693
52,29,8,31,171,668,167,727
52,30,7,25,178,693,174,754
52,31,6,24,184,717,179,780
52,32,8,32,192,749,187,815
52,33,6,21,198,770,193,838
52,34,6,26,204,796,199,866
52,35,8,24,212,820,207,892
52,36,8,27,220,847,214,921
52,37,7,26,227,873,221,950
52,38,9,36,236,909,230,989
52,39,5,18,241,927,235,1009
52,40,7,27,248,954,242,1038
52,41,5,18,253,972,247,1057
52,42,7,26,260,998,254,1086
52,43,9,30,269,1028,262,1118
52,44,9,36,278,1064,271,1158
52,45,7,26,285,1090,278,1186
52,46,9,27,294,1117,287,1215
52,47,11,41,305,1158,297,1260
52,48,10,38,315,1196,307,1301
52,49,5,21,320,1217,312,1324
53,1,7,27,7,27,7,29
53,2,5,16,12,43,12,47
53,3,4,12,16,55,15,60
53,4,5,12,21,67,20,73
53,5,3,11,24,78,23,85
53,6,3,10,27,88,26,95
53,7,3,13,30,101,29,110
53,8,3,10,33,111,32,120
53,9,5,17,38,128,37,139
53,10,5,18,43,146,42,158
53,11,5,15,48,161,46,175
53,12,4,16,52,177,50,192
53,13,4,16,56,193,54,209
53,14,3,13,59,206,57,223
53,15,3,13,62,219,60,238
53,16,5,15,67,234,65,254
53,17,5,15,72,249,70,270
53,18,6,20,78,269,75,292
53,19,3,15,81,284,78,308
53,20,3,16,84,300,81,325
53,21,4,16,88,316,85,343
53,22,4,13,92,329,89,357
53,23,25,93,117,422,113,458
53,24,4,15,121,437,117,474
53,25,3,16,124,453,120,491
53,26,20,56,144,509,139,552
53,27,9,40,153,549,148,596
53,28,16,44,169,593,164,643
53,29,11,36,180,629,174,682
53,30,17,51,197,680,191,738
53,31,17,59,214,739,207,802
53,32,33,117,247,856,239,929
53,33,3,11,250,867,242,941
53,34,3,14,253,881,245,956
53,35,5,16,258,897,250,973
53,36,7,18,265,915,256,993
53,37,4,11,269,926,260,1005
53,38,5,18,274,944,265,1024
53,39,6,20,280,964,271,1046
53,40,4,11,284,975,275,1058
53,41,4,16,288,991,279,1075
53,42,4,15,292,1006,283,1091
53,43,4,15,296,1021,286,1108
53,44,4,14,300,1035,290,1123
53,45,5,22,305,1057,295,1147
53,46,4,13,309,1070,299,1161
53,47,4,16,313,1086,303,1178
53,48,4,15,317,1101,307,1194
53,49,4,13,321,1114,311,1208
53,50,4,17,325,1131,315,1227
53,51,3,13,328,1144,317,1241
53,52,9,32,337,1176,326,1276
53,53,2,12,339,1188,328,1289
53,54,3,11,342,1199,331,1301
53,55,4,17,346,1216,335,1319
53,56,5,18,351,1234,340,1339
53,57,2,10,353,1244,342,1349
53,58,6,18,359,1262,347,1369
53,59,4,18,363,1280,351,1389
53,60,3,15,366,1295,354,1405
53,61,2,11,368,1306,356,1417
53,62,4,15,372,1321,360,1433
54,1,8,34,8,34,8,36
54,2,7,28,15,62,14,66
54,3,6,30,21,92,20,98
54,4,7,26,28,118,27,126
54,5,5,19,33,137,32,146
54,6,8,24,41,161,40,172
54,7,8,38,49,199,47,213
54,8,8,31,57,230,55,246
54,9,10,42,67,272,65,291
54,10,5,19,72,291,70,311
54,11,6,24,78,315,75,337
54,12,9,34,87,349,84,373
54,13,6,21,93,370,90,395
54,14,6,22,99,392,96,419
54,15,6,23,105,415,101,443
54,16,4,14,109,429,105,458
54,17,7,28,116,457,112,488
54,18,6,21,122,478,118,511
54,19,9,32,131,510,127,545
54,20,6,26,137,536,132,573
54,21,4,14,141,550,136,588
54,22,7,28,148,578,143,618
54,23,3,13,151,591,146,631
54,24,11,39,162,630,157,673
54,25,9,28,171,658,165,703
54,26,5,20,176,678,170,724
54,27,7,33,183,711,177,760
54,28,8,30,191,741,185,792
54,29,4,22,195,763,188,815
54,30,4,14,199,777,192,830
54,31,9,36,208,813,201,869
54,32,7,28,215,841,208,898
54,33,4,15,219,856,212,915
54,34,9,37,228,893,220,954
54,35,8,23,236,916,228,979
54,36,5,28,241,944,233,1009
54,37,10,39,251,983,242,1050
54,38,5,22,256,1005,247,1074
54,39,3,14,259,1019,250,1089
54,40,7,28,266,1047,257,1119
54,41,5,19,271,1066,262,1139
54,42,7,35,278,1101,269,1176
54,43,9,33,287,1134,277,1212
54,44,5,18,292,1152,282,1231
54,45,4,17,296,1169,286,1249
54,46,6,27,302,1196,292,1278
54,47,5,17,307,1213,297,1296
54,48,9,31,316,1244,305,1329
54,49,5,17,321,1261,310,1347
54,50,7,24,328,1285,317,1373
54,51,6,25,334,1310,323,1400
54,52,5,15,339,1325,328,1416
54,53,4,15,343,1340,331,1432
54,54,5,16,348,1356,336,1449
54,55,6,19,354,1375,342,1469
55,1,5,22,5,22,5,24
55,2,2,9,7,31,7,33
55,3,2,9,9,40,9,43
55,4,2,8,11,48,11,51
55,5,3,15,14,63,14,67
55,6,3,15,17,78,17,83
55,7,4,20,21,98,20,105
55,8,4,14,25,112,24,120
55,9,6,29,31,141,30,151
55,10,3,16,34,157,33,168
55,11,5,22,39,179,38,191
55,12,4,16,43,195,42,209
55,13,4,19,47,214,46,229
55,14,5,22,52,236,51,252
55,15,6,19,58,255,57,273
55,16,4,19,62,274,60,293
55,17,4,17,66,291,64,311
55,18,4,19,70,310,68,332
55,19,3,13,73,323,71,345
55,20,4,15,77,338,75,361
55,21,4,19,81,357,79,382
55,22,4,20,85,377,83,403
55,23,4,19,89,396,87,424
55,24,6,27,95,423,93,452
55,25,4,19,99,442,97,473
55,26,4,11,103,453,100,484
55,27,6,24,109,477,106,510
55,28,4,19,113,496,110,530
55,29,11,28,124,524,121,560
55,30,4,19,128,543,125,581
55,31,4,16,132,559,129,598
55,32,4,19,136,578,133,618
55,33,17,70,153,648,149,693
55,34,4,19,157,667,153,713
55,35,8,32,165,699,161,748
55,36,4,19,169,718,165,768
55,37,6,28,175,746,171,798
55,38,4,19,179,765,175,818
55,39,8,25,187,790,182,845
55,40,4,19,191,809,186,865
55,41,7,32,198,841,193,899
55,42,4,19,202,860,197,920
55,43,6,23,208,883,203,944
55,44,5,18,213,901,208,964
55,45,4,19,217,920,212,984
55,46,5,19,222,939,216,1004
55,47,4,19,226,958,220,1025
55,48,2,10,228,968,222,1035
55,49,4,19,232,987,226,1056
55,50,3,13,235,1000,229,1069
55,51,4,19,239,1019,233,1090
55,52,5,18,244,1037,238,1109
55,53,4,19,248,1056,242,1129
55,54,9,38,257,1094,251,1170
55,55,4,19,261,1113,254,1190
55,56,10,33,271,1146,264,1226
55,57,4,19,275,1165,268,1246
55,58,3,17,278,1182,271,1264
55,59,4,19,282,1201,275,1284
55,60,5,21,287,1222,280,1307
55,61,4,19,291,1241,284,1327
55,62,3,14,294,1255,287,1342
55,63,4,19,298,1274,291,1363
55,64,1,8,299,1282,292,1371
55,65,4,19,303,1301,295,1391
55,66,3,15,306,1316,298,1407
55,67,4,19,310,1335,302,1428
55,68,4,18,314,1353,306,1447
55,69,4,19,318,1372,310,1467
55,70,4,10,322,1382,314,1478
55,71,4,19,326,1401,318,1498
55,72,5,14,331,1415,323,1513
55,73,4,19,335,1434,327,1534
55,74,6,21,341,1455,332,1556
55,75,4,19,345,1474,336,1576
55,76,6,24,351,1498,342,1602
55,77,4,19,355,1517,346,1622
55,78,6,23,361,1540,352,1647
56,1,7,29,7,29,7,31
56,2,3,14,10,43,10,46
56,3,2,10,12,53,12,57
56,4,4,13,16,66,16,71
56,5,3,12,19,78,19,84
56,6,3,14,22,92,21,99
56,7,4,15,26,107,25,116
56,8,5,23,31,130,30,140
56,9,5,25,36,155,35,167
56,10,2,15,38,170,37,184
56,11,2,13,40,183,39,198
56,12,3,9,43,192,42,207
56,13,3,10,46,202,45,218
56,14,3,12,49,214,48,231
56,15,3,12,52,226,51,244
56,16,3,16,55,242,54,262
56,17,5,17,60,259,58,280
56,18,5,21,65,280,63,303
56,19,5,19,70,299,68,323
56,20,3,14,73,313,71,338
56,21,4,14,77,327,75,353
56,22,2,6,79,333,77,360
56,23,3,17,82,350,80,378
56,24,4,17,86,367,84,397
56,25,6,22,92,389,90,420
56,26,4,16,96,405,94,438
56,27,5,19,101,424,98,458
56,28,3,9,104,433,101,468
56,29,2,9,106,442,103,478
56,30,2,8,108,450,105,486
56,31,2,9,110,459,107,496
56,32,2,10,112,469,109,507
56,33,4,17,116,486,113,525
56,34,2,10,118,496,115,536
56,35,3,16,121,512,118,553
56,36,2,14,123,526,120,568
56,37,2,10,125,536,122,579
56,38,2,9,127,545,124,589
56,39,3,10,130,555,127,600
56,40,3,12,133,567,130,613
56,41,5,23,138,590,134,638
56,42,3,9,141,599,137,647
56,43,3,9,144,608,140,657
56,44,4,12,148,620,144,670
56,45,6,20,154,640,150,692
56,46,5,21,159,661,155,714
56,47,9,46,168,707,164,764
56,48,2,15,170,722,166,780
56,49,4,16,174,738,170,797
56,50,5,22,179,760,174,821
56,51,5,22,184,782,179,845
56,52,5,18,189,800,184,864
56,53,3,16,192,816,187,882
56,54,4,16,196,832,191,899
56,55,3,13,199,845,194,913
56,56,4,14,203,859,198,928
56,57,4,21,207,880,202,951
56,58,3,13,210,893,205,965
56,59,5,24,215,917,209,991
56,60,7,29,222,946,216,1022
56,61,9,34,231,980,225,1059
56,62,6,30,237,1010,231,1091
56,63,3,14,240,1024,234,1107
56,64,6,23,246,1047,240,1131
56,65,6,29,252,1076,246,1163
56,66,2,10,254,1086,247,1174
56,67,3,12,257,1098,250,1187
56,68,4,18,261,1116,254,1206
56,69,7,31,268,1147,261,1239
56,70,6,28,274,1175,267,1270
56,71,4,17,278,1192,271,1288
56,72,6,29,284,1221,277,1319
56,73,5,27,289,1248,282,1349
56,74,4,14,293,1262,285,1364
56,75,6,17,299,1279,291,1382
56,76,5,19,304,1298,296,1403
56,77,3,12,307,1310,299,1416
56,78,3,10,310,1320,302,1426
56,79,4,15,314,1335,306,1443
56,80,4,14,318,1349,310,1458
56,81,4,21,322,1370,314,1480
56,82,4,22,326,1392,318,1504
56,83,4,18,330,1410,322,1524
56,84,3,15,333,1425,324,1540
56,85,7,28,340,1453,331,1570
56,86,5,17,345,1470,336,1589
56,87,4,19,349,1489,340,1609
56,88,5,17,354,1506,345,1627
56,89,4,16,358,1522,349,1645
56,90,6,19,364,1541,355,1665
56,91,5,17,369,1558,360,1684
56,92,6,22,375,1580,365,1707
56,93,3,9,378,1589,368,1717
56,94,2,8,380,1597,370,1726
56,95,5,14,385,1611,375,1741
56,96,4,14,389,1625,379,1756
57,1,14,47,14,47,14,53
57,2,12,33,26,80,25,90
57,3,9,35,35,115,34,130
57,4,37,113,72,228,70,258
57,5,9,32,81,260,79,294
57,6,12,38,93,298,90,337
57,7,15,70,108,368,105,416
57,8,15,64,123,432,119,488
57,9,17,60,140,492,136,556
57,10,39,137,179,629,174,711
57,11,12,37,191,666,186,753
57,12,23,91,214,757,208,855
57,13,27,120,241,877,234,991
57,14,20,93,261,970,254,1096
57,15,15,54,276,1024,268,1157
57,16,29,108,305,1132,296,1279
57,17,13,47,318,1179,309,1332
57,18,12,51,330,1230,321,1390
57,19,20,98,350,1328,340,1501
57,20,41,155,391,1483,380,1676
57,21,26,97,417,1580,405,1786
57,22,22,61,439,1641,426,1855
57,23,15,56,454,1697,441,1918
57,24,12,44,466,1741,453,1968
57,25,28,118,494,1859,480,2101
57,26,15,67,509,1926,494,2177
57,27,40,172,549,2098,533,2371
57,28,21,84,570,2182,554,2466
57,29,22,70,592,2252,575,2545
58,1,22,78,22,78,22,87
58,2,23,94,45,172,44,192
58,3,22,82,67,254,65,284
58,4,27,103,94,357,92,399
58,5,18,72,112,429,109,480
58,6,15,55,127,484,124,541
58,7,49,147,176,631,172,705
58,8,39,146,215,777,210,869
58,9,20,89,235,866,230,968
58,10,17,71,252,937,246,1048
58,11,30,119,282,1056,276,1181
58,12,23,81,305,1137,298,1271
58,13,24,104,329,1241,322,1387
58,14,20,66,349,1307,341,1461
58,15,10,37,359,1344,351,1503
58,16,10,38,369,1382,361,1545
58,17,16,59,385,1441,376,1611
58,18,17,64,402,1505,393,1683
58,19,15,63,417,1568,408,1753
58,20,8,31,425,1599,415,1788
58,21,9,29,434,1628,424,1820
58,22,52,202,486,1830,475,2046
59,1,16,50,16,50,16,56
59,2,40,159,56,209,54,234
59,3,14,52,70,261,68,292
59,4,13,45,83,306,80,342
59,5,13,54,96,360,93,402
59,6,25,82,121,442,117,494
59,7,37,144,158,586,153,655
59,8,20,87,178,673,173,752
59,9,31,122,209,795,203,888
59,10,24,94,233,889,226,993
59,11,30,118,263,1007,255,1125
59,12,16,68,279,1075,271,1201
59,13,13,42,292,1117,283,1248
59,14,24,87,316,1204,306,1345
59,15,11,43,327,1247,317,1393
59,16,17,59,344,1306,334,1459
59,17,12,44,356,1350,345,1509
59,18,17,63,373,1413,362,1579
59,19,10,48,383,1461,371,1633
59,20,10,42,393,1503,381,1679
59,21,18,80,411,1583,399,1769
59,22,13,44,424,1627,411,1818
59,23,19,73,443,1700,430,1900
59,24,18,63,461,1763,447,1970
60,1,52,213,52,213,51,237
60,2,13,61,65,274,63,305
60,3,13,55,78,329,76,366
60,4,57,200,135,529,131,589
60,5,13,50,148,579,144,645
60,6,19,63,167,642,162,715
60,7,16,52,183,694,178,773
60,8,21,76,204,770,198,857
60,9,21,92,225,862,219,960
60,10,57,239,282,1101,274,1226
60,11,23,85,305,1186,297,1321
60,12,38,144,343,1330,334,1481
60,13,19,71,362,1401,352,1560
61,1,16,50,16,50,16,56
61,2,8,31,24,81,23,91
61,3,9,31,33,112,32,126
61,4,11,38,44,150,43,168
61,5,23,89,67,239,65,268
61,6,32,109,99,348,96,391
61,7,16,57,115,405,112,455
61,8,12,47,127,452,124,508
61,9,14,51,141,503,137,565
61,10,11,42,152,545,148,612
61,11,17,66,169,611,165,686
61,12,18,66,187,677,182,760
61,13,9,37,196,714,191,802
61,14,36,146,232,860,226,966
62,1,17,56,17,56,16,64
62,2,21,79,38,135,37,154
62,3,8,32,46,167,44,190
62,4,11,31,57,198,55,225
62,5,23,89,80,287,77,327
62,6,17,63,97,350,94,398
62,7,9,38,106,388,103,441
62,8,18,71,124,459,120,522
62,9,22,77,146,536,141,610
62,10,15,62,161,598,156,680
62,11,22,77,183,675,177,768
63,1,21,90,21,90,20,97
63,2,12,46,33,136,32,147
63,3,12,44,45,180,43,194
63,4,23,95,68,275,65,296
63,5,14,61,82,336,79,362
63,6,18,61,100,397,96,428
63,7,21,80,121,477,116,514
63,8,17,80,138,557,132,600
63,9,19,69,157,626,150,675
63,10,21,77,178,703,170,758
63,11,11,40,189,743,181,801
64,1,22,65,22,65,21,72
64,2,11,43,33,108,31,120
64,3,10,42,43,150,41,167
64,4,15,53,58,203,55,226
64,5,13,50,71,253,68,282
64,6,17,73,88,326,84,363
64,7,19,62,107,388,102,432
64,8,10,46,117,434,111,483
64,9,29,103,146,537,139,598
64,10,11,53,157,590,150,657
64,11,16,50,173,640,165,712
64,12,11,51,184,691,175,769
64,13,9,34,193,725,184,807
64,14,19,80,212,805,202,896
64,15,9,36,221,841,211,936
64,16,16,72,237,913,226,1016
64,17,12,45,249,958,237,1067
64,18,5,22,254,980,242,1091
65,1,46,170,46,170,45,186
65,2,31,121,77,291,75,318
65,3,21,65,98,356,96,389
65,4,28,101,126,457,123,499
65,5,15,47,141,504,138,550
65,6,32,141,173,645,169,704
65,7,25,83,198,728,194,795
65,8,14,61,212,789,208,861
65,9,7,32,219,821,215,896
65,10,16,62,235,883,230,964
65,11,34,136,269,1019,264,1112
65,12,26,83,295,1102,289,1203
66,1,19,64,19,64,19,71
66,2,11,42,30,106,29,118
66,3,30,104,60,210,59,234
66,4,22,84,82,294,80,327
66,5,19,77,101,371,99,413
66,6,22,96,123,467,120,520
66,7,11,45,134,512,131,570
66,8,45,169,179,681,175,758
66,9,11,51,190,732,186,815
66,10,28,105,218,837,213,931
66,11,24,85,242,922,236,1026
66,12,18,71,260,993,254,1105
67,1,13,43,13,43,13,48
67,2,11,43,24,86,24,96
67,3,19,59,43,145,42,162
67,4,10,35,53,180,52,201
67,5,12,59,65,239,64,267
67,6,7,31,72,270,71,301
67,7,8,29,80,299,79,334
67,8,13,46,93,345,91,385
67,9,18,58,111,403,109,450
67,10,11,36,122,439,120,490
67,11,5,28,127,467,125,521
67,12,9,32,136,499,134,557
67,13,9,35,145,534,142,596
67,14,7,22,152,556,149,620
67,15,14,52,166,608,163,679
67,16,11,35,177,643,174,718
67,17,12,42,189,685,186,764
67,18,8,26,197,711,194,793
67,19,15,55,212,766,208,855
67,20,15,50,227,816,223,911
67,21,12,39,239,855,235,954
67,22,13,40,252,895,248,999
67,23,12,49,264,944,259,1053
67,24,8,26,272,970,267,1083
67,25,7,28,279,998,274,1114
67,26,9,30,288,1028,283,1147
67,27,13,47,301,1075,296,1200
67,28,15,49,316,1124,310,1254
67,29,13,47,329,1171,323,1307
67,30,10,36,339,1207,333,1347
68,1,8,30,8,30,8,32
68,2,5,19,13,49,13,53
68,3,5,17,18,66,18,71
68,4,4,14,22,80,21,86
68,5,2,12,24,92,23,99
68,6,2,10,26,102,25,110
68,7,11,36,37,138,36,148
68,8,3,12,40,150,39,161
68,9,4,16,44,166,43,179
68,10,5,15,49,181,48,195
68,11,3,12,52,193,51,208
68,12,4,15,56,208,55,224
68,13,5,12,61,220,59,237
68,14,5,14,66,234,64,252
68,15,7,29,73,263,71,283
68,16,3,14,76,277,74,298
68,17,10,47,86,324,84,349
68,18,2,9,88,333,86,358
68,19,7,26,95,359,93,386
68,20,2,11,97,370,94,398
68,21,2,12,99,382,96,411
68,22,7,25,106,407,103,438
68,23,3,17,109,424,106,456
68,24,6,21,115,445,112,479
68,25,4,16,119,461,116,496
68,26,5,23,124,484,121,521
68,27,3,12,127,496,124,534
68,28,7,28,134,524,131,564
68,29,6,25,140,549,136,591
68,30,5,23,145,572,141,615
68,31,5,20,150,592,146,637
68,32,11,36,161,628,157,676
68,33,9,37,170,665,166,716
68,34,6,23,176,688,171,740
68,35,3,19,179,707,174,761
68,36,4,13,183,720,178,775
68,37,5,17,188,737,183,793
68,38,5,15,193,752,188,809
68,39,12,42,205,794,200,854
68,40,5,14,210,808,205,869
68,41,8,36,218,844,212,908
68,42,9,32,227,876,221,943
68,43,11,50,238,926,232,996
68,44,10,39,248,965,242,1038
68,45,5,14,253,979,246,1053
68,46,7,27,260,1006,253,1082
68,47,5,18,265,1024,258,1102
68,48,11,40,276,1064,269,1145
68,49,11,38,287,1102,280,1186
68,50,5,22,292,1124,284,1209
68,51,12,56,304,1180,296,1270
68,52,5,18,309,1198,301,1289
69,1,5,21,5,21,5,23
69,2,2,7,7,28,7,31
69,3,4,15,11,43,11,48
69,4,4,19,15,62,15,69
69,5,4,21,19,83,19,92
69,6,6,25,25,108,25,119
69,7,15,61,40,169,39,187
69,8,5,15,45,184,44,204
69,9,6,32,51,216,50,239
69,10,6,27,57,243,56,269
69,11,7,26,64,269,63,298
69,12,7,26,71,295,70,326
69,13,7,20,78,315,77,349
69,14,7,27,85,342,83,378
69,15,3,15,88,357,86,395
69,16,5,20,93,377,91,417
69,17,9,39,102,416,100,460
69,18,6,24,108,440,106,487
69,19,9,36,117,476,115,527
69,20,5,17,122,493,120,545
69,21,4,11,126,504,124,558
69,22,3,8,129,512,127,566
69,23,2,10,131,522,129,578
69,24,8,33,139,555,136,614
69,25,10,38,149,593,146,656
69,26,4,13,153,606,150,671
69,27,3,14,156,620,153,686
69,28,4,12,160,632,157,699
69,29,3,11,163,643,160,711
69,30,2,9,165,652,162,721
69,31,3,10,168,662,165,732
69,32,7,29,175,691,172,765
69,33,6,19,181,710,178,786
69,34,5,17,186,727,182,804
69,35,5,16,191,743,187,822
69,36,5,16,196,759,192,840
69,37,4,16,200,775,196,857
69,38,4,16,204,791,200,875
69,39,3,11,207,802,203,887
69,40,4,14,211,816,207,903
69,41,7,25,218,841,214,931
69,42,6,23,224,864,220,956
69,43,4,14,228,878,224,971
69,44,5,20,233,898,229,994
69,45,3,13,236,911,232,1008
69,46,4,15,240,926,235,1025
69,47,6,20,246,946,241,1047
69,48,3,16,249,962,244,1064
69,49,5,20,254,982,249,1087
69,50,4,18,258,1000,253,1106
69,51,3,10,261,1010,256,1118
69,52,4,14,265,1024,260,1133
70,1,8,32,8,32,8,35
70,2,4,15,12,47,11,52
70,3,4,12,16,59,15,65
70,4,11,41,27,100,26,111
70,5,3,12,30,112,29,124
70,6,3,12,33,124,31,137
70,7,2,9,35,133,33,147
70,8,4,16,39,149,37,165
70,9,3,15,42,164,40,182
70,10,4,13,46,177,44,196
70,11,9,33,55,210,52,233
70,12,2,11,57,221,54,245
70,13,3,12,60,233,57,258
70,14,6,17,66,250,63,277
70,15,3,10,69,260,66,288
70,16,2,10,71,270,68,299
70,17,4,16,75,286,71,317
70,18,2,9,77,295,73,327
70,19,5,16,82,311,78,345
70,20,4,14,86,325,82,360
70,21,4,15,90,340,86,377
70,22,2,8,92,348,88,386
70,23,5,20,97,368,92,408
70,24,6,18,103,386,98,428
70,25,2,13,105,399,100,442
70,26,4,15,109,414,104,459
70,27,6,22,115,436,109,483
70,28,5,17,120,453,114,502
70,29,4,19,124,472,118,523
70,30,11,38,135,510,128,565
70,31,8,29,143,539,136,597
70,32,6,25,149,564,142,625
70,33,5,20,154,584,147,647
70,34,5,21,159,605,151,671
70,35,4,17,163,622,155,689
70,36,5,21,168,643,160,713
70,37,5,16,173,659,165,730
70,38,8,24,181,683,172,757
70,39,5,21,186,704,177,780
70,40,7,33,193,737,184,817
70,41,8,29,201,766,191,849
70,42,8,35,209,801,199,888
70,43,9,36,218,837,207,928
70,44,10,39,228,876,217,971
71,1,18,64,18,64,18,68
71,2,6,18,24,82,23,87
71,3,5,21,29,103,28,110
71,4,18,61,47,164,46,175
71,5,7,23,54,187,53,199
71,6,5,19,59,206,57,220
71,7,14,74,73,280,71,299
71,8,4,15,77,295,75,315
71,9,7,27,84,322,82,343
71,10,6,26,90,348,88,371
71,11,4,18,94,366,92,390
71,12,10,39,104,405,101,432
71,13,6,20,110,425,107,453
71,14,3,14,113,439,110,468
71,15,9,28,122,467,119,498
71,16,7,28,129,495,126,528
71,17,5,21,134,516,131,550
71,18,5,21,139,537,135,573
71,19,5,19,144,556,140,593
71,20,4,20,148,576,144,614
71,21,13,46,161,622,157,663
71,22,3,15,164,637,160,679
71,23,13,52,177,689,172,735
71,24,8,32,185,721,180,769
71,25,12,51,197,772,192,823
71,26,10,33,207,805,202,858
71,27,10,39,217,844,211,900
71,28,16,61,233,905,227,965
72,1,17,62,17,62,17,66
72,2,9,33,26,95,26,100
72,3,9,32,35,127,35,134
72,4,7,25,42,152,41,161
72,5,10,34,52,186,51,197
72,6,11,43,63,229,62,242
72,7,9,31,72,260,71,275
72,8,8,39,80,299,79,316
72,9,13,49,93,348,92,368
72,10,13,40,106,388,105,410
72,11,10,36,116,424,114,448
72,12,11,36,127,460,125,486
72,13,14,50,141,510,139,539
72,14,10,48,151,558,149,590
72,15,5,26,156,584,154,617
72,16,7,34,163,618,161,653
72,17,10,36,173,654,171,691
72,18,8,29,181,683,179,722
72,19,10,37,191,720,188,761
72,20,8,26,199,746,196,789
72,21,8,23,207,769,204,813
72,22,12,35,219,804,216,850
72,23,16,59,235,863,232,912
72,24,11,43,246,906,243,958
72,25,11,32,257,938,253,992
72,26,7,23,264,961,260,1016
72,27,13,39,277,1000,273,1057
72,28,13,49,290,1049,286,1109
73,1,6,25,6,25,6,28
73,2,4,11,10,36,10,40
73,3,5,16,15,52,15,57
73,4,6,22,21,74,20,82
73,5,5,18,26,92,25,102
73,6,8,25,34,117,33,129
73,7,6,18,40,135,39,149
73,8,6,22,46,157,45,173
73,9,9,33,55,190,54,210
73,10,7,28,62,218,60,241
73,11,6,29,68,247,66,273
73,12,4,17,72,264,70,291
73,13,5,21,77,285,75,314
73,14,8,34,85,319,83,352
73,15,11,49,96,368,94,406
73,16,6,29,102,397,100,438
73,17,9,29,111,426,108,470
73,18,6,25,117,451,114,498
73,19,9,30,126,481,123,531
73,20,79,293,205,774,200,854
74,1,6,25,6,25,6,27
74,2,2,7,8,32,8,35
74,3,2,8,10,40,10,44
74,4,2,9,12,49,12,53
74,5,2,9,14,58,14,63
74,6,3,13,17,71,17,77
74,7,2,9,19,80,19,87
74,8,4,14,23,94,23,103
74,9,5,13,28,107,27,117
74,10,4,13,32,120,31,131
74,11,4,14,36,134,35,146
74,12,4,17,40,151,39,165
74,13,2,9,42,160,41,174
74,14,3,12,45,172,44,188
74,15,4,10,49,182,48,198
74,16,5,20,54,202,53,220
74,17,2,11,56,213,55,232
74,18,3,10,59,223,58,243
74,19,3,9,62,232,61,253
74,20,4,10,66,242,65,264
74,21,2,5,68,247,67,269
74,22,3,9,71,256,70,279
74,23,3,12,74,268,73,292
74,24,6,19,80,287,78,313
74,25,5,16,85,303,83,330
74,26,2,8,87,311,85,339
74,27,4,13,91,324,89,353
74,28,4,11,95,335,93,365
74,29,2,10,97,345,95,376
74,30,3,11,100,356,98,388
74,31,58,222,158,578,155,630
74,32,2,8,160,586,157,639
74,33,3,9,163,595,160,649
74,34,3,12,166,607,163,662
74,35,3,13,169,620,166,676
74,36,2,9,171,629,168,686
74,37,7,22,178,651,175,710
74,38,5,16,183,667,179,727
74,39,3,11,186,678,182,739
74,40,3,12,189,690,185,753
74,41,2,8,191,698,187,761
74,42,4,11,195,709,191,773
74,43,5,16,200,725,196,791
74,44,4,14,204,739,200,806
74,45,4,16,208,755,204,823
74,46,4,14,212,769,208,839
74,47,3,11,215,780,211,851
74,48,4,20,219,800,215,872
74,49,5,19,224,819,220,893
74,50,3,15,227,834,223,910
74,51,3,10,230,844,226,920
74,52,9,27,239,871,234,950
74,53,5,18,244,889,239,970
74,54,3,11,247,900,242,982
74,55,3,10,250,910,245,992
74,56,11,39,261,949,256,1035
75,1,8,30,8,30,8,32
75,2,4,18,12,48,12,52
75,3,5,22,17,70,16,75
75,4,6,21,23,91,22,98
75,5,5,19,28,110,27,118
75,6,4,13,32,123,31,132
75,7,3,11,35,134,34,144
75,8,2,8,37,142,36,153
75,9,3,13,40,155,39,167
75,10,5,19,45,174,44,187
75,11,3,8,48,182,47,196
75,12,4,16,52,198,50,213
75,13,6,24,58,222,56,239
75,14,5,19,63,241,61,259
75,15,3,13,66,254,64,273
75,16,6,20,72,274,70,294
75,17,4,17,76,291,74,313
75,18,4,20,80,311,78,334
75,19,4,12,84,323,82,347
75,20,4,16,88,339,85,364
75,21,2,12,90,351,87,377
75,22,3,13,93,364,90,391
75,23,3,12,96,376,93,404
75,24,3,14,99,390,96,419
75,25,5,16,104,406,101,436
75,26,4,15,108,421,105,452
75,27,3,8,111,429,108,461
75,28,3,11,114,440,111,473
75,29,3,14,117,454,114,488
75,30,4,15,121,469,117,504
75,31,4,12,125,481,121,517
75,32,3,13,128,494,124,531
75,33,5,16,133,510,129,548
75,34,3,11,136,521,132,560
75,35,4,13,140,534,136,574
75,36,5,18,145,552,141,593
75,37,6,15,151,567,147,609
75,38,5,17,156,584,151,628
75,39,5,22,161,606,156,651
75,40,8,23,169,629,164,676
76,1,15,51,15,51,15,55
76,2,10,45,25,96,24,104
76,3,7,29,32,125,31,135
76,4,6,34,38,159,37,172
76,5,8,33,46,192,45,207
76,6,7,28,53,220,52,237
76,7,7,30,60,250,58,270
76,8,7,31,67,281,65,303
76,9,10,38,77,319,75,344
76,10,7,27,84,346,82,373
76,11,9,33,93,379,90,409
76,12,5,22,98,401,95,433
76,13,10,38,108,439,105,474
76,14,6,31,114,470,111,507
76,15,8,34,122,504,119,544
76,16,5,22,127,526,123,568
76,17,6,27,133,553,129,597
76,18,4,16,137,569,133,614
76,19,11,43,148,612,144,661
76,20,7,25,155,637,151,688
76,21,13,57,168,694,163,749
76,22,8,30,176,724,171,782
76,23,6,25,182,749,177,809
76,24,9,33,191,782,186,844
76,25,5,18,196,800,191,864
76,26,7,23,203,823,197,888
76,27,8,36,211,859,205,927
76,28,9,46,220,905,214,977
76,29,9,30,229,935,223,1009
76,30,11,36,240,971,233,1048
76,31,10,36,250,1007,243,1087
77,1,6,28,6,28,6,31
77,2,2,12,8,40,8,44
77,3,3,11,11,51,10,57
77,4,2,12,13,63,12,70
77,5,2,11,15,74,14,82
77,6,3,10,18,84,17,93
77,7,4,14,22,98,21,109
77,8,3,13,25,111,24,123
77,9,3,13,28,124,26,138
77,10,3,13,31,137,29,152
77,11,3,12,34,149,32,165
77,12,3,8,37,157,35,174
77,13,2,7,39,164,37,182
77,14,5,16,44,180,41,200
77,15,3,13,47,193,44,214
77,16,3,12,50,205,47,227
77,17,3,14,53,219,50,243
77,18,4,15,57,234,54,260
77,19,3,13,60,247,57,274
77,20,5,17,65,264,61,293
77,21,4,15,69,279,65,310
77,22,3,11,72,290,68,322
77,23,3,17,75,307,71,341
77,24,3,13,78,320,74,355
77,25,4,16,82,336,77,373
77,26,3,10,85,346,80,384
77,27,8,34,93,380,88,422
77,28,3,13,96,393,90,436
77,29,6,23,102,416,96,462
77,30,6,19,108,435,102,483
77,31,6,16,114,451,107,500
77,32,4,16,118,467,111,518
77,33,3,12,121,479,114,531
77,34,3,13,124,492,117,546
77,35,4,13,128,505,121,560
77,36,4,16,132,521,124,578
77,37,3,13,135,534,127,592
77,38,5,23,140,557,132,618
77,39,5,16,145,573,137,636
77,40,3,13,148,586,140,650
77,41,5,16,153,602,144,668
77,42,4,13,157,615,148,682
77,43,6,27,163,642,154,712
77,44,5,16,168,658,158,730
77,45,3,13,171,671,161,744
77,46,5,25,176,696,166,772
77,47,3,13,179,709,169,787
77,48,6,21,185,730,174,810
77,49,3,13,188,743,177,824
77,50,4,15,192,758,181,841
78,1,6,25,6,25,6,27
78,2,3,10,9,35,9,37
78,3,4,13,13,48,12,51
78,4,2,9,15,57,14,61
78,5,3,11,18,68,17,73
78,6,4,16,22,84,21,90
78,7,2,12,24,96,23,103
78,8,3,13,27,109,26,116
78,9,3,16,30,125,28,134
78,10,3,13,33,138,31,147
78,11,3,16,36,154,34,165
78,12,4,19,40,173,38,185
78,13,3,16,43,189,41,202
78,14,6,23,49,212,46,227
78,15,4,16,53,228,50,244
78,16,2,11,55,239,52,255
78,17,5,16,60,255,57,272
78,18,6,22,66,277,62,296
78,19,5,20,71,297,67,317
78,20,4,19,75,316,71,338
78,21,4,16,79,332,75,355
78,22,2,11,81,343,77,366
78,23,3,14,84,357,79,381
78,24,6,22,90,379,85,405
78,25,3,13,93,392,88,419
78,26,2,9,95,401,90,428
78,27,5,20,100,421,95,450
78,28,3,18,103,439,97,469
78,29,4,16,107,455,101,486
78,30,5,22,112,477,106,510
78,31,3,13,115,490,109,524
78,32,2,12,117,502,111,536
78,33,2,12,119,514,113,549
78,34,2,10,121,524,114,560
78,35,7,21,128,545,121,582
78,36,5,18,133,563,126,602
78,37,11,42,144,605,136,646
78,38,14,53,158,658,149,703
78,39,10,29,168,687,159,734
78,40,16,58,184,745,174,796
79,1,6,28,6,28,6,30
79,2,2,12,8,40,8,42
79,3,2,12,10,52,10,55
79,4,2,12,12,64,11,68
79,5,3,11,15,75,14,80
79,6,3,12,18,87,17,92
79,7,2,12,20,99,19,105
79,8,3,13,23,112,22,119
79,9,2,12,25,124,24,132
79,10,5,24,30,148,29,157
79,11,4,16,34,164,33,174
79,12,5,19,39,183,37,194
79,13,5,14,44,197,42,209
79,14,3,13,47,210,45,223
79,15,4,13,51,223,49,237
79,16,6,23,57,246,55,261
79,17,5,17,62,263,59,279
79,18,6,16,68,279,65,296
79,19,4,16,72,295,69,313
79,20,3,14,75,309,72,328
79,21,2,8,77,317,74,337
79,22,3,9,80,326,77,346
79,23,2,9,82,335,78,356
79,24,4,16,86,351,82,373
79,25,5,24,91,375,87,398
79,26,7,17,98,392,94,416
79,27,6,24,104,416,100,442
79,28,3,14,107,430,102,457
79,29,4,19,111,449,106,477
79,30,5,16,116,465,111,494
79,31,4,20,120,485,115,515
79,32,2,12,122,497,117,528
79,33,3,17,125,514,120,546
79,34,4,18,129,532,123,565
79,35,5,17,134,549,128,583
79,36,4,14,138,563,132,598
79,37,3,9,141,572,135,608
79,38,3,13,144,585,138,621
79,39,4,13,148,598,142,635
79,40,9,30,157,628,150,667
79,41,4,13,161,641,154,681
79,42,5,22,166,663,159,704
79,43,4,13,170,676,163,718
79,44,3,13,173,689,166,732
79,45,5,18,178,707,170,751
79,46,9,32,187,739,179,785
80,1,6,24,6,24,6,25
80,2,3,11,9,35,9,37
80,3,4,13,13,48,13,50
80,4,4,16,17,64,17,67
80,5,3,10,20,74,19,78
80,6,3,10,23,84,22,88
80,7,4,12,27,96,26,101
80,8,4,13,31,109,30,114
80,9,2,6,33,115,32,121
80,10,3,11,36,126,35,132
80,11,3,12,39,138,38,145
80,12,3,10,42,148,41,155
80,13,3,9,45,157,44,165
80,14,2,11,47,168,46,176
80,15,2,7,49,175,48,184
80,16,2,8,51,183,50,192
80,17,4,16,55,199,53,209
80,18,4,9,59,208,57,218
80,19,4,15,63,223,61,234
80,20,3,9,66,232,64,243
80,21,3,13,69,245,67,257
80,22,4,13,73,258,71,271
80,23,5,14,78,272,76,285
80,24,4,19,82,291,80,305
80,25,4,15,86,306,83,321
80,26,4,14,90,320,87,336
80,27,3,13,93,333,90,349
80,28,2,10,95,343,92,360
80,29,2,11,97,354,94,371
80,30,2,10,99,364,96,382
80,31,2,10,101,374,98,392
80,32,3,17,104,391,101,410
80,33,3,13,107,404,104,424
80,34,5,13,112,417,109,438
80,35,2,8,114,425,111,446
80,36,2,11,116,436,113,458
80,37,6,20,122,456,118,479
80,38,3,13,125,469,121,492
80,39,2,12,127,481,123,505
80,40,4,17,131,498,127,523
80,41,2,10,133,508,129,533
80,42,4,18,137,526,133,552
81,1,7,27,7,27,7,29
81,2,3,14,10,41,10,44
81,3,3,12,13,53,13,57
81,4,3,13,16,66,15,71
81,5,3,13,19,79,18,85
81,6,3,13,22,92,21,99
81,7,3,13,25,105,24,112
81,8,3,14,28,119,27,128
81,9,3,9,31,128,30,137
81,10,3,12,34,140,33,150
81,11,3,13,37,153,36,164
81,12,3,12,40,165,39,177
81,13,3,13,43,178,41,191
81,14,4,14,47,192,45,206
81,15,3,12,50,204,48,219
81,16,2,9,52,213,50,228
81,17,3,10,55,223,53,239
81,18,3,12,58,235,56,252
81,19,4,14,62,249,60,267
81,20,6,15,68,264,65,283
81,21,3,9,71,273,68,292
81,22,3,15,74,288,71,309
81,23,4,17,78,305,75,327
81,24,5,15,83,320,80,343
81,25,5,16,88,336,85,360
81,26,2,9,90,345,87,370
81,27,5,17,95,362,91,388
81,28,5,16,100,378,96,405
81,29,8,28,108,406,104,435
82,1,7,29,7,29,7,31
82,2,3,15,10,44,10,48
82,3,3,13,13,57,13,62
82,4,3,14,16,71,15,77
82,5,5,18,21,89,20,97
82,6,6,23,27,112,26,121
82,7,4,16,31,128,30,139
82,8,6,15,37,143,36,155
82,9,4,15,41,158,40,171
82,10,3,13,44,171,42,185
82,11,2,10,46,181,44,196
82,12,3,13,49,194,47,210
82,13,4,13,53,207,51,225
82,14,4,13,57,220,55,239
82,15,3,11,60,231,58,251
82,16,4,15,64,246,62,267
82,17,5,15,69,261,67,283
82,18,6,16,75,277,72,300
82,19,9,30,84,307,81,333
83,1,6,25,6,25,6,27
83,2,6,25,12,50,12,55
83,3,5,23,17,73,17,80
83,4,5,22,22,95,21,104
83,5,2,6,24,101,23,111
83,6,5,18,29,119,28,130
83,7,6,19,35,138,34,151
83,8,4,13,39,151,38,165
83,9,2,9,41,160,40,175
83,10,3,13,44,173,43,189
83,11,4,14,48,187,47,205
83,12,7,20,55,207,53,227
83,13,7,29,62,236,60,258
83,14,8,29,70,265,68,290
83,15,6,25,76,290,74,318
83,16,4,16,80,306,78,335
83,17,7,23,87,329,84,360
83,18,6,20,93,349,90,382
83,19,4,14,97,363,94,397
83,20,2,9,99,372,96,407
83,21,2,11,101,383,98,419
83,22,4,13,105,396,102,434
83,23,3,14,108,410,105,449
83,24,5,19,113,429,110,470
83,25,4,14,117,443,114,485
83,26,7,29,124,472,120,517
83,27,3,12,127,484,123,530
83,28,4,16,131,500,127,547
83,29,8,32,139,532,135,582
83,30,4,18,143,550,139,602
83,31,6,28,149,578,145,633
83,32,6,28,155,606,151,664
83,33,4,18,159,624,154,683
83,34,6,25,165,649,160,711
83,35,3,14,168,663,163,726
83,36,6,22,174,685,169,750
84,1,7,28,7,28,7,30
84,2,3,14,10,42,10,44
84,3,3,11,13,53,13,56
84,4,4,15,17,68,16,72
84,5,3,14,20,82,19,86
84,6,8,33,28,115,27,121
84,7,5,18,33,133,32,140
84,8,4,16,37,149,36,157
84,9,4,18,41,167,40,176
84,10,6,22,47,189,45,199
84,11,3,13,50,202,48,213
84,12,2,8,52,210,50,221
84,13,5,17,57,227,55,239
84,14,5,12,62,239,60,252
84,15,6,17,68,256,66,270
84,16,3,12,71,268,68,283
84,17,3,9,74,277,71,292
84,18,3,11,77,288,74,304
84,19,4,15,81,303,78,320
84,20,4,13,85,316,82,333
84,21,7,24,92,340,89,359
84,22,4,15,96,355,93,374
84,23,4,15,100,370,96,390
84,24,3,14,103,384,99,405
84,25,9,38,112,422,108,445
85,1,7,30,7,30,7,33
85,2,2,10,9,40,9,44
85,3,2,11,11,51,10,56
85,4,3,14,14,65,13,72
85,5,3,12,17,77,16,85
85,6,4,12,21,89,20,98
85,7,6,24,27,113,26,125
85,8,9,34,36,147,34,163
85,9,11,32,47,179,45,198
85,10,14,57,61,236,58,261
85,11,15,58,76,294,72,325
85,12,4,12,80,306,76,338
85,13,4,11,84,317,80,351
85,14,3,13,87,330,82,365
85,15,3,10,90,340,85,376
85,16,3,9,93,349,88,386
85,17,4,14,97,363,92,402
85,18,2,10,99,373,94,413
85,19,5,15,104,388,99,429
85,20,4,15,108,403,102,446
85,21,4,12,112,415,106,459
85,22,3,9,115,424,109,469
86,1,6,28,6,28,6,29
86,2,4,15,10,43,9,45
86,3,2,9,12,52,11,54
86,4,6,18,18,70,17,73
86,5,4,16,22,86,21,90
86,6,4,12,26,98,24,102
86,7,5,18,31,116,29,121
86,8,4,15,35,131,33,137
86,9,3,12,38,143,36,149
86,10,6,17,44,160,41,167
86,11,3,13,47,173,44,181
86,12,3,12,50,185,47,193
86,13,3,10,53,195,50,204
86,14,3,10,56,205,53,214
86,15,3,11,59,216,55,226
86,16,2,7,61,223,57,233
86,17,4,20,65,243,61,254
87,1,8,29,8,29,7,31
87,2,3,9,11,38,10,41
87,3,3,10,14,48,13,52
87,4,3,12,17,60,16,65
87,5,3,13,20,73,19,79
87,6,3,13,23,86,22,93
87,7,9,27,32,113,30,123
87,8,2,10,34,123,32,133
87,9,4,15,38,138,36,150
87,10,3,9,41,147,38,159
87,11,2,12,43,159,40,172
87,12,4,14,47,173,44,188
87,13,6,15,53,188,50,204
87,14,4,12,57,200,53,217
87,15,4,13,61,213,57,231
87,16,4,16,65,229,61,248
87,17,3,14,68,243,64,263
87,18,5,17,73,260,68,282
87,19,4,13,77,273,72,296
88,1,8,30,8,30,8,32
88,2,3,13,11,43,11,46
88,3,2,10,13,53,12,57
88,4,3,12,16,65,15,70
88,5,4,12,20,77,19,82
88,6,6,17,26,94,25,101
88,7,6,15,32,109,31,117
88,8,3,13,35,122,34,131
88,9,2,9,37,131,35,140
88,10,3,8,40,139,38,149
88,11,4,13,44,152,42,163
88,12,3,9,47,161,45,172
88,13,3,12,50,173,48,185
88,14,2,12,52,185,50,198
88,15,2,12,54,197,52,211
88,16,2,11,56,208,54,223
88,17,6,22,62,230,59,246
88,18,4,15,66,245,63,262
88,19,4,15,70,260,67,278
88,20,4,14,74,274,71,293
88,21,4,15,78,289,75,309
88,22,3,12,81,301,78,322
88,23,4,13,85,314,81,336
88,24,4,18,89,332,85,355
88,25,3,11,92,343,88,367
88,26,4,14,96,357,92,382
89,1,5,21,5,21,5,23
89,2,2,7,7,28,7,31
89,3,2,10,9,38,9,42
89,4,3,8,12,46,12,51
89,5,7,14,19,60,19,67
89,6,6,17,25,77,24,86
89,7,3,11,28,88,27,98
89,8,6,18,34,106,33,118
89,9,5,22,39,128,38,143
89,10,3,13,42,141,41,157
89,11,4,13,46,154,45,172
89,12,3,15,49,169,48,189
89,13,5,17,54,186,53,208
89,14,3,13,57,199,56,222
89,15,11,45,68,244,67,272
89,16,10,36,78,280,76,313
89,17,5,16,83,296,81,331
89,18,5,21,88,317,86,354
89,19,4,19,92,336,90,375
89,20,4,16,96,352,94,393
89,21,6,19,102,371,100,414
89,22,5,18,107,389,105,434
89,23,9,38,116,427,114,477
89,24,4,15,120,442,117,494
89,25,5,18,125,460,122,514
89,26,4,14,129,474,126,529
89,27,3,16,132,490,129,547
89,28,5,17,137,507,134,566
89,29,3,9,140,516,137,576
89,30,2,7,142,523,139,584
90,1,8,31,8,31,8,32
90,2,4,15,12,46,11,48
90,3,3,11,15,57,14,60
90,4,5,18,20,75,19,78
90,5,6,17,26,92,25,96
90,6,4,16,30,108,29,113
90,7,5,13,35,121,33,127
90,8,4,12,39,133,37,139
90,9,2,11,41,144,39,151
90,10,2,11,43,155,41,162
90,11,3,12,46,167,44,175
90,12,4,15,50,182,48,190
90,13,2,6,52,188,50,197
90,14,6,16,58,204,55,213
90,15,3,10,61,214,58,224
90,16,4,14,65,228,62,238
90,17,9,42,74,270,71,282
90,18,3,16,77,286,73,299
90,19,6,29,83,315,79,329
90,20,3,12,86,327,82,342
91,1,6,27,6,27,6,27
91,2,3,13,9,40,8,40
91,3,3,14,12,54,11,54
91,4,3,11,15,65,14,65
91,5,3,14,18,79,17,79
91,6,3,13,21,92,20,92
91,7,3,12,24,104,22,104
91,8,3,20,27,124,25,124
91,9,4,13,31,137,29,136
91,10,4,13,35,150,33,149
91,11,3,15,38,165,35,164
91,12,3,12,41,177,38,176
91,13,7,27,48,204,45,203
91,14,7,38,55,242,51,241
91,15,3,12,58,254,54,253
92,1,7,25,7,25,7,26
92,2,3,13,10,38,9,40
92,3,4,16,14,54,13,57
92,4,3,10,17,64,16,67
92,5,4,14,21,78,20,82
92,6,2,10,23,88,22,93
92,7,2,11,25,99,24,104
92,8,4,15,29,114,27,120
92,9,2,10,31,124,29,131
92,10,2,12,33,136,31,143
92,11,6,19,39,155,37,163
92,12,3,11,42,166,40,175
92,13,4,19,46,185,44,195
92,14,3,16,49,201,46,212
92,15,4,15,53,216,50,228
92,16,3,10,56,226,53,238
92,17,2,12,58,238,55,251
92,18,4,12,62,250,59,263
92,19,6,21,68,271,64,286
92,20,5,19,73,290,69,306
92,21,2,8,75,298,71,314
93,1,5,21,5,21,5,21
93,2,3,9,8,30,7,29
93,3,5,15,13,45,12,44
93,4,5,19,18,64,16,63
93,5,4,16,22,80,20,79
93,6,4,14,26,94,24,92
93,7,3,13,29,107,26,105
93,8,3,15,32,122,29,120
93,9,4,14,36,136,33,134
93,10,4,16,40,152,36,149
93,11,4,16,44,168,40,165
94,1,8,29,8,29,7,27
94,2,3,13,11,42,10,39
94,3,3,10,14,52,12,48
94,4,3,12,17,64,15,59
94,5,4,12,21,76,18,70
94,6,4,11,25,87,22,81
94,7,3,12,28,99,24,92
94,8,3,11,31,110,27,102
95,1,6,26,6,26,5,27
95,2,2,7,8,33,7,34
95,3,3,13,11,46,10,48
95,4,6,23,17,69,15,72
95,5,4,17,21,86,19,89
95,6,9,39,30,125,27,130
95,7,4,14,34,139,30,144
95,8,4,17,38,156,34,162
96,1,9,30,9,30,8,32
96,2,4,14,13,44,12,47
96,3,3,12,16,56,15,60
96,4,3,10,19,66,18,71
96,5,5,16,24,82,22,88
96,6,4,15,28,97,26,104
96,7,3,11,31,108,29,116
96,8,4,13,35,121,33,130
96,9,3,9,38,130,36,140
96,10,3,10,41,140,38,150
96,11,5,16,46,156,43,168
96,12,3,11,49,167,46,179
96,13,4,14,53,181,50,195
96,14,5,14,58,195,54,210
96,15,6,23,64,218,60,234
96,16,3,14,67,232,63,249
96,17,2,8,69,240,65,258
96,18,2,10,71,250,66,269
96,19,6,18,77,268,72,288
97,1,9,34,9,34,8,33
97,2,5,17,14,51,12,50
97,3,6,17,20,68,18,66
97,4,9,34,29,102,26,99
97,5,5,16,34,118,30,115
98,1,16,62,16,62,15,68
98,2,6,22,22,84,21,92
98,3,3,9,25,93,24,102
98,4,11,40,36,133,34,146
98,5,17,65,53,198,50,217
98,6,16,57,69,255,65,279
98,7,9,38,78,293,73,321
98,8,22,76,100,369,94,404
99,1,8,35,8,35,7,34
99,2,3,17,11,52,10,51
99,3,4,15,15,67,14,66
99,4,3,15,18,82,16,80
99,5,4,13,22,95,20,93
99,6,6,28,28,123,25,121
99,7,6,19,34,142,31,139
99,8,6,19,40,161,36,158
100,1,6,27,6,27,5,27
100,2,2,11,8,38,7,39
100,3,3,10,11,48,9,49
100,4,3,11,14,59,12,60
100,5,3,11,17,70,14,71
100,6,4,17,21,87,18,89
100,7,5,14,26,101,22,103
100,8,4,14,30,115,26,117
100,9,8,22,38,137,32,139
100,10,4,12,42,149,36,152
100,11,5,17,47,166,40,169
101,1,5,22,5,22,4,23
101,2,2,8,7,30,6,31
101,3,4,16,11,46,9,47
101,4,5,21,16,67,14,69
101,5,4,21,20,88,17,91
101,6,5,15,25,103,21,106
101,7,4,11,29,114,25,118
101,8,5,14,34,128,29,132
101,9,2,8,36,136,31,140
101,10,4,12,40,148,34,153
101,11,2,7,42,155,36,160
102,1,6,28,6,28,5,28
102,2,3,13,9,41,8,40
102,3,3,12,12,53,10,52
102,4,4,14,16,67,14,66
102,5,5,17,21,84,18,83
102,6,2,9,23,93,20,92
102,7,4,14,27,107,24,105
102,8,5,18,32,125,28,123
103,1,5,21,5,21,4,19
103,2,4,13,9,34,7,30
103,3,9,48,18,82,14,73
104,1,8,29,8,29,7,29
104,2,4,14,12,43,11,43
104,3,4,14,16,57,14,57
104,4,4,14,20,71,18,70
104,5,4,15,24,86,21,85
104,6,3,12,27,98,24,97
104,7,4,15,31,113,28,112
104,8,3,13,34,126,30,125
104,9,3,9,37,135,33,134
105,1,11,38,11,38,9,36
105,2,5,15,16,53,14,51
105,3,4,17,20,70,17,67
105,4,4,16,24,86,20,83
105,5,3,15,27,101,23,97
106,1,6,24,6,24,5,22
106,2,4,19,10,43,8,39
106,3,4,16,14,59,11,54
106,4,7,25,21,84,17,77
107,1,8,29,8,29,7,31
107,2,5,11,13,40,11,43
107,3,5,17,18,57,15,61
107,4,2,9,20,66,17,71
107,5,5,18,25,84,21,90
107,6,3,10,28,94,23,101
107,7,2,12,30,106,25,114
108,1,7,30,7,30,5,23
108,2,3,11,10,41,7,32
108,3,4,14,14,55,10,43
109,1,7,29,7,29,6,26
109,2,4,14,11,43,10,39
109,3,5,19,16,62,14,56
109,4,5,17,21,79,19,72
109,5,5,19,26,98,23,89
109,6,4,11,30,109,27,99
110,1,9,33,9,33,7,30
110,2,7,25,16,58,13,53
110,3,7,29,23,87,19,80
111,1,9,29,9,29,8,26
111,2,6,19,15,48,13,43
111,3,4,14,19,62,16,56
111,4,3,15,22,77,19,69
111,5,5,13,27,90,23,81
112,1,8,26,8,26,6,21
112,2,2,7,10,33,8,27
112,3,4,10,14,43,11,35
112,4,5,14,19,57,15,47
113,1,8,29,8,29,7,25
113,2,4,9,12,38,10,33
113,3,5,15,17,53,14,46
113,4,5,17,22,70,19,60
113,5,5,15,27,85,23,73
114,1,8,29,8,29,7,27
114,2,2,7,10,36,8,34
114,3,2,8,12,44,10,41
114,4,4,15,16,59,13,56
114,5,5,15,21,74,18,70
114,6,3,11,24,85,20,80
