id,siswa_id,guru_id,surah_id,ayat_mulai,ayat_selesai,jumlah_ayat,catatan,tanggal,created_at,total_ayat_surah,total_kata_surah,total_huruf_surah,rata_kata_per_ayat,rata_huruf_per_ayat,std_kata_per_ayat,max_kata_per_ayat,hari_ke,ayat_sudah_dihafal,progress_persen,kecepatan_avg_sebelumnya,std_kecepatan,kecepatan_7hari,hari_dalam_seminggu,bulan,pekan_ke,total_setoran_sebelumnya
585,3,2,87,1,5,5,hafalan lancar sekali,2026-03-25,2026-03-25 23:15:01,19,72,296,4.052631578947368,14.368421052631579,1.840099158274005,9,1,0,0.0,3.0,0.0,3.0,2,3,13,0
1,5,2,79,1,5,5,,2025-09-06,2026-03-25 16:55:50,46,179,785,4.065217391304348,16.065217391304348,1.6786525537273236,9,1,0,0.0,5.0,0.0,3.0,5,9,36,0
2,5,2,79,6,9,4,,2025-09-07,2026-03-25 16:55:50,46,179,785,4.065217391304348,16.065217391304348,1.6786525537273236,9,2,5,10.9,5.0,0.0,5.0,6,9,36,1
3,5,2,79,10,12,3,,2025-09-09,2026-03-25 16:55:50,46,179,785,4.065217391304348,16.065217391304348,1.6786525537273236,9,3,9,19.6,4.5,0.7071067811865476,4.5,1,9,37,2
4,5,2,79,13,18,6,,2025-09-12,2026-03-25 16:55:50,46,179,785,4.065217391304348,16.065217391304348,1.6786525537273236,9,4,12,26.1,4.0,1.0,4.0,4,9,37,3
5,5,2,79,19,22,4,,2025-09-14,2026-03-25 16:55:50,46,179,785,4.065217391304348,16.065217391304348,1.6786525537273236,9,5,18,39.1,4.5,1.2909944487358056,4.5,6,9,37,4
6,5,2,79,23,25,3,,2025-09-15,2026-03-25 16:55:50,46,179,785,4.065217391304348,16.065217391304348,1.6786525537273236,9,6,22,47.8,4.4,1.140175425099138,4.4,0,9,38,5
7,5,2,79,26,29,4,,2025-09-16,2026-03-25 16:55:50,46,179,785,4.065217391304348,16.065217391304348,1.6786525537273236,9,7,25,54.3,4.166666666666667,1.1690451944500122,4.166666666666667,1,9,38,6
8,5,2,79,30,32,3,,2025-09-17,2026-03-25 16:55:50,46,179,785,4.065217391304348,16.065217391304348,1.6786525537273236,9,8,29,63.0,4.142857142857143,1.0690449676496976,4.142857142857143,2,9,38,7
9,5,2,79,33,35,3,,2025-09-18,2026-03-25 16:55:50,46,179,785,4.065217391304348,16.065217391304348,1.6786525537273236,9,9,32,69.6,4.0,1.0690449676496976,3.857142857142857,3,9,38,8
10,5,2,79,36,38,3,,2025-09-21,2026-03-25 16:55:50,46,179,785,4.065217391304348,16.065217391304348,1.6786525537273236,9,10,35,76.1,3.888888888888889,1.0540925533894598,3.7142857142857144,6,9,38,9
11,5,2,79,39,42,4,,2025-09-24,2026-03-25 16:55:50,46,179,785,4.065217391304348,16.065217391304348,1.6786525537273236,9,11,38,82.6,3.8,1.0327955589886444,3.7142857142857144,2,9,39,10
12,5,2,79,43,43,1,,2025-09-27,2026-03-25 16:55:50,46,179,785,4.065217391304348,16.065217391304348,1.6786525537273236,9,12,42,91.3,3.8181818181818183,0.9816498172140428,3.4285714285714284,5,9,39,11
13,5,2,79,44,46,3,,2025-09-28,2026-03-25 16:55:50,46,179,785,4.065217391304348,16.065217391304348,1.6786525537273236,9,13,43,93.5,3.5833333333333335,1.2401124093721454,3.0,6,9,39,12
14,5,4,74,1,1,1,,2025-09-30,2026-03-25 16:55:50,56,256,1035,4.660714285714286,16.946428571428573,7.4572156288433105,58,1,0,0.0,3.5384615384615383,1.198289379030556,3.0,1,9,40,13
15,5,4,74,2,3,2,,2025-10-01,2026-03-25 16:55:50,56,256,1035,4.660714285714286,16.946428571428573,7.4572156288433105,58,2,1,1.8,3.357142857142857,1.3363062095621216,2.5714285714285716,2,10,40,14
16,5,4,74,4,5,2,,2025-10-03,2026-03-25 16:55:50,56,256,1035,4.660714285714286,16.946428571428573,7.4572156288433105,58,3,3,5.4,3.2666666666666666,1.3345232785352155,2.4285714285714284,4,10,40,15
17,5,4,74,6,6,1,,2025-10-04,2026-03-25 16:55:50,56,256,1035,4.660714285714286,16.946428571428573,7.4572156288433105,58,4,5,8.9,3.1875,1.3275918047351751,2.2857142857142856,5,10,40,16
18,5,4,74,7,9,3,,2025-10-05,2026-03-25 16:55:50,56,256,1035,4.660714285714286,16.946428571428573,7.4572156288433105,58,5,6,10.7,3.0588235294117645,1.3906198364081264,2.0,6,10,40,17
19,5,4,74,10,11,2,,2025-10-07,2026-03-25 16:55:50,56,256,1035,4.660714285714286,16.946428571428573,7.4572156288433105,58,6,9,16.1,3.0555555555555554,1.3491706481792791,1.8571428571428572,1,10,41,18
20,5,4,74,12,13,2,,2025-10-09,2026-03-25 16:55:50,56,256,1035,4.660714285714286,16.946428571428573,7.4572156288433105,58,7,11,19.6,3.0,1.3333333333333333,2.0,3,10,41,19
21,5,4,74,14,18,5,,2025-10-11,2026-03-25 16:55:50,56,256,1035,4.660714285714286,16.946428571428573,7.4572156288433105,58,8,13,23.2,2.95,1.3168942730211068,1.8571428571428572,5,10,41,20
22,5,4,74,19,22,4,,2025-10-13,2026-03-25 16:55:50,56,256,1035,4.660714285714286,16.946428571428573,7.4572156288433105,58,9,18,32.1,3.0476190476190474,1.3592715135759477,2.4285714285714284,0,10,42,21
23,5,4,74,23,24,2,,2025-10-14,2026-03-25 16:55:50,56,256,1035,4.660714285714286,16.946428571428573,7.4572156288433105,58,10,22,39.3,3.090909090909091,1.3419634126405238,2.7142857142857144,1,10,42,22
24,5,4,74,25,25,1,,2025-10-15,2026-03-25 16:55:50,56,256,1035,4.660714285714286,16.946428571428573,7.4572156288433105,58,11,24,42.9,3.0434782608695654,1.330695678260921,2.7142857142857144,2,10,42,23
25,5,4,74,26,28,3,,2025-10-16,2026-03-25 16:55:50,56,256,1035,4.660714285714286,16.946428571428573,7.4572156288433105,58,12,25,44.6,2.9583333333333335,1.3666578295932035,2.7142857142857144,3,10,42,24
26,5,4,74,29,30,2,,2025-10-17,2026-03-25 16:55:50,56,256,1035,4.660714285714286,16.946428571428573,7.4572156288433105,58,13,28,50.0,2.96,1.3379088160259651,2.7142857142857144,4,10,42,25
27,5,4,74,31,31,1,,2025-10-18,2026-03-25 16:55:50,56,256,1035,4.660714285714286,16.946428571428573,7.4572156288433105,58,14,30,53.6,2.923076923076923,1.3243285671789133,2.7142857142857144,5,10,42,26
28,5,4,74,32,34,3,,2025-10-21,2026-03-25 16:55:50,56,256,1035,4.660714285714286,16.946428571428573,7.4572156288433105,58,15,31,55.4,2.8518518518518516,1.3503191561115553,2.5714285714285716,1,10,43,27
29,5,4,74,35,37,3,,2025-10-23,2026-03-25 16:55:50,56,256,1035,4.660714285714286,16.946428571428573,7.4572156288433105,58,16,34,60.7,2.857142857142857,1.3253730631840064,2.2857142857142856,3,10,43,28
30,5,4,74,38,39,2,,2025-10-24,2026-03-25 16:55:50,56,256,1035,4.660714285714286,16.946428571428573,7.4572156288433105,58,17,37,66.1,2.8620689655172415,1.3017608385522192,2.142857142857143,4,10,43,29
31,5,4,74,40,42,3,,2025-10-26,2026-03-25 16:55:50,56,256,1035,4.660714285714286,16.946428571428573,7.4572156288433105,58,18,39,69.6,2.8333333333333335,1.2887666740841357,2.142857142857143,6,10,43,30
32,5,4,74,43,47,5,,2025-10-27,2026-03-25 16:55:50,56,256,1035,4.660714285714286,16.946428571428573,7.4572156288433105,58,19,42,75.0,2.838709677419355,1.2674587223666203,2.4285714285714284,0,10,44,31
33,5,4,74,48,51,4,,2025-10-29,2026-03-25 16:55:50,56,256,1035,4.660714285714286,16.946428571428573,7.4572156288433105,58,20,47,83.9,2.90625,1.3040724054705233,2.7142857142857144,2,10,44,32
34,5,4,74,52,54,3,,2025-10-31,2026-03-25 16:55:50,56,256,1035,4.660714285714286,16.946428571428573,7.4572156288433105,58,21,51,91.1,2.9393939393939394,1.2975793313752038,3.0,4,10,44,33
35,5,4,74,55,56,2,,2025-11-01,2026-03-25 16:55:50,56,256,1035,4.660714285714286,16.946428571428573,7.4572156288433105,58,22,54,96.4,2.9411764705882355,1.277810069601521,3.2857142857142856,5,11,44,34
36,6,2,83,1,1,1,,2025-09-11,2026-03-25 16:55:50,36,169,750,4.833333333333333,19.02777777777778,1.7154757774032086,8,1,0,0.0,2.914285714285714,1.2688908674954853,3.0,3,9,37,0
37,6,2,83,2,4,3,,2025-09-12,2026-03-25 16:55:50,36,169,750,4.833333333333333,19.02777777777778,1.7154757774032086,8,2,1,2.8,1.0,0.0,1.0,4,9,37,1
38,6,2,83,5,5,1,,2025-09-13,2026-03-25 16:55:50,36,169,750,4.833333333333333,19.02777777777778,1.7154757774032086,8,3,4,11.1,2.0,1.4142135623730951,2.0,5,9,37,2
39,6,2,83,6,7,2,,2025-09-14,2026-03-25 16:55:50,36,169,750,4.833333333333333,19.02777777777778,1.7154757774032086,8,4,5,13.9,1.6666666666666667,1.1547005383792517,1.6666666666666667,6,9,37,3
40,6,2,83,8,9,2,,2025-09-15,2026-03-25 16:55:50,36,169,750,4.833333333333333,19.02777777777778,1.7154757774032086,8,5,7,19.4,1.75,0.9574271077563382,1.75,0,9,38,4
41,6,2,83,10,11,2,,2025-09-16,2026-03-25 16:55:50,36,169,750,4.833333333333333,19.02777777777778,1.7154757774032086,8,6,9,25.0,1.8,0.8366600265340756,1.8,1,9,38,5
42,6,2,83,12,15,4,,2025-09-17,2026-03-25 16:55:50,36,169,750,4.833333333333333,19.02777777777778,1.7154757774032086,8,7,11,30.6,1.8333333333333333,0.752772652709081,1.8333333333333333,2,9,38,6
43,6,2,83,16,19,4,,2025-09-18,2026-03-25 16:55:50,36,169,750,4.833333333333333,19.02777777777778,1.7154757774032086,8,8,15,41.7,2.142857142857143,1.0690449676496976,2.142857142857143,3,9,38,7
44,6,2,83,20,21,2,,2025-09-19,2026-03-25 16:55:50,36,169,750,4.833333333333333,19.02777777777778,1.7154757774032086,8,9,19,52.8,2.375,1.1877349391654208,2.5714285714285716,4,9,38,8
45,6,2,83,22,22,1,,2025-09-20,2026-03-25 16:55:50,36,169,750,4.833333333333333,19.02777777777778,1.7154757774032086,8,10,21,58.3,2.3333333333333335,1.118033988749895,2.4285714285714284,5,9,38,9
46,6,2,83,23,25,3,,2025-09-22,2026-03-25 16:55:50,36,169,750,4.833333333333333,19.02777777777778,1.7154757774032086,8,11,22,61.1,2.2,1.1352924243950933,2.4285714285714284,0,9,39,10
47,6,2,83,26,26,1,,2025-09-24,2026-03-25 16:55:50,36,169,750,4.833333333333333,19.02777777777778,1.7154757774032086,8,12,25,69.4,2.272727272727273,1.1037127426019047,2.5714285714285716,2,9,39,11
48,6,2,83,27,29,3,,2025-09-25,2026-03-25 16:55:50,36,169,750,4.833333333333333,19.02777777777778,1.7154757774032086,8,13,26,72.2,2.1666666666666665,1.1146408580454255,2.4285714285714284,3,9,39,12
49,6,2,83,30,32,3,,2025-09-26,2026-03-25 16:55:50,36,169,750,4.833333333333333,19.02777777777778,1.7154757774032086,8,14,29,80.6,2.230769230769231,1.0919284281983377,2.5714285714285716,4,9,39,13
50,6,2,83,33,34,2,,2025-09-27,2026-03-25 16:55:50,36,169,750,4.833333333333333,19.02777777777778,1.7154757774032086,8,15,32,88.9,2.2857142857142856,1.0690449676496976,2.4285714285714284,5,9,39,14
51,6,2,83,35,36,2,,2025-09-28,2026-03-25 16:55:50,36,169,750,4.833333333333333,19.02777777777778,1.7154757774032086,8,16,34,94.4,2.2666666666666666,1.0327955589886444,2.142857142857143,6,9,39,15
52,6,2,75,1,4,4,,2025-10-01,2026-03-25 16:55:50,40,164,676,4.225,15.725,1.3865193462176781,8,1,0,0.0,2.25,1.0,2.142857142857143,2,10,40,16
53,6,2,75,5,7,3,,2025-10-02,2026-03-25 16:55:50,40,164,676,4.225,15.725,1.3865193462176781,8,2,4,10.0,2.3529411764705883,1.0571882797418488,2.5714285714285716,3,10,40,17
54,6,2,75,8,10,3,,2025-10-03,2026-03-25 16:55:50,40,164,676,4.225,15.725,1.3865193462176781,8,3,7,17.5,2.388888888888889,1.0369008625190792,2.5714285714285716,4,10,40,18
55,6,2,75,11,14,4,,2025-10-05,2026-03-25 16:55:50,40,164,676,4.225,15.725,1.3865193462176781,8,4,10,25.0,2.4210526315789473,1.0173926082384548,2.857142857142857,6,10,40,19
56,6,2,75,15,17,3,,2025-10-08,2026-03-25 16:55:50,40,164,676,4.225,15.725,1.3865193462176781,8,5,14,35.0,2.5,1.0513149660756937,3.0,2,10,41,20
57,6,2,75,18,18,1,,2025-10-10,2026-03-25 16:55:50,40,164,676,4.225,15.725,1.3865193462176781,8,6,17,42.5,2.5238095238095237,1.030487633067356,3.0,4,10,41,21
58,6,2,75,19,22,4,,2025-10-11,2026-03-25 16:55:50,40,164,676,4.225,15.725,1.3865193462176781,8,7,18,45.0,2.4545454545454546,1.0568269096134508,2.857142857142857,5,10,41,22
59,6,2,75,23,24,2,,2025-10-12,2026-03-25 16:55:50,40,164,676,4.225,15.725,1.3865193462176781,8,8,22,55.0,2.5217391304347827,1.081647111727434,3.142857142857143,6,10,41,23
60,6,2,75,25,29,5,,2025-10-13,2026-03-25 16:55:50,40,164,676,4.225,15.725,1.3865193462176781,8,9,24,60.0,2.5,1.06321906614239,2.857142857142857,0,10,42,24
61,6,2,75,30,33,4,,2025-10-15,2026-03-25 16:55:50,40,164,676,4.225,15.725,1.3865193462176781,8,10,29,72.5,2.6,1.1547005383792515,3.142857142857143,2,10,42,25
62,6,2,75,34,35,2,,2025-10-16,2026-03-25 16:55:50,40,164,676,4.225,15.725,1.3865193462176781,8,11,33,82.5,2.6538461538461537,1.1642098674142112,3.2857142857142856,3,10,42,26
63,6,2,75,36,38,3,,2025-10-17,2026-03-25 16:55:50,40,164,676,4.225,15.725,1.3865193462176781,8,12,35,87.5,2.6296296296296298,1.1485157025867425,3.0,4,10,42,27
64,6,2,75,39,40,2,,2025-10-18,2026-03-25 16:55:50,40,164,676,4.225,15.725,1.3865193462176781,8,13,38,95.0,2.642857142857143,1.1292175499576134,3.0,5,10,42,28
65,6,3,81,1,5,5,,2025-10-21,2026-03-25 16:55:50,29,104,435,3.7241379310344827,14.0,1.411598681438327,8,1,0,0.0,2.6206896551724137,1.1152768107210065,3.142857142857143,1,10,43,29
66,6,3,81,6,11,6,,2025-10-22,2026-03-25 16:55:50,29,104,435,3.7241379310344827,14.0,1.411598681438327,8,2,5,17.2,2.7,1.1788363637137231,3.2857142857142856,2,10,43,30
67,6,3,81,12,13,2,,2025-10-23,2026-03-25 16:55:50,29,104,435,3.7241379310344827,14.0,1.411598681438327,8,3,11,37.9,2.806451612903226,1.3017771145299715,3.857142857142857,3,10,43,31
68,6,3,81,14,19,6,,2025-10-25,2026-03-25 16:55:50,29,104,435,3.7241379310344827,14.0,1.411598681438327,8,4,13,44.8,2.78125,1.2885194053891917,3.4285714285714284,5,10,43,32
69,6,3,81,20,24,5,,2025-10-26,2026-03-25 16:55:50,29,104,435,3.7241379310344827,14.0,1.411598681438327,8,5,19,65.5,2.878787878787879,1.3864878235485825,3.7142857142857144,6,10,43,33
70,6,3,81,25,25,1,,2025-10-29,2026-03-25 16:55:50,29,104,435,3.7241379310344827,14.0,1.411598681438327,8,6,24,82.8,2.9411764705882355,1.4129525602833977,4.142857142857143,2,10,44,34
71,6,3,81,26,29,4,,2025-11-01,2026-03-25 16:55:50,29,104,435,3.7241379310344827,14.0,1.411598681438327,8,7,25,86.2,2.8857142857142857,1.4301671759834595,3.857142857142857,5,11,44,35
72,6,3,85,1,3,3,,2025-11-03,2026-03-25 16:55:50,22,109,469,5.2272727272727275,19.272727272727273,3.740789554827496,15,1,0,0.0,2.9166666666666665,1.4217695212053785,4.142857142857143,0,11,45,36
73,6,3,85,4,6,3,,2025-11-04,2026-03-25 16:55:50,22,109,469,5.2272727272727275,19.272727272727273,3.740789554827496,15,2,3,13.6,2.918918918918919,1.4019505930900225,3.857142857142857,1,11,45,37
74,6,3,85,7,11,5,,2025-11-05,2026-03-25 16:55:50,22,109,469,5.2272727272727275,19.272727272727273,3.740789554827496,15,3,6,27.3,2.9210526315789473,1.3829380972909937,3.4285714285714284,2,11,45,38
75,6,3,85,12,12,1,,2025-11-06,2026-03-25 16:55:50,22,109,469,5.2272727272727275,19.272727272727273,3.740789554827496,15,4,11,50.0,2.9743589743589745,1.4046385466352749,3.857142857142857,3,11,45,39
76,6,3,85,13,15,3,,2025-11-07,2026-03-25 16:55:50,22,109,469,5.2272727272727275,19.272727272727273,3.740789554827496,15,5,12,54.5,2.925,1.4212219372328148,3.142857142857143,4,11,45,40
77,6,3,85,16,17,2,,2025-11-10,2026-03-25 16:55:50,22,109,469,5.2272727272727275,19.272727272727273,3.740789554827496,15,6,15,68.2,2.926829268292683,1.4033931007105427,2.857142857142857,0,11,46,41
78,6,3,85,18,20,3,,2025-11-11,2026-03-25 16:55:50,22,109,469,5.2272727272727275,19.272727272727273,3.740789554827496,15,7,17,77.3,2.9047619047619047,1.3935307641772674,3.0,1,11,46,42
79,6,3,85,21,22,2,,2025-11-13,2026-03-25 16:55:50,22,109,469,5.2272727272727275,19.272727272727273,3.740789554827496,15,8,20,90.9,2.9069767441860463,1.376917770625878,2.857142857142857,3,11,46,43
80,6,2,87,1,1,1,,2025-11-14,2026-03-25 16:55:50,19,72,296,4.052631578947368,14.368421052631579,1.840099158274005,9,1,0,0.0,2.8863636363636362,1.3676649441939963,2.7142857142857144,4,11,46,44
81,6,2,87,2,3,2,,2025-11-15,2026-03-25 16:55:50,19,72,296,4.052631578947368,14.368421052631579,1.840099158274005,9,2,1,5.3,2.8444444444444446,1.3809673084728353,2.4285714285714284,5,11,46,45
82,6,2,87,4,7,4,,2025-11-18,2026-03-25 16:55:50,19,72,296,4.052631578947368,14.368421052631579,1.840099158274005,9,3,3,15.8,2.8260869565217392,1.3712013844490443,2.0,1,11,47,46
83,6,2,87,8,11,4,,2025-11-20,2026-03-25 16:55:50,19,72,296,4.052631578947368,14.368421052631579,1.840099158274005,9,4,7,36.8,2.851063829787234,1.3669821315624797,2.4285714285714284,3,11,47,47
84,6,2,87,12,15,4,,2025-11-21,2026-03-25 16:55:50,19,72,296,4.052631578947368,14.368421052631579,1.840099158274005,9,5,11,57.9,2.875,1.3624914600552196,2.5714285714285716,4,11,47,48
85,6,2,87,16,18,3,,2025-11-23,2026-03-25 16:55:50,19,72,296,4.052631578947368,14.368421052631579,1.840099158274005,9,6,15,78.9,2.8979591836734695,1.3577692789888813,2.857142857142857,6,11,47,49
86,6,2,87,19,19,1,,2025-11-24,2026-03-25 16:55:50,19,72,296,4.052631578947368,14.368421052631579,1.840099158274005,9,7,18,94.7,2.9,1.3439205515876271,2.857142857142857,0,11,48,50
583,6,2,2,1,15,15,,2026-03-25,2026-03-25 18:29:53,286,6140,26249,21.895104895104897,82.44055944055944,14.41890245073096,129,1,0,0.0,2.8627450980392157,1.3567550676984739,2.7142857142857144,2,3,13,51
87,7,3,104,1,3,3,,2025-09-04,2026-03-25 16:55:50,9,33,134,4.111111111111111,15.0,1.536590742882148,8,1,0,0.0,3.0961538461538463,2.1535161889029926,3.0,3,9,36,0
88,7,3,104,4,6,3,,2025-09-05,2026-03-25 16:55:50,9,33,134,4.111111111111111,15.0,1.536590742882148,8,2,3,33.3,3.0,0.0,3.0,4,9,36,1
89,7,3,104,7,8,2,,2025-09-07,2026-03-25 16:55:50,9,33,134,4.111111111111111,15.0,1.536590742882148,8,3,6,66.7,3.0,0.0,3.0,6,9,36,2
90,7,3,104,9,9,1,,2025-09-09,2026-03-25 16:55:50,9,33,134,4.111111111111111,15.0,1.536590742882148,8,4,8,88.9,2.6666666666666665,0.5773502691896257,2.6666666666666665,1,9,37,3
91,7,4,109,1,2,2,,2025-09-14,2026-03-25 16:55:50,6,27,99,5.0,18.166666666666668,1.0954451150103321,7,1,0,0.0,2.25,0.957427107756338,2.25,6,9,37,4
92,7,4,109,3,4,2,,2025-09-18,2026-03-25 16:55:50,6,27,99,5.0,18.166666666666668,1.0954451150103321,7,2,2,33.3,2.2,0.8366600265340756,2.2,3,9,38,5
93,7,4,109,5,5,1,,2025-09-19,2026-03-25 16:55:50,6,27,99,5.0,18.166666666666668,1.0954451150103321,7,3,4,66.7,2.1666666666666665,0.752772652709081,2.1666666666666665,4,9,38,6
94,7,4,109,6,6,1,,2025-09-21,2026-03-25 16:55:50,6,27,99,5.0,18.166666666666668,1.0954451150103321,7,4,5,83.3,2.0,0.8164965809277261,2.0,6,9,38,7
95,7,2,108,1,1,1,,2025-09-23,2026-03-25 16:55:50,3,10,43,4.666666666666667,18.333333333333332,2.081665999466133,7,1,0,0.0,1.875,0.8345229603962804,1.7142857142857142,1,9,39,8
96,7,2,108,2,2,1,,2025-09-24,2026-03-25 16:55:50,3,10,43,4.666666666666667,18.333333333333332,2.081665999466133,7,2,1,33.3,1.7777777777777777,0.8333333333333335,1.4285714285714286,2,9,39,9
97,7,2,108,3,3,1,,2025-09-25,2026-03-25 16:55:50,3,10,43,4.666666666666667,18.333333333333332,2.081665999466133,7,3,2,66.7,1.7,0.8232726023485648,1.2857142857142858,3,9,39,10
98,8,4,85,1,4,4,,2025-09-02,2026-03-25 16:55:50,22,109,469,5.2272727272727275,19.272727272727273,3.740789554827496,15,1,0,0.0,1.6363636363636365,0.8090398349558908,3.0,1,9,36,0
99,8,4,85,5,6,2,,2025-09-03,2026-03-25 16:55:50,22,109,469,5.2272727272727275,19.272727272727273,3.740789554827496,15,2,4,18.2,4.0,0.0,4.0,2,9,36,1
100,8,4,85,7,7,1,,2025-09-05,2026-03-25 16:55:50,22,109,469,5.2272727272727275,19.272727272727273,3.740789554827496,15,3,6,27.3,3.0,1.4142135623730951,3.0,4,9,36,2
101,8,4,85,8,8,1,,2025-09-08,2026-03-25 16:55:50,22,109,469,5.2272727272727275,19.272727272727273,3.740789554827496,15,4,7,31.8,2.3333333333333335,1.5275252316519468,2.3333333333333335,0,9,37,3
102,8,4,85,9,9,1,,2025-09-09,2026-03-25 16:55:50,22,109,469,5.2272727272727275,19.272727272727273,3.740789554827496,15,5,8,36.4,2.0,1.4142135623730951,2.0,1,9,37,4
103,8,4,85,10,12,3,,2025-09-11,2026-03-25 16:55:50,22,109,469,5.2272727272727275,19.272727272727273,3.740789554827496,15,6,9,40.9,1.8,1.3038404810405297,1.8,3,9,37,5
104,8,4,85,13,13,1,,2025-09-12,2026-03-25 16:55:50,22,109,469,5.2272727272727275,19.272727272727273,3.740789554827496,15,7,12,54.5,2.0,1.2649110640673518,2.0,4,9,37,6
105,8,4,85,14,16,3,,2025-09-13,2026-03-25 16:55:50,22,109,469,5.2272727272727275,19.272727272727273,3.740789554827496,15,8,13,59.1,1.8571428571428572,1.2149857925879117,1.8571428571428572,5,9,37,7
106,8,4,85,17,18,2,,2025-09-15,2026-03-25 16:55:50,22,109,469,5.2272727272727275,19.272727272727273,3.740789554827496,15,9,16,72.7,2.0,1.1952286093343936,1.7142857142857142,0,9,38,8
107,8,4,85,19,22,4,,2025-09-16,2026-03-25 16:55:50,22,109,469,5.2272727272727275,19.272727272727273,3.740789554827496,15,10,18,81.8,2.0,1.118033988749895,1.7142857142857142,1,9,38,9
108,8,2,114,1,5,5,,2025-09-19,2026-03-25 16:55:50,6,20,80,4.0,14.166666666666666,2.280350850198276,8,1,0,0.0,2.2,1.2292725943057183,2.142857142857143,4,9,38,10
109,8,2,114,6,6,1,,2025-09-20,2026-03-25 16:55:50,6,20,80,4.0,14.166666666666666,2.280350850198276,8,2,5,83.3,2.4545454545454546,1.4396969378057567,2.7142857142857144,5,9,38,11
110,8,2,93,1,4,4,,2025-09-25,2026-03-25 16:55:50,11,40,165,4.0,15.272727272727273,0.7745966692414836,5,1,0,0.0,2.3333333333333335,1.4354811251305468,2.7142857142857144,3,9,39,12
111,8,2,93,5,5,1,,2025-09-27,2026-03-25 16:55:50,11,40,165,4.0,15.272727272727273,0.7745966692414836,5,2,4,36.4,2.4615384615384617,1.4500221041639685,2.857142857142857,5,9,39,13
112,8,2,93,6,9,4,,2025-09-29,2026-03-25 16:55:50,11,40,165,4.0,15.272727272727273,0.7745966692414836,5,3,5,45.5,2.357142857142857,1.4468609447374663,2.857142857142857,0,9,40,14
113,8,2,93,10,11,2,,2025-09-30,2026-03-25 16:55:50,11,40,165,4.0,15.272727272727273,0.7745966692414836,5,4,9,81.8,2.466666666666667,1.4573295865416045,3.0,1,9,40,15
114,8,4,1,1,7,7,,2025-10-04,2026-03-25 16:55:50,7,29,143,4.428571428571429,16.428571428571427,2.5727509827124,10,1,0,0.0,2.4375,1.4127396551853895,3.0,5,10,40,16
115,8,4,36,1,1,1,,2025-10-07,2026-03-25 16:55:50,83,730,3068,8.939759036144578,33.55421686746988,3.4898787371146462,24,1,0,0.0,2.7058823529411766,1.7594283831102981,3.4285714285714284,1,10,41,17
116,8,4,36,2,2,1,,2025-10-09,2026-03-25 16:55:50,83,730,3068,8.939759036144578,33.55421686746988,3.4898787371146462,24,2,1,1.2,2.611111111111111,1.7536143814113783,2.857142857142857,3,10,41,18
117,8,4,36,3,3,1,,2025-10-11,2026-03-25 16:55:50,83,730,3068,8.939759036144578,33.55421686746988,3.4898787371146462,24,3,2,2.4,2.526315789473684,1.7438278792686563,2.857142857142857,5,10,41,19
118,8,4,36,4,4,1,,2025-10-12,2026-03-25 16:55:50,83,730,3068,8.939759036144578,33.55421686746988,3.4898787371146462,24,4,3,3.6,2.45,1.7312909694943341,2.4285714285714284,6,10,41,20
119,8,4,36,5,6,2,,2025-10-14,2026-03-25 16:55:50,83,730,3068,8.939759036144578,33.55421686746988,3.4898787371146462,24,5,4,4.8,2.380952380952381,1.716863141784763,2.4285714285714284,1,10,42,21
120,8,4,36,7,7,1,,2025-10-15,2026-03-25 16:55:50,83,730,3068,8.939759036144578,33.55421686746988,3.4898787371146462,24,6,6,7.2,2.3636363636363638,1.6774542658006548,2.142857142857143,2,10,42,22
121,8,4,36,8,9,2,,2025-10-17,2026-03-25 16:55:50,83,730,3068,8.939759036144578,33.55421686746988,3.4898787371146462,24,7,7,8.4,2.3043478260869565,1.6633695978261511,2.0,4,10,42,23
122,8,4,36,10,10,1,,2025-10-18,2026-03-25 16:55:50,83,730,3068,8.939759036144578,33.55421686746988,3.4898787371146462,24,8,9,10.8,2.2916666666666665,1.6279933411536363,1.2857142857142858,5,10,42,24
123,8,4,36,11,13,3,,2025-10-20,2026-03-25 16:55:50,83,730,3068,8.939759036144578,33.55421686746988,3.4898787371146462,24,9,10,12.0,2.24,1.614517471774978,1.2857142857142858,0,10,43,25
124,8,4,36,14,14,1,,2025-10-23,2026-03-25 16:55:50,83,730,3068,8.939759036144578,33.55421686746988,3.4898787371146462,24,10,13,15.7,2.269230769230769,1.5889038311412635,1.5714285714285714,3,10,43,26
125,8,4,36,15,15,1,,2025-10-24,2026-03-25 16:55:50,83,730,3068,8.939759036144578,33.55421686746988,3.4898787371146462,24,11,14,16.9,2.2222222222222223,1.577079416890439,1.5714285714285714,4,10,43,27
126,8,4,36,16,18,3,,2025-10-25,2026-03-25 16:55:50,83,730,3068,8.939759036144578,33.55421686746988,3.4898787371146462,24,12,15,18.1,2.1785714285714284,1.564740457204548,1.5714285714285714,5,10,43,28
127,8,4,36,19,19,1,,2025-10-27,2026-03-25 16:55:50,83,730,3068,8.939759036144578,33.55421686746988,3.4898787371146462,24,13,18,21.7,2.206896551724138,1.544097293955912,1.7142857142857142,0,10,44,29
128,8,4,36,20,20,1,,2025-10-28,2026-03-25 16:55:50,83,730,3068,8.939759036144578,33.55421686746988,3.4898787371146462,24,14,19,22.9,2.1666666666666665,1.5331584108120329,1.7142857142857142,1,10,44,30
129,8,4,36,21,21,1,,2025-10-30,2026-03-25 16:55:50,83,730,3068,8.939759036144578,33.55421686746988,3.4898787371146462,24,15,20,24.1,2.129032258064516,1.5218833832649805,1.5714285714285714,3,10,44,31
130,8,4,36,22,22,1,,2025-10-31,2026-03-25 16:55:50,83,730,3068,8.939759036144578,33.55421686746988,3.4898787371146462,24,16,21,25.3,2.09375,1.5103807466993213,1.5714285714285714,4,10,44,32
131,8,4,36,23,23,1,,2025-11-01,2026-03-25 16:55:50,83,730,3068,8.939759036144578,33.55421686746988,3.4898787371146462,24,17,22,26.5,2.0606060606060606,1.4987368418812292,1.2857142857142858,5,11,44,33
132,8,4,36,24,24,1,,2025-11-03,2026-03-25 16:55:50,83,730,3068,8.939759036144578,33.55421686746988,3.4898787371146462,24,18,23,27.7,2.0294117647058822,1.487020492973807,1.2857142857142858,0,11,45,34
133,8,4,36,25,25,1,,2025-11-04,2026-03-25 16:55:50,83,730,3068,8.939759036144578,33.55421686746988,3.4898787371146462,24,19,24,28.9,2.0,1.4752866122334647,1.2857142857142858,1,11,45,35
134,8,4,36,26,26,1,,2025-11-05,2026-03-25 16:55:50,83,730,3068,8.939759036144578,33.55421686746988,3.4898787371146462,24,20,25,30.1,1.9722222222222223,1.463579000964243,1.0,2,11,45,36
135,8,4,36,27,27,1,,2025-11-07,2026-03-25 16:55:50,83,730,3068,8.939759036144578,33.55421686746988,3.4898787371146462,24,21,26,31.3,1.945945945945946,1.451932542547383,1.0,4,11,45,37
136,8,4,36,28,29,2,,2025-11-08,2026-03-25 16:55:50,83,730,3068,8.939759036144578,33.55421686746988,3.4898787371146462,24,22,27,32.5,1.9210526315789473,1.4403749314331307,1.0,5,11,45,38
137,8,4,36,30,30,1,,2025-11-10,2026-03-25 16:55:50,83,730,3068,8.939759036144578,33.55421686746988,3.4898787371146462,24,23,29,34.9,1.9230769230769231,1.4213524949778493,1.1428571428571428,0,11,46,39
138,8,4,36,31,31,1,,2025-11-11,2026-03-25 16:55:50,83,730,3068,8.939759036144578,33.55421686746988,3.4898787371146462,24,24,30,36.1,1.9,1.4105827128331005,1.1428571428571428,1,11,46,40
139,8,4,36,32,33,2,,2025-11-13,2026-03-25 16:55:50,83,730,3068,8.939759036144578,33.55421686746988,3.4898787371146462,24,25,31,37.3,1.8780487804878048,1.3999128892759634,1.1428571428571428,3,11,46,41
140,8,4,36,34,34,1,,2025-11-14,2026-03-25 16:55:50,83,730,3068,8.939759036144578,33.55421686746988,3.4898787371146462,24,26,33,39.8,1.880952380952381,1.382863429977741,1.2857142857142858,4,11,46,42
141,8,4,36,35,35,1,,2025-11-15,2026-03-25 16:55:50,83,730,3068,8.939759036144578,33.55421686746988,3.4898787371146462,24,27,34,41.0,1.8604651162790697,1.3728905090882626,1.2857142857142858,5,11,46,43
142,8,4,36,36,37,2,,2025-11-16,2026-03-25 16:55:50,83,730,3068,8.939759036144578,33.55421686746988,3.4898787371146462,24,28,35,42.2,1.8409090909090908,1.363019592723447,1.2857142857142858,6,11,46,44
143,8,4,36,38,38,1,,2025-11-17,2026-03-25 16:55:50,83,730,3068,8.939759036144578,33.55421686746988,3.4898787371146462,24,29,37,44.6,1.8444444444444446,1.3476504057661305,1.4285714285714286,0,11,47,45
144,8,4,36,39,39,1,,2025-11-18,2026-03-25 16:55:50,83,730,3068,8.939759036144578,33.55421686746988,3.4898787371146462,24,30,38,45.8,1.826086956521739,1.3383961849266033,1.2857142857142858,1,11,47,46
145,8,4,36,40,40,1,,2025-11-20,2026-03-25 16:55:50,83,730,3068,8.939759036144578,33.55421686746988,3.4898787371146462,24,31,39,47.0,1.8085106382978724,1.3292413310564466,1.2857142857142858,3,11,47,47
146,8,4,36,41,42,2,,2025-11-21,2026-03-25 16:55:50,83,730,3068,8.939759036144578,33.55421686746988,3.4898787371146462,24,32,40,48.2,1.7916666666666667,1.3201923350097284,1.2857142857142858,4,11,47,48
147,8,4,36,43,43,1,,2025-11-23,2026-03-25 16:55:50,83,730,3068,8.939759036144578,33.55421686746988,3.4898787371146462,24,33,42,50.6,1.7959183673469388,1.306706927048785,1.2857142857142858,6,11,47,49
148,8,4,36,44,44,1,,2025-11-24,2026-03-25 16:55:50,83,730,3068,8.939759036144578,33.55421686746988,3.4898787371146462,24,34,43,51.8,1.78,1.2981934071812948,1.2857142857142858,0,11,48,50
149,8,4,36,45,46,2,,2025-11-25,2026-03-25 16:55:50,83,730,3068,8.939759036144578,33.55421686746988,3.4898787371146462,24,35,44,53.0,1.7647058823529411,1.2897788228082772,1.2857142857142858,1,11,48,51
150,8,4,36,47,47,1,,2025-11-27,2026-03-25 16:55:50,83,730,3068,8.939759036144578,33.55421686746988,3.4898787371146462,24,36,46,55.4,1.7692307692307692,1.2774881084651961,1.2857142857142858,3,11,48,52
151,8,4,36,48,48,1,,2025-11-29,2026-03-25 16:55:50,83,730,3068,8.939759036144578,33.55421686746988,3.4898787371146462,24,37,47,56.6,1.7547169811320755,1.2695495927138654,1.2857142857142858,5,11,48,53
152,8,4,36,49,50,2,,2025-11-30,2026-03-25 16:55:50,83,730,3068,8.939759036144578,33.55421686746988,3.4898787371146462,24,38,48,57.8,1.7407407407407407,1.2617027306671829,1.2857142857142858,6,11,48,54
153,8,4,36,51,51,1,,2025-12-01,2026-03-25 16:55:50,83,730,3068,8.939759036144578,33.55421686746988,3.4898787371146462,24,39,50,60.2,1.7454545454545454,1.2504544628399563,1.4285714285714286,0,12,49,55
154,8,4,36,52,52,1,,2025-12-02,2026-03-25 16:55:50,83,730,3068,8.939759036144578,33.55421686746988,3.4898787371146462,24,40,51,61.4,1.7321428571428572,1.2430325297955278,1.2857142857142858,1,12,49,56
155,8,4,36,53,53,1,,2025-12-03,2026-03-25 16:55:50,83,730,3068,8.939759036144578,33.55421686746988,3.4898787371146462,24,41,52,62.7,1.719298245614035,1.235695090177882,1.2857142857142858,2,12,49,57
156,8,4,36,54,54,1,,2025-12-04,2026-03-25 16:55:50,83,730,3068,8.939759036144578,33.55421686746988,3.4898787371146462,24,42,53,63.9,1.706896551724138,1.2284438978493641,1.2857142857142858,3,12,49,58
157,8,4,36,55,57,3,,2025-12-05,2026-03-25 16:55:50,83,730,3068,8.939759036144578,33.55421686746988,3.4898787371146462,24,43,54,65.1,1.694915254237288,1.2212802396374116,1.1428571428571428,4,12,49,59
158,8,4,36,58,59,2,,2025-12-06,2026-03-25 16:55:50,83,730,3068,8.939759036144578,33.55421686746988,3.4898787371146462,24,44,57,68.7,1.7166666666666666,1.2225517446560623,1.4285714285714286,5,12,49,60
159,8,4,36,60,60,1,,2025-12-07,2026-03-25 16:55:50,83,730,3068,8.939759036144578,33.55421686746988,3.4898787371146462,24,45,59,71.1,1.721311475409836,1.2128636573688405,1.5714285714285714,6,12,49,61
160,8,4,36,61,62,2,,2025-12-08,2026-03-25 16:55:50,83,730,3068,8.939759036144578,33.55421686746988,3.4898787371146462,24,46,60,72.3,1.7096774193548387,1.2063642270617172,1.4285714285714286,0,12,50,62
161,8,4,36,63,63,1,,2025-12-09,2026-03-25 16:55:50,83,730,3068,8.939759036144578,33.55421686746988,3.4898787371146462,24,47,62,74.7,1.7142857142857142,1.1971548452486438,1.5714285714285714,1,12,50,63
162,8,4,36,64,65,2,,2025-12-12,2026-03-25 16:55:50,83,730,3068,8.939759036144578,33.55421686746988,3.4898787371146462,24,48,63,75.9,1.703125,1.1909671606630374,1.5714285714285714,4,12,50,64
163,8,4,36,66,66,1,,2025-12-13,2026-03-25 16:55:50,83,730,3068,8.939759036144578,33.55421686746988,3.4898787371146462,24,49,65,78.3,1.7076923076923076,1.1821997097978638,1.7142857142857142,5,12,50,65
164,8,4,36,67,67,1,,2025-12-14,2026-03-25 16:55:50,83,730,3068,8.939759036144578,33.55421686746988,3.4898787371146462,24,50,66,79.5,1.696969696969697,1.1763005498948742,1.7142857142857142,6,12,50,66
165,8,4,36,68,68,1,,2025-12-15,2026-03-25 16:55:50,83,730,3068,8.939759036144578,33.55421686746988,3.4898787371146462,24,51,67,80.7,1.6865671641791045,1.170456466562338,1.4285714285714286,0,12,51,67
166,8,4,36,69,69,1,,2025-12-16,2026-03-25 16:55:50,83,730,3068,8.939759036144578,33.55421686746988,3.4898787371146462,24,52,68,81.9,1.6764705882352942,1.1646686348368718,1.2857142857142858,1,12,51,68
167,8,4,36,70,71,2,,2025-12-17,2026-03-25 16:55:50,83,730,3068,8.939759036144578,33.55421686746988,3.4898787371146462,24,53,69,83.1,1.6666666666666667,1.1589379857878335,1.2857142857142858,2,12,51,69
168,8,4,36,72,73,2,,2025-12-18,2026-03-25 16:55:50,83,730,3068,8.939759036144578,33.55421686746988,3.4898787371146462,24,54,71,85.5,1.6714285714285715,1.1511988530101316,1.2857142857142858,3,12,51,70
169,8,4,36,74,74,1,,2025-12-19,2026-03-25 16:55:50,83,730,3068,8.939759036144578,33.55421686746988,3.4898787371146462,24,55,73,88.0,1.676056338028169,1.1436114211107589,1.4285714285714286,4,12,51,71
170,8,4,36,75,75,1,,2025-12-20,2026-03-25 16:55:50,83,730,3068,8.939759036144578,33.55421686746988,3.4898787371146462,24,56,74,89.2,1.6666666666666667,1.1383209775310843,1.2857142857142858,5,12,51,72
171,8,4,36,76,76,1,,2025-12-21,2026-03-25 16:55:50,83,730,3068,8.939759036144578,33.55421686746988,3.4898787371146462,24,57,75,90.4,1.6575342465753424,1.1330781340395994,1.2857142857142858,6,12,51,73
172,8,4,36,77,77,1,,2025-12-24,2026-03-25 16:55:50,83,730,3068,8.939759036144578,33.55421686746988,3.4898787371146462,24,58,76,91.6,1.6486486486486487,1.1278836094673057,1.2857142857142858,2,12,52,74
173,8,4,36,78,78,1,,2025-12-25,2026-03-25 16:55:50,83,730,3068,8.939759036144578,33.55421686746988,3.4898787371146462,24,59,77,92.8,1.64,1.1227379661080943,1.2857142857142858,3,12,52,75
174,8,4,36,79,79,1,,2025-12-26,2026-03-25 16:55:50,83,730,3068,8.939759036144578,33.55421686746988,3.4898787371146462,24,60,78,94.0,1.631578947368421,1.117641627274836,1.2857142857142858,4,12,52,76
175,8,4,36,80,80,1,,2025-12-27,2026-03-25 16:55:50,83,730,3068,8.939759036144578,33.55421686746988,3.4898787371146462,24,61,79,95.2,1.6233766233766234,1.1125948929247034,1.1428571428571428,5,12,52,77
176,8,4,36,81,81,1,,2025-12-28,2026-03-25 16:55:50,83,730,3068,8.939759036144578,33.55421686746988,3.4898787371146462,24,62,80,96.4,1.6153846153846154,1.1075979535793783,1.0,6,12,52,78
177,8,4,36,82,82,1,,2025-12-31,2026-03-25 16:55:50,83,730,3068,8.939759036144578,33.55421686746988,3.4898787371146462,24,63,81,97.6,1.6075949367088607,1.102650902737293,1.0,2,12,1,79
178,8,4,36,83,83,1,,2026-01-01,2026-03-25 16:55:50,83,730,3068,8.939759036144578,33.55421686746988,3.4898787371146462,24,64,82,98.8,1.6,1.097753747950441,1.0,3,1,1,80
179,9,3,72,1,1,1,,2025-09-09,2026-03-25 16:55:50,28,286,1109,10.357142857142858,37.464285714285715,2.8049464999755105,17,1,0,0.0,1.5925925925925926,1.092906420717,3.0,1,9,37,0
180,9,3,72,2,3,2,,2025-09-10,2026-03-25 16:55:50,28,286,1109,10.357142857142858,37.464285714285715,2.8049464999755105,17,2,1,3.6,1.0,0.0,1.0,2,9,37,1
181,9,3,72,4,4,1,,2025-09-11,2026-03-25 16:55:50,28,286,1109,10.357142857142858,37.464285714285715,2.8049464999755105,17,3,3,10.7,1.5,0.7071067811865476,1.5,3,9,37,2
182,9,3,72,5,5,1,,2025-09-13,2026-03-25 16:55:50,28,286,1109,10.357142857142858,37.464285714285715,2.8049464999755105,17,4,4,14.3,1.3333333333333333,0.5773502691896257,1.3333333333333333,5,9,37,3
183,9,3,72,6,6,1,,2025-09-14,2026-03-25 16:55:50,28,286,1109,10.357142857142858,37.464285714285715,2.8049464999755105,17,5,5,17.9,1.25,0.5,1.25,6,9,37,4
184,9,3,72,7,7,1,,2025-09-16,2026-03-25 16:55:50,28,286,1109,10.357142857142858,37.464285714285715,2.8049464999755105,17,6,6,21.4,1.2,0.4472135954999579,1.2,1,9,38,5
185,9,3,72,8,8,1,,2025-09-18,2026-03-25 16:55:50,28,286,1109,10.357142857142858,37.464285714285715,2.8049464999755105,17,7,7,25.0,1.1666666666666667,0.408248290463863,1.1666666666666667,3,9,38,6
186,9,3,72,9,10,2,,2025-09-19,2026-03-25 16:55:50,28,286,1109,10.357142857142858,37.464285714285715,2.8049464999755105,17,8,8,28.6,1.1428571428571428,0.3779644730092272,1.1428571428571428,4,9,38,7
187,9,3,72,11,11,1,,2025-09-20,2026-03-25 16:55:50,28,286,1109,10.357142857142858,37.464285714285715,2.8049464999755105,17,9,10,35.7,1.25,0.4629100498862757,1.2857142857142858,5,9,38,8
188,9,3,72,12,12,1,,2025-09-21,2026-03-25 16:55:50,28,286,1109,10.357142857142858,37.464285714285715,2.8049464999755105,17,10,11,39.3,1.2222222222222223,0.44095855184409843,1.1428571428571428,6,9,38,9
189,9,3,72,13,13,1,,2025-09-22,2026-03-25 16:55:50,28,286,1109,10.357142857142858,37.464285714285715,2.8049464999755105,17,11,12,42.9,1.2,0.4216370213557839,1.1428571428571428,0,9,39,10
190,9,3,72,14,14,1,,2025-09-23,2026-03-25 16:55:50,28,286,1109,10.357142857142858,37.464285714285715,2.8049464999755105,17,12,13,46.4,1.1818181818181819,0.40451991747794525,1.1428571428571428,1,9,39,11
191,9,3,72,15,15,1,,2025-09-24,2026-03-25 16:55:50,28,286,1109,10.357142857142858,37.464285714285715,2.8049464999755105,17,13,14,50.0,1.1666666666666667,0.3892494720807615,1.1428571428571428,2,9,39,12
192,9,3,72,16,16,1,,2025-09-25,2026-03-25 16:55:50,28,286,1109,10.357142857142858,37.464285714285715,2.8049464999755105,17,14,15,53.6,1.1538461538461537,0.3755338080994054,1.1428571428571428,3,9,39,13
193,9,3,72,17,17,1,,2025-09-26,2026-03-25 16:55:50,28,286,1109,10.357142857142858,37.464285714285715,2.8049464999755105,17,15,16,57.1,1.1428571428571428,0.3631365196012815,1.1428571428571428,4,9,39,14
194,9,3,72,18,18,1,,2025-09-27,2026-03-25 16:55:50,28,286,1109,10.357142857142858,37.464285714285715,2.8049464999755105,17,16,17,60.7,1.1333333333333333,0.35186577527449847,1.0,5,9,39,15
195,9,3,72,19,20,2,,2025-09-28,2026-03-25 16:55:50,28,286,1109,10.357142857142858,37.464285714285715,2.8049464999755105,17,17,18,64.3,1.125,0.3415650255319867,1.0,6,9,39,16
196,9,3,72,21,21,1,,2025-09-29,2026-03-25 16:55:50,28,286,1109,10.357142857142858,37.464285714285715,2.8049464999755105,17,18,20,71.4,1.1764705882352942,0.3929526239966879,1.1428571428571428,0,9,40,17
197,9,3,72,22,22,1,,2025-10-04,2026-03-25 16:55:50,28,286,1109,10.357142857142858,37.464285714285715,2.8049464999755105,17,19,21,75.0,1.1666666666666667,0.3834824944236852,1.1428571428571428,5,10,40,18
198,9,3,72,23,23,1,,2025-10-07,2026-03-25 16:55:50,28,286,1109,10.357142857142858,37.464285714285715,2.8049464999755105,17,20,22,78.6,1.1578947368421053,0.3746343246326776,1.1428571428571428,1,10,41,19
199,9,3,72,24,24,1,,2025-10-08,2026-03-25 16:55:50,28,286,1109,10.357142857142858,37.464285714285715,2.8049464999755105,17,21,23,82.1,1.15,0.36634754853252327,1.1428571428571428,2,10,41,20
200,9,3,72,25,25,1,,2025-10-09,2026-03-25 16:55:50,28,286,1109,10.357142857142858,37.464285714285715,2.8049464999755105,17,22,24,85.7,1.1428571428571428,0.3585685828003181,1.1428571428571428,3,10,41,21
201,9,3,72,26,26,1,,2025-10-10,2026-03-25 16:55:50,28,286,1109,10.357142857142858,37.464285714285715,2.8049464999755105,17,23,25,89.3,1.1363636363636365,0.35125008665710444,1.1428571428571428,4,10,41,22
202,9,3,72,27,27,1,,2025-10-12,2026-03-25 16:55:50,28,286,1109,10.357142857142858,37.464285714285715,2.8049464999755105,17,24,26,92.9,1.1304347826086956,0.344350221575091,1.1428571428571428,6,10,41,23
203,9,3,72,28,28,1,,2025-10-13,2026-03-25 16:55:50,28,286,1109,10.357142857142858,37.464285714285715,2.8049464999755105,17,25,27,96.4,1.125,0.33783196234608814,1.0,0,10,42,24
204,9,4,71,1,1,1,,2025-10-14,2026-03-25 16:55:50,28,227,965,8.321428571428571,32.32142857142857,4.447667482146797,18,1,0,0.0,1.12,0.33166247903554,1.0,1,10,42,25
205,9,4,71,2,2,1,,2025-10-15,2026-03-25 16:55:50,28,227,965,8.321428571428571,32.32142857142857,4.447667482146797,18,2,1,3.6,1.1153846153846154,0.32581259360842113,1.0,2,10,42,26
206,9,4,71,3,3,1,,2025-10-16,2026-03-25 16:55:50,28,227,965,8.321428571428571,32.32142857142857,4.447667482146797,18,3,2,7.1,1.1111111111111112,0.3202563076101743,1.0,3,10,42,27
207,9,4,71,4,5,2,,2025-10-17,2026-03-25 16:55:50,28,227,965,8.321428571428571,32.32142857142857,4.447667482146797,18,4,3,10.7,1.1071428571428572,0.31497039417435607,1.0,4,10,42,28
208,9,4,71,6,7,2,,2025-10-18,2026-03-25 16:55:50,28,227,965,8.321428571428571,32.32142857142857,4.447667482146797,18,5,5,17.9,1.1379310344827587,0.3509312031717982,1.1428571428571428,5,10,42,29
209,9,4,71,8,9,2,,2025-10-19,2026-03-25 16:55:50,28,227,965,8.321428571428571,32.32142857142857,4.447667482146797,18,6,7,25.0,1.1666666666666667,0.3790490217894517,1.2857142857142858,6,10,42,30
210,9,4,71,10,12,3,,2025-10-21,2026-03-25 16:55:50,28,227,965,8.321428571428571,32.32142857142857,4.447667482146797,18,7,9,32.1,1.1935483870967742,0.4016096644512494,1.4285714285714286,1,10,43,31
211,9,4,71,13,14,2,,2025-10-22,2026-03-25 16:55:50,28,227,965,8.321428571428571,32.32142857142857,4.447667482146797,18,8,12,42.9,1.25,0.5080005080007619,1.7142857142857142,2,10,43,32
212,9,4,71,15,16,2,,2025-10-23,2026-03-25 16:55:50,28,227,965,8.321428571428571,32.32142857142857,4.447667482146797,18,9,14,50.0,1.2727272727272727,0.5167644091319124,1.8571428571428572,3,10,43,33
213,9,4,71,17,18,2,,2025-10-24,2026-03-25 16:55:50,28,227,965,8.321428571428571,32.32142857142857,4.447667482146797,18,10,16,57.1,1.2941176470588236,0.5239368319955837,2.0,4,10,43,34
214,9,4,71,19,20,2,,2025-10-25,2026-03-25 16:55:50,28,227,965,8.321428571428571,32.32142857142857,4.447667482146797,18,11,18,64.3,1.3142857142857143,0.5297851157852238,2.142857142857143,5,10,43,35
215,9,4,71,21,21,1,,2025-10-26,2026-03-25 16:55:50,28,227,965,8.321428571428571,32.32142857142857,4.447667482146797,18,12,20,71.4,1.3333333333333333,0.5345224838248487,2.142857142857143,6,10,43,36
216,9,4,71,22,23,2,,2025-10-27,2026-03-25 16:55:50,28,227,965,8.321428571428571,32.32142857142857,4.447667482146797,18,13,21,75.0,1.3243243243243243,0.5298875171022438,2.0,0,10,44,37
217,9,4,71,24,24,1,,2025-10-29,2026-03-25 16:55:50,28,227,965,8.321428571428571,32.32142857142857,4.447667482146797,18,14,23,82.1,1.3421052631578947,0.5340470568128518,2.0,2,10,44,38
218,9,4,71,25,25,1,,2025-10-30,2026-03-25 16:55:50,28,227,965,8.321428571428571,32.32142857142857,4.447667482146797,18,15,24,85.7,1.3333333333333333,0.5298129428260174,1.7142857142857142,3,10,44,39
219,9,4,71,26,26,1,,2025-11-01,2026-03-25 16:55:50,28,227,965,8.321428571428571,32.32142857142857,4.447667482146797,18,16,25,89.3,1.325,0.5256253906367645,1.5714285714285714,5,11,44,40
220,9,4,71,27,27,1,,2025-11-02,2026-03-25 16:55:50,28,227,965,8.321428571428571,32.32142857142857,4.447667482146797,18,17,26,92.9,1.3170731707317074,0.5214894241614062,1.4285714285714286,6,11,44,41
221,9,4,71,28,28,1,,2025-11-03,2026-03-25 16:55:50,28,227,965,8.321428571428571,32.32142857142857,4.447667482146797,18,18,27,96.4,1.3095238095238095,0.5174088932690605,1.2857142857142858,0,11,45,42
222,9,3,102,1,1,1,,2025-11-09,2026-03-25 16:55:50,8,28,123,4.0,15.625,1.3093073414159542,6,1,0,0.0,1.302325581395349,0.5133866880557658,1.1428571428571428,6,11,45,43
223,9,3,102,2,4,3,,2025-11-12,2026-03-25 16:55:50,8,28,123,4.0,15.625,1.3093073414159542,6,2,1,12.5,1.2954545454545454,0.5094249130852176,1.1428571428571428,2,11,46,44
224,9,3,102,5,5,1,,2025-11-13,2026-03-25 16:55:50,8,28,123,4.0,15.625,1.3093073414159542,6,3,4,50.0,1.3333333333333333,0.5640760748177661,1.2857142857142858,3,11,46,45
225,9,3,102,6,8,3,,2025-11-18,2026-03-25 16:55:50,8,28,123,4.0,15.625,1.3093073414159542,6,4,5,62.5,1.326086956521739,0.5599344337047947,1.2857142857142858,1,11,47,46
226,10,4,71,1,3,3,,2025-09-10,2026-03-25 16:55:50,28,227,965,8.321428571428571,32.32142857142857,4.447667482146797,18,1,0,0.0,1.3617021276595744,0.6052499273528185,3.0,2,9,37,0
227,10,4,71,4,4,1,,2025-09-12,2026-03-25 16:55:50,28,227,965,8.321428571428571,32.32142857142857,4.447667482146797,18,2,3,10.7,3.0,0.0,3.0,4,9,37,1
228,10,4,71,5,5,1,,2025-09-15,2026-03-25 16:55:50,28,227,965,8.321428571428571,32.32142857142857,4.447667482146797,18,3,4,14.3,2.0,1.4142135623730951,2.0,0,9,38,2
229,10,4,71,6,6,1,,2025-09-16,2026-03-25 16:55:50,28,227,965,8.321428571428571,32.32142857142857,4.447667482146797,18,4,5,17.9,1.6666666666666667,1.1547005383792517,1.6666666666666667,1,9,38,3
230,10,4,71,7,8,2,,2025-09-17,2026-03-25 16:55:50,28,227,965,8.321428571428571,32.32142857142857,4.447667482146797,18,5,6,21.4,1.5,1.0,1.5,2,9,38,4
231,10,4,71,9,9,1,,2025-09-19,2026-03-25 16:55:50,28,227,965,8.321428571428571,32.32142857142857,4.447667482146797,18,6,8,28.6,1.6,0.8944271909999159,1.6,4,9,38,5
232,10,4,71,10,10,1,,2025-09-21,2026-03-25 16:55:50,28,227,965,8.321428571428571,32.32142857142857,4.447667482146797,18,7,9,32.1,1.5,0.8366600265340756,1.5,6,9,38,6
233,10,4,71,11,12,2,,2025-09-22,2026-03-25 16:55:50,28,227,965,8.321428571428571,32.32142857142857,4.447667482146797,18,8,10,35.7,1.4285714285714286,0.7867957924694432,1.4285714285714286,0,9,39,7
234,10,4,71,13,14,2,,2025-09-23,2026-03-25 16:55:50,28,227,965,8.321428571428571,32.32142857142857,4.447667482146797,18,9,12,42.9,1.5,0.7559289460184544,1.2857142857142858,1,9,39,8
235,10,4,71,15,17,3,,2025-09-24,2026-03-25 16:55:50,28,227,965,8.321428571428571,32.32142857142857,4.447667482146797,18,10,14,50.0,1.5555555555555556,0.7264831572567789,1.4285714285714286,2,9,39,9
236,10,4,71,18,19,2,,2025-09-25,2026-03-25 16:55:50,28,227,965,8.321428571428571,32.32142857142857,4.447667482146797,18,11,17,60.7,1.7,0.8232726023485646,1.7142857142857142,3,9,39,10
237,10,4,71,20,20,1,,2025-09-26,2026-03-25 16:55:50,28,227,965,8.321428571428571,32.32142857142857,4.447667482146797,18,12,19,67.9,1.7272727272727273,0.7862453931068966,1.8571428571428572,4,9,39,11
238,10,4,71,21,21,1,,2025-09-27,2026-03-25 16:55:50,28,227,965,8.321428571428571,32.32142857142857,4.447667482146797,18,13,20,71.4,1.6666666666666667,0.7784989441615231,1.7142857142857142,5,9,39,12
239,10,4,71,22,22,1,,2025-09-28,2026-03-25 16:55:50,28,227,965,8.321428571428571,32.32142857142857,4.447667482146797,18,14,21,75.0,1.6153846153846154,0.7679476477883046,1.7142857142857142,6,9,39,13
240,10,4,71,23,24,2,,2025-09-30,2026-03-25 16:55:50,28,227,965,8.321428571428571,32.32142857142857,4.447667482146797,18,15,22,78.6,1.5714285714285714,0.7559289460184545,1.7142857142857142,1,9,40,14
241,10,4,71,25,25,1,,2025-10-01,2026-03-25 16:55:50,28,227,965,8.321428571428571,32.32142857142857,4.447667482146797,18,16,24,85.7,1.6,0.7367883976130073,1.7142857142857142,2,10,40,15
242,10,4,71,26,26,1,,2025-10-02,2026-03-25 16:55:50,28,227,965,8.321428571428571,32.32142857142857,4.447667482146797,18,17,25,89.3,1.5625,0.7274384280931732,1.5714285714285714,3,10,40,16
243,10,4,71,27,28,2,,2025-10-04,2026-03-25 16:55:50,28,227,965,8.321428571428571,32.32142857142857,4.447667482146797,18,18,26,92.9,1.5294117647058822,0.7174300539794394,1.2857142857142858,5,10,40,17
244,10,4,94,1,5,5,,2025-10-07,2026-03-25 16:55:50,8,27,102,3.875,13.75,1.7268882005337975,8,1,0,0.0,1.5555555555555556,0.7047921864945659,1.2857142857142858,1,10,41,18
245,10,4,94,6,7,2,,2025-10-08,2026-03-25 16:55:50,8,27,102,3.875,13.75,1.7268882005337975,8,2,5,62.5,1.736842105263158,1.0457376590053493,1.8571428571428572,2,10,41,19
246,10,4,94,8,8,1,,2025-10-09,2026-03-25 16:55:50,8,27,102,3.875,13.75,1.7268882005337975,8,3,7,87.5,1.75,1.0195458225163432,2.0,3,10,41,20
247,10,3,76,1,1,1,,2025-10-14,2026-03-25 16:55:50,31,243,1087,8.064516129032258,32.483870967741936,2.4349604222788748,15,1,0,0.0,1.7142857142857142,1.0071175275436897,2.0,1,10,42,21
248,10,3,76,2,2,1,,2025-10-15,2026-03-25 16:55:50,31,243,1087,8.064516129032258,32.483870967741936,2.4349604222788748,15,2,1,3.2,1.6818181818181819,0.9945740239808645,1.8571428571428572,2,10,42,22
249,10,3,76,3,4,2,,2025-10-17,2026-03-25 16:55:50,31,243,1087,8.064516129032258,32.483870967741936,2.4349604222788748,15,3,2,6.5,1.6521739130434783,0.982052380207062,1.8571428571428572,4,10,42,23
250,10,3,76,5,6,2,,2025-10-18,2026-03-25 16:55:50,31,243,1087,8.064516129032258,32.483870967741936,2.4349604222788748,15,4,4,12.9,1.6666666666666667,0.9630868246861537,2.0,5,10,42,24
251,10,3,76,7,7,1,,2025-10-19,2026-03-25 16:55:50,31,243,1087,8.064516129032258,32.483870967741936,2.4349604222788748,15,5,6,19.4,1.68,0.9451631252505217,2.0,6,10,42,25
252,10,3,76,8,9,2,,2025-10-20,2026-03-25 16:55:50,31,243,1087,8.064516129032258,32.483870967741936,2.4349604222788748,15,6,7,22.6,1.6538461538461537,0.9356199096773301,1.4285714285714286,0,10,43,26
253,10,3,76,10,12,3,,2025-10-23,2026-03-25 16:55:50,31,243,1087,8.064516129032258,32.483870967741936,2.4349604222788748,15,7,9,29.0,1.6666666666666667,0.9198662110077999,1.4285714285714286,3,10,43,27
254,10,3,76,13,14,2,,2025-10-25,2026-03-25 16:55:50,31,243,1087,8.064516129032258,32.483870967741936,2.4349604222788748,15,8,12,38.7,1.7142857142857142,0.9371802805793976,1.7142857142857142,5,10,43,28
255,10,3,76,15,15,1,,2025-10-26,2026-03-25 16:55:50,31,243,1087,8.064516129032258,32.483870967741936,2.4349604222788748,15,9,14,45.2,1.7241379310344827,0.9218208581830208,1.8571428571428572,6,10,43,29
256,10,3,76,16,16,1,,2025-10-27,2026-03-25 16:55:50,31,243,1087,8.064516129032258,32.483870967741936,2.4349604222788748,15,10,15,48.4,1.7,0.9153857298880941,1.8571428571428572,0,10,44,30
257,10,3,76,17,19,3,,2025-10-29,2026-03-25 16:55:50,31,243,1087,8.064516129032258,32.483870967741936,2.4349604222788748,15,11,16,51.6,1.6774193548387097,0.9087389347953038,1.7142857142857142,2,10,44,31
258,10,3,76,20,21,2,,2025-10-30,2026-03-25 16:55:50,31,243,1087,8.064516129032258,32.483870967741936,2.4349604222788748,15,12,19,61.3,1.71875,0.9240295694193398,1.8571428571428572,3,10,44,32
259,10,3,76,22,23,2,,2025-10-31,2026-03-25 16:55:50,31,243,1087,8.064516129032258,32.483870967741936,2.4349604222788748,15,13,21,67.7,1.7272727272727273,0.9107938595233581,2.0,4,10,44,33
260,10,3,76,24,24,1,,2025-11-01,2026-03-25 16:55:50,31,243,1087,8.064516129032258,32.483870967741936,2.4349604222788748,15,14,23,74.2,1.7352941176470589,0.898106544580817,2.0,5,11,44,34
261,10,3,76,25,25,1,,2025-11-04,2026-03-25 16:55:50,31,243,1087,8.064516129032258,32.483870967741936,2.4349604222788748,15,15,24,77.4,1.7142857142857142,0.8934871726729448,1.7142857142857142,1,11,45,35
262,10,3,76,26,26,1,,2025-11-05,2026-03-25 16:55:50,31,243,1087,8.064516129032258,32.483870967741936,2.4349604222788748,15,16,25,80.6,1.6944444444444444,0.8886408384057869,1.5714285714285714,2,11,45,36
263,10,3,76,27,27,1,,2025-11-06,2026-03-25 16:55:50,31,243,1087,8.064516129032258,32.483870967741936,2.4349604222788748,15,17,26,83.9,1.6756756756756757,0.8836180061433679,1.5714285714285714,3,11,45,37
264,10,3,76,28,28,1,,2025-11-07,2026-03-25 16:55:50,31,243,1087,8.064516129032258,32.483870967741936,2.4349604222788748,15,18,27,87.1,1.6578947368421053,0.8784604404166166,1.5714285714285714,4,11,45,38
265,10,3,76,29,29,1,,2025-11-08,2026-03-25 16:55:50,31,243,1087,8.064516129032258,32.483870967741936,2.4349604222788748,15,19,28,90.3,1.641025641025641,0.873202800559059,1.2857142857142858,5,11,45,39
266,10,3,76,30,30,1,,2025-11-09,2026-03-25 16:55:50,31,243,1087,8.064516129032258,32.483870967741936,2.4349604222788748,15,20,29,93.5,1.625,0.8678739126192977,1.1428571428571428,6,11,45,40
267,10,3,76,31,31,1,,2025-11-10,2026-03-25 16:55:50,31,243,1087,8.064516129032258,32.483870967741936,2.4349604222788748,15,21,30,96.8,1.6097560975609757,0.8624977907359476,1.0,0,11,46,41
268,10,4,101,1,3,3,,2025-11-13,2026-03-25 16:55:50,11,36,160,3.8181818181818183,14.090909090909092,1.2504544628399563,5,1,0,0.0,1.5952380952380953,0.8570944624355865,1.0,3,11,46,42
269,10,4,101,4,7,4,,2025-11-16,2026-03-25 16:55:50,11,36,160,3.8181818181818183,14.090909090909092,1.2504544628399563,5,2,3,27.3,1.627906976744186,0.8735056849367571,1.2857142857142858,6,11,46,43
270,10,4,101,8,11,4,,2025-11-17,2026-03-25 16:55:50,11,36,160,3.8181818181818183,14.090909090909092,1.2504544628399563,5,3,7,63.6,1.6818181818181819,0.9344250134217542,1.7142857142857142,0,11,47,44
271,10,3,88,1,4,4,,2025-11-22,2026-03-25 16:55:50,26,92,382,3.6923076923076925,13.73076923076923,1.4633996246885062,8,1,0,0.0,1.7333333333333334,0.9862693712811288,2.142857142857143,5,11,47,45
272,10,3,88,5,5,1,,2025-11-24,2026-03-25 16:55:50,26,92,382,3.6923076923076925,13.73076923076923,1.4633996246885062,8,2,4,15.4,1.7826086956521738,1.0309228547118112,2.5714285714285716,0,11,48,46
273,10,3,88,6,9,4,,2025-11-26,2026-03-25 16:55:50,26,92,382,3.6923076923076925,13.73076923076923,1.4633996246885062,8,3,5,19.2,1.7659574468085106,1.0260258060456378,2.5714285714285716,2,11,48,47
274,10,3,88,10,13,4,,2025-11-30,2026-03-25 16:55:50,26,92,382,3.6923076923076925,13.73076923076923,1.4633996246885062,8,4,9,34.6,1.8125,1.0650392061507867,3.0,6,11,48,48
275,10,3,88,14,15,2,,2025-12-01,2026-03-25 16:55:50,26,92,382,3.6923076923076925,13.73076923076923,1.4633996246885062,8,5,13,50.0,1.8571428571428572,1.09924216318941,3.4285714285714284,0,12,49,49
276,10,3,88,16,19,4,,2025-12-05,2026-03-25 16:55:50,26,92,382,3.6923076923076925,13.73076923076923,1.4633996246885062,8,6,15,57.7,1.86,1.0881551510024026,3.2857142857142856,4,12,49,50
277,10,3,88,20,22,3,,2025-12-08,2026-03-25 16:55:50,26,92,382,3.6923076923076925,13.73076923076923,1.4633996246885062,8,7,19,73.1,1.9019607843137254,1.1181216742516766,3.2857142857142856,0,12,50,51
278,10,3,88,23,26,4,,2025-12-11,2026-03-25 16:55:50,26,92,382,3.6923076923076925,13.73076923076923,1.4633996246885062,8,8,22,84.6,1.9230769230769231,1.1175279765091086,3.142857142857143,3,12,50,52
279,11,2,87,1,4,4,,2025-09-03,2026-03-25 16:55:50,19,72,296,4.052631578947368,14.368421052631579,1.840099158274005,9,1,0,0.0,1.9622641509433962,1.1429089766391891,3.0,2,9,36,0
280,11,2,87,5,8,4,,2025-09-04,2026-03-25 16:55:50,19,72,296,4.052631578947368,14.368421052631579,1.840099158274005,9,2,4,21.1,4.0,0.0,4.0,3,9,36,1
281,11,2,87,9,11,3,,2025-09-06,2026-03-25 16:55:50,19,72,296,4.052631578947368,14.368421052631579,1.840099158274005,9,3,8,42.1,4.0,0.0,4.0,5,9,36,2
282,11,2,87,12,15,4,,2025-09-07,2026-03-25 16:55:50,19,72,296,4.052631578947368,14.368421052631579,1.840099158274005,9,4,11,57.9,3.6666666666666665,0.5773502691896257,3.6666666666666665,6,9,36,3
283,11,2,87,16,19,4,,2025-09-08,2026-03-25 16:55:50,19,72,296,4.052631578947368,14.368421052631579,1.840099158274005,9,5,15,78.9,3.75,0.49999999999999994,3.75,0,9,37,4
284,11,4,114,1,3,3,,2025-09-11,2026-03-25 16:55:50,6,20,80,4.0,14.166666666666666,2.280350850198276,8,1,0,0.0,3.8,0.4472135954999579,3.8,3,9,37,5
285,11,4,114,4,6,3,,2025-09-12,2026-03-25 16:55:50,6,20,80,4.0,14.166666666666666,2.280350850198276,8,2,3,50.0,3.6666666666666665,0.5163977794943222,3.6666666666666665,4,9,37,6
286,11,4,97,1,1,1,,2025-09-15,2026-03-25 16:55:50,5,30,115,6.8,23.6,2.04939015319192,9,1,0,0.0,3.5714285714285716,0.5345224838248487,3.5714285714285716,0,9,38,7
287,11,4,97,2,2,1,,2025-09-17,2026-03-25 16:55:50,5,30,115,6.8,23.6,2.04939015319192,9,2,1,20.0,3.25,1.0350983390135313,3.142857142857143,2,9,38,8
288,11,4,97,3,5,3,,2025-09-19,2026-03-25 16:55:50,5,30,115,6.8,23.6,2.04939015319192,9,3,2,40.0,3.0,1.224744871391589,2.7142857142857144,4,9,38,9
289,12,4,80,1,2,2,,2025-09-05,2026-03-25 16:55:50,42,133,552,3.261904761904762,12.523809523809524,1.0833445009698666,6,1,0,0.0,3.0,1.1547005383792515,3.0,4,9,36,0
290,12,4,80,3,4,2,,2025-09-06,2026-03-25 16:55:50,42,133,552,3.261904761904762,12.523809523809524,1.0833445009698666,6,2,2,4.8,2.0,0.0,2.0,5,9,36,1
291,12,4,80,5,8,4,,2025-09-07,2026-03-25 16:55:50,42,133,552,3.261904761904762,12.523809523809524,1.0833445009698666,6,3,4,9.5,2.0,0.0,2.0,6,9,36,2
292,12,4,80,9,9,1,,2025-09-08,2026-03-25 16:55:50,42,133,552,3.261904761904762,12.523809523809524,1.0833445009698666,6,4,8,19.0,2.6666666666666665,1.1547005383792517,2.6666666666666665,0,9,37,3
293,12,4,80,10,13,4,,2025-09-09,2026-03-25 16:55:50,42,133,552,3.261904761904762,12.523809523809524,1.0833445009698666,6,5,9,21.4,2.25,1.2583057392117916,2.25,1,9,37,4
294,12,4,80,14,18,5,,2025-09-15,2026-03-25 16:55:50,42,133,552,3.261904761904762,12.523809523809524,1.0833445009698666,6,6,13,31.0,2.6,1.3416407864998738,2.6,0,9,38,5
295,12,4,80,19,23,5,,2025-09-16,2026-03-25 16:55:50,42,133,552,3.261904761904762,12.523809523809524,1.0833445009698666,6,7,18,42.9,3.0,1.5491933384829668,3.0,1,9,38,6
296,12,4,80,24,25,2,,2025-09-17,2026-03-25 16:55:50,42,133,552,3.261904761904762,12.523809523809524,1.0833445009698666,6,8,23,54.8,3.2857142857142856,1.6035674514745464,3.2857142857142856,2,9,38,7
297,12,4,80,26,30,5,,2025-09-19,2026-03-25 16:55:50,42,133,552,3.261904761904762,12.523809523809524,1.0833445009698666,6,9,25,59.5,3.125,1.5526475085202969,3.2857142857142856,4,9,38,8
298,12,4,80,31,33,3,,2025-09-20,2026-03-25 16:55:50,42,133,552,3.261904761904762,12.523809523809524,1.0833445009698666,6,10,30,71.4,3.3333333333333335,1.5811388300841898,3.7142857142857144,5,9,38,9
299,12,4,80,34,37,4,,2025-09-21,2026-03-25 16:55:50,42,133,552,3.261904761904762,12.523809523809524,1.0833445009698666,6,11,33,78.6,3.3,1.4944341180973264,3.5714285714285716,6,9,38,10
300,12,4,80,38,42,5,,2025-09-22,2026-03-25 16:55:50,42,133,552,3.261904761904762,12.523809523809524,1.0833445009698666,6,12,37,88.1,3.3636363636363638,1.433368568981982,4.0,0,9,39,11
301,12,3,92,1,3,3,,2025-09-23,2026-03-25 16:55:50,21,71,314,3.5714285714285716,14.19047619047619,1.468721504282843,7,1,0,0.0,3.5,1.4459976109624424,4.142857142857143,1,9,39,12
302,12,3,92,4,7,4,,2025-09-26,2026-03-25 16:55:50,21,71,314,3.5714285714285716,14.19047619047619,1.468721504282843,7,2,3,14.3,3.4615384615384617,1.3913653136029502,3.857142857142857,4,9,39,13
303,12,3,92,8,10,3,,2025-09-27,2026-03-25 16:55:50,21,71,314,3.5714285714285716,14.19047619047619,1.468721504282843,7,3,7,33.3,3.5,1.3445044840729643,3.7142857142857144,5,9,39,14
304,12,3,92,11,15,5,,2025-09-28,2026-03-25 16:55:50,21,71,314,3.5714285714285716,14.19047619047619,1.468721504282843,7,4,10,47.6,3.466666666666667,1.3020130933435712,3.857142857142857,6,9,39,15
305,12,3,92,16,19,4,,2025-09-29,2026-03-25 16:55:50,21,71,314,3.5714285714285716,14.19047619047619,1.468721504282843,7,5,15,71.4,3.5625,1.3149778198382918,3.857142857142857,0,9,40,16
306,12,3,92,20,21,2,,2025-10-01,2026-03-25 16:55:50,21,71,314,3.5714285714285716,14.19047619047619,1.468721504282843,7,6,19,90.5,3.588235294117647,1.2776356840572631,4.0,2,10,40,17
307,12,4,96,1,5,5,,2025-10-06,2026-03-25 16:55:50,19,72,288,4.052631578947368,14.105263157894736,1.6823820483841194,9,1,0,0.0,3.5,1.2947859237091257,3.7142857142857144,0,10,41,18
308,12,4,96,6,9,4,,2025-10-08,2026-03-25 16:55:50,19,72,288,4.052631578947368,14.105263157894736,1.6823820483841194,9,2,5,26.3,3.5789473684210527,1.304513083861144,3.7142857142857144,2,10,41,19
309,12,4,96,10,12,3,,2025-10-09,2026-03-25 16:55:50,19,72,288,4.052631578947368,14.105263157894736,1.6823820483841194,9,3,9,47.4,3.6,1.2732056517228265,3.857142857142857,3,10,41,20
310,12,4,96,13,15,3,,2025-10-10,2026-03-25 16:55:50,19,72,288,4.052631578947368,14.105263157894736,1.6823820483841194,9,4,12,63.2,3.5714285714285716,1.2478553029669974,3.7142857142857144,4,10,41,21
311,12,4,96,16,19,4,,2025-10-11,2026-03-25 16:55:50,19,72,288,4.052631578947368,14.105263157894736,1.6823820483841194,9,5,15,78.9,3.5454545454545454,1.2238608980744086,3.7142857142857144,5,10,41,22
312,12,2,72,1,2,2,,2025-10-12,2026-03-25 16:55:50,28,286,1109,10.357142857142858,37.464285714285715,2.8049464999755105,17,1,0,0.0,3.5652173913043477,1.1994728750020205,3.5714285714285716,6,10,41,23
313,12,2,72,3,4,2,,2025-10-13,2026-03-25 16:55:50,28,286,1109,10.357142857142858,37.464285714285715,2.8049464999755105,17,2,2,7.1,3.5,1.2158375177486576,3.2857142857142856,0,10,42,24
314,12,2,72,5,6,2,,2025-10-14,2026-03-25 16:55:50,28,286,1109,10.357142857142858,37.464285714285715,2.8049464999755105,17,3,4,14.3,3.44,1.2274635093014648,3.2857142857142856,1,10,42,25
315,12,2,72,7,8,2,,2025-10-19,2026-03-25 16:55:50,28,286,1109,10.357142857142858,37.464285714285715,2.8049464999755105,17,4,6,21.4,3.3846153846153846,1.2353759938390605,2.857142857142857,6,10,42,26
316,12,2,72,9,9,1,,2025-10-20,2026-03-25 16:55:50,28,286,1109,10.357142857142858,37.464285714285715,2.8049464999755105,17,5,8,28.6,3.3333333333333335,1.2403473458920846,2.5714285714285716,0,10,43,27
317,12,2,72,10,11,2,,2025-10-21,2026-03-25 16:55:50,28,286,1109,10.357142857142858,37.464285714285715,2.8049464999755105,17,6,9,32.1,3.25,1.2945755775256715,2.2857142857142856,1,10,43,28
318,12,2,72,12,12,1,,2025-10-22,2026-03-25 16:55:50,28,286,1109,10.357142857142858,37.464285714285715,2.8049464999755105,17,7,11,39.3,3.206896551724138,1.2922657385059222,2.142857142857143,2,10,43,29
319,12,2,72,13,13,1,,2025-10-24,2026-03-25 16:55:50,28,286,1109,10.357142857142858,37.464285714285715,2.8049464999755105,17,8,12,42.9,3.1333333333333333,1.332183412176477,1.7142857142857142,4,10,43,30
320,12,2,72,14,14,1,,2025-10-25,2026-03-25 16:55:50,28,286,1109,10.357142857142858,37.464285714285715,2.8049464999755105,17,9,13,46.4,3.064516129032258,1.3646851620054532,1.5714285714285714,5,10,43,31
321,12,2,72,15,15,1,,2025-10-27,2026-03-25 16:55:50,28,286,1109,10.357142857142858,37.464285714285715,2.8049464999755105,17,10,14,50.0,3.0,1.391216687280505,1.4285714285714286,0,10,44,32
322,12,2,72,16,17,2,,2025-10-28,2026-03-25 16:55:50,28,286,1109,10.357142857142858,37.464285714285715,2.8049464999755105,17,11,15,53.6,2.9393939393939394,1.4128737102841575,1.2857142857142858,1,10,44,33
323,12,2,72,18,18,1,,2025-10-29,2026-03-25 16:55:50,28,286,1109,10.357142857142858,37.464285714285715,2.8049464999755105,17,12,17,60.7,2.911764705882353,1.4005982933456111,1.2857142857142858,2,10,44,34
324,12,2,72,19,20,2,,2025-10-30,2026-03-25 16:55:50,28,286,1109,10.357142857142858,37.464285714285715,2.8049464999755105,17,13,18,64.3,2.857142857142857,1.4171814849709752,1.2857142857142858,3,10,44,35
325,12,2,72,21,21,1,,2025-10-31,2026-03-25 16:55:50,28,286,1109,10.357142857142858,37.464285714285715,2.8049464999755105,17,14,20,71.4,2.8333333333333335,1.4040757000349275,1.2857142857142858,4,10,44,36
326,12,2,72,22,22,1,,2025-11-02,2026-03-25 16:55:50,28,286,1109,10.357142857142858,37.464285714285715,2.8049464999755105,17,15,21,75.0,2.7837837837837838,1.416865380869865,1.2857142857142858,6,11,44,37
327,12,2,72,23,23,1,,2025-11-03,2026-03-25 16:55:50,28,286,1109,10.357142857142858,37.464285714285715,2.8049464999755105,17,16,22,78.6,2.736842105263158,1.42722960758731,1.2857142857142858,0,11,45,38
328,12,2,72,24,24,1,,2025-11-04,2026-03-25 16:55:50,28,286,1109,10.357142857142858,37.464285714285715,2.8049464999755105,17,17,23,82.1,2.6923076923076925,1.4355238573215257,1.2857142857142858,1,11,45,39
329,12,2,72,25,25,1,,2025-11-05,2026-03-25 16:55:50,28,286,1109,10.357142857142858,37.464285714285715,2.8049464999755105,17,18,24,85.7,2.65,1.442042710701448,1.2857142857142858,2,11,45,40
330,12,2,72,26,26,1,,2025-11-06,2026-03-25 16:55:50,28,286,1109,10.357142857142858,37.464285714285715,2.8049464999755105,17,19,25,89.3,2.6097560975609757,1.4470322867940408,1.1428571428571428,3,11,45,41
331,12,2,72,27,27,1,,2025-11-07,2026-03-25 16:55:50,28,286,1109,10.357142857142858,37.464285714285715,2.8049464999755105,17,20,26,92.9,2.5714285714285716,1.4506996990158711,1.1428571428571428,4,11,45,42
332,12,2,72,28,28,1,,2025-11-09,2026-03-25 16:55:50,28,286,1109,10.357142857142858,37.464285714285715,2.8049464999755105,17,21,27,96.4,2.5348837209302326,1.4532203518115065,1.0,6,11,45,43
333,13,4,93,1,7,7,,2025-09-04,2026-03-25 16:55:50,11,40,165,4.0,15.272727272727273,0.7745966692414836,5,1,0,0.0,2.5,1.4547436440031083,3.0,3,9,36,0
334,13,4,93,8,11,4,,2025-09-05,2026-03-25 16:55:50,11,40,165,4.0,15.272727272727273,0.7745966692414836,5,2,7,63.6,7.0,0.0,7.0,4,9,36,1
335,13,3,107,1,7,7,,2025-09-09,2026-03-25 16:55:50,7,25,114,4.285714285714286,15.142857142857142,2.138089935299395,8,1,0,0.0,5.5,2.1213203435596424,5.5,1,9,37,2
336,13,3,113,1,5,5,,2025-09-10,2026-03-25 16:55:50,5,23,73,5.4,17.0,1.5165750888103104,8,1,0,0.0,6.0,1.7320508075688772,6.0,2,9,37,3
337,13,3,87,1,7,7,,2025-09-12,2026-03-25 16:55:50,19,72,296,4.052631578947368,14.368421052631579,1.840099158274005,9,1,0,0.0,5.75,1.5,5.75,4,9,37,4
338,13,3,87,8,16,9,,2025-09-13,2026-03-25 16:55:50,19,72,296,4.052631578947368,14.368421052631579,1.840099158274005,9,2,7,36.8,6.0,1.4142135623730951,6.0,5,9,37,5
339,13,3,87,17,19,3,,2025-09-14,2026-03-25 16:55:50,19,72,296,4.052631578947368,14.368421052631579,1.840099158274005,9,3,16,84.2,6.5,1.760681686165901,6.5,6,9,37,6
340,13,4,102,1,8,8,,2025-09-16,2026-03-25 16:55:50,8,28,123,4.0,15.625,1.3093073414159542,6,1,0,0.0,6.0,2.0816659994661326,6.0,1,9,38,7
341,14,3,80,1,6,6,,2025-09-15,2026-03-25 16:55:50,42,133,552,3.261904761904762,12.523809523809524,1.0833445009698666,6,1,0,0.0,6.25,2.052872551885702,3.0,0,9,38,0
342,14,3,80,7,12,6,,2025-09-16,2026-03-25 16:55:50,42,133,552,3.261904761904762,12.523809523809524,1.0833445009698666,6,2,6,14.3,6.0,0.0,6.0,1,9,38,1
343,14,3,80,13,20,8,,2025-09-18,2026-03-25 16:55:50,42,133,552,3.261904761904762,12.523809523809524,1.0833445009698666,6,3,12,28.6,6.0,0.0,6.0,3,9,38,2
344,14,3,80,21,28,8,,2025-09-19,2026-03-25 16:55:50,42,133,552,3.261904761904762,12.523809523809524,1.0833445009698666,6,4,20,47.6,6.666666666666667,1.1547005383792515,6.666666666666667,4,9,38,3
345,14,3,80,29,33,5,,2025-09-21,2026-03-25 16:55:50,42,133,552,3.261904761904762,12.523809523809524,1.0833445009698666,6,5,28,66.7,7.0,1.1547005383792515,7.0,6,9,38,4
346,14,3,80,34,42,9,,2025-09-22,2026-03-25 16:55:50,42,133,552,3.261904761904762,12.523809523809524,1.0833445009698666,6,6,33,78.6,6.6,1.3416407864998736,6.6,0,9,39,5
347,14,2,98,1,2,2,,2025-09-24,2026-03-25 16:55:50,8,94,404,12.5,46.125,6.347102826149446,22,1,0,0.0,7.0,1.5491933384829668,7.0,2,9,39,6
348,14,2,98,3,4,2,,2025-09-25,2026-03-25 16:55:50,8,94,404,12.5,46.125,6.347102826149446,22,2,2,25.0,6.285714285714286,2.3603873774083297,6.285714285714286,3,9,39,7
349,14,2,98,5,6,2,,2025-09-26,2026-03-25 16:55:50,8,94,404,12.5,46.125,6.347102826149446,22,3,4,50.0,5.75,2.659215781283755,5.714285714285714,4,9,39,8
350,14,2,98,7,8,2,,2025-09-27,2026-03-25 16:55:50,8,94,404,12.5,46.125,6.347102826149446,22,4,6,75.0,5.333333333333333,2.7838821814150108,5.142857142857143,5,9,39,9
351,14,4,74,1,8,8,,2025-09-30,2026-03-25 16:55:50,56,256,1035,4.660714285714286,16.946428571428573,7.4572156288433105,58,1,0,0.0,5.0,2.8284271247461903,4.285714285714286,1,9,40,10
352,14,4,74,9,14,6,,2025-10-01,2026-03-25 16:55:50,56,256,1035,4.660714285714286,16.946428571428573,7.4572156288433105,58,2,8,14.3,5.2727272727272725,2.831639422345617,4.285714285714286,2,10,40,11
353,14,4,74,15,21,7,,2025-10-02,2026-03-25 16:55:50,56,256,1035,4.660714285714286,16.946428571428573,7.4572156288433105,58,3,14,25.0,5.333333333333333,2.7080128015453204,4.428571428571429,3,10,40,12
354,14,4,74,22,28,7,,2025-10-03,2026-03-25 16:55:50,56,256,1035,4.660714285714286,16.946428571428573,7.4572156288433105,58,4,21,37.5,5.461538461538462,2.6336092033362575,4.142857142857143,4,10,40,13
355,14,4,74,29,33,5,,2025-10-04,2026-03-25 16:55:50,56,256,1035,4.660714285714286,16.946428571428573,7.4572156288433105,58,5,28,50.0,5.571428571428571,2.563479777846623,4.857142857142857,5,10,40,14
356,14,4,74,34,37,4,,2025-10-05,2026-03-25 16:55:50,56,256,1035,4.660714285714286,16.946428571428573,7.4572156288433105,58,6,33,58.9,5.533333333333333,2.474633209954462,5.285714285714286,6,10,40,15
357,14,4,74,38,42,5,,2025-10-06,2026-03-25 16:55:50,56,256,1035,4.660714285714286,16.946428571428573,7.4572156288433105,58,7,37,66.1,5.4375,2.4212600025606505,5.571428571428571,0,10,41,16
358,14,4,74,43,49,7,,2025-10-07,2026-03-25 16:55:50,56,256,1035,4.660714285714286,16.946428571428573,7.4572156288433105,58,8,42,75.0,5.411764705882353,2.3467750086398294,6.0,1,10,41,17
359,14,4,74,50,54,5,,2025-10-08,2026-03-25 16:55:50,56,256,1035,4.660714285714286,16.946428571428573,7.4572156288433105,58,9,49,87.5,5.5,2.307277489112375,5.857142857142857,2,10,41,18
360,14,4,74,55,56,2,,2025-10-09,2026-03-25 16:55:50,56,256,1035,4.660714285714286,16.946428571428573,7.4572156288433105,58,10,54,96.4,5.473684210526316,2.24520281322526,5.714285714285714,3,10,41,19
361,14,3,108,1,3,3,,2025-10-12,2026-03-25 16:55:50,3,10,43,4.666666666666667,18.333333333333332,2.081665999466133,7,1,0,0.0,5.3,2.3192557789991715,5.0,6,10,41,20
362,14,4,72,1,3,3,,2025-10-14,2026-03-25 16:55:50,28,286,1109,10.357142857142858,37.464285714285715,2.8049464999755105,17,1,0,0.0,5.190476190476191,2.315578709935113,4.428571428571429,1,10,42,21
363,14,4,72,4,5,2,,2025-10-17,2026-03-25 16:55:50,28,286,1109,10.357142857142858,37.464285714285715,2.8049464999755105,17,2,3,10.7,5.090909090909091,2.307525801518875,4.142857142857143,4,10,42,22
364,14,4,72,6,8,3,,2025-10-18,2026-03-25 16:55:50,28,286,1109,10.357142857142858,37.464285714285715,2.8049464999755105,17,3,5,17.9,4.956521739130435,2.344786496765755,3.857142857142857,5,10,42,23
365,14,4,72,9,11,3,,2025-10-19,2026-03-25 16:55:50,28,286,1109,10.357142857142858,37.464285714285715,2.8049464999755105,17,4,8,28.6,4.875,2.3277625009587135,3.5714285714285716,6,10,42,24
366,14,4,72,12,13,2,,2025-10-20,2026-03-25 16:55:50,28,286,1109,10.357142857142858,37.464285714285715,2.8049464999755105,17,5,11,39.3,4.8,2.309401076758503,3.0,0,10,43,25
367,14,4,72,14,16,3,,2025-10-21,2026-03-25 16:55:50,28,286,1109,10.357142857142858,37.464285714285715,2.8049464999755105,17,6,13,46.4,4.6923076923076925,2.3284197348284223,2.5714285714285716,1,10,43,26
368,14,4,72,17,18,2,,2025-10-22,2026-03-25 16:55:50,28,286,1109,10.357142857142858,37.464285714285715,2.8049464999755105,17,7,16,57.1,4.62962962962963,2.3063148785645726,2.7142857142857144,2,10,43,27
369,14,4,72,19,21,3,,2025-10-24,2026-03-25 16:55:50,28,286,1109,10.357142857142858,37.464285714285715,2.8049464999755105,17,8,18,64.3,4.535714285714286,2.317120544781307,2.5714285714285716,4,10,43,28
370,14,4,72,22,24,3,,2025-10-25,2026-03-25 16:55:50,28,286,1109,10.357142857142858,37.464285714285715,2.8049464999755105,17,9,21,75.0,4.482758620689655,2.293168264575274,2.5714285714285716,5,10,43,29
371,14,4,72,25,27,3,,2025-10-26,2026-03-25 16:55:50,28,286,1109,10.357142857142858,37.464285714285715,2.8049464999755105,17,10,24,85.7,4.433333333333334,2.269487764374084,2.7142857142857144,6,10,43,30
372,14,4,72,28,28,1,,2025-10-27,2026-03-25 16:55:50,28,286,1109,10.357142857142858,37.464285714285715,2.8049464999755105,17,11,27,96.4,4.387096774193548,2.246143648639281,2.7142857142857144,0,10,44,31
373,15,3,84,1,9,9,,2025-09-10,2026-03-25 16:55:50,25,108,445,4.48,16.88,1.7823205847059802,9,1,0,0.0,4.28125,2.2893071920026022,3.0,2,9,37,0
374,15,3,84,10,18,9,,2025-09-12,2026-03-25 16:55:50,25,108,445,4.48,16.88,1.7823205847059802,9,2,9,36.0,9.0,0.0,9.0,4,9,37,1
375,15,3,84,19,25,7,,2025-09-13,2026-03-25 16:55:50,25,108,445,4.48,16.88,1.7823205847059802,9,3,18,72.0,9.0,0.0,9.0,5,9,37,2
376,15,4,93,1,7,7,,2025-09-18,2026-03-25 16:55:50,11,40,165,4.0,15.272727272727273,0.7745966692414836,5,1,0,0.0,8.333333333333334,1.1547005383792517,8.333333333333334,3,9,38,3
377,15,4,93,8,11,4,,2025-09-19,2026-03-25 16:55:50,11,40,165,4.0,15.272727272727273,0.7745966692414836,5,2,7,63.6,8.0,1.1547005383792517,8.0,4,9,38,4
378,15,3,102,1,7,7,,2025-09-24,2026-03-25 16:55:50,8,28,123,4.0,15.625,1.3093073414159542,6,1,0,0.0,7.2,2.04939015319192,7.2,2,9,39,5
379,15,3,102,8,8,1,,2025-09-25,2026-03-25 16:55:50,8,28,123,4.0,15.625,1.3093073414159542,6,2,7,87.5,7.166666666666667,1.8348478592697184,7.166666666666667,3,9,39,6
380,15,4,114,1,6,6,,2025-09-26,2026-03-25 16:55:50,6,20,80,4.0,14.166666666666666,2.280350850198276,8,1,0,0.0,6.285714285714286,2.870208222079931,6.285714285714286,4,9,39,7
381,15,2,100,1,6,6,,2025-09-30,2026-03-25 16:55:50,11,40,169,4.2727272727272725,15.090909090909092,1.6787441193290351,8,1,0,0.0,6.25,2.659215781283755,5.857142857142857,1,9,40,8
382,15,2,100,7,11,5,,2025-10-02,2026-03-25 16:55:50,11,40,169,4.2727272727272725,15.090909090909092,1.6787441193290351,8,2,6,54.5,6.222222222222222,2.488864087178013,5.428571428571429,3,10,40,9
383,16,3,86,1,5,5,,2025-09-15,2026-03-25 16:55:50,17,61,254,3.823529411764706,14.294117647058824,1.2862393885688166,6,1,0,0.0,6.1,2.378141197564929,3.0,0,9,38,0
384,16,3,86,6,12,7,,2025-09-16,2026-03-25 16:55:50,17,61,254,3.823529411764706,14.294117647058824,1.2862393885688166,6,2,5,29.4,5.0,0.0,5.0,1,9,38,1
385,16,3,86,13,17,5,,2025-09-17,2026-03-25 16:55:50,17,61,254,3.823529411764706,14.294117647058824,1.2862393885688166,6,3,12,70.6,6.0,1.4142135623730951,6.0,2,9,38,2
386,16,4,77,1,6,6,,2025-09-20,2026-03-25 16:55:50,50,181,841,3.84,15.16,1.3149066856004403,8,1,0,0.0,5.666666666666667,1.1547005383792517,5.666666666666667,5,9,38,3
387,16,4,77,7,12,6,,2025-09-21,2026-03-25 16:55:50,50,181,841,3.84,15.16,1.3149066856004403,8,2,6,12.0,5.75,0.9574271077563381,5.75,6,9,38,4
388,16,4,77,13,23,11,,2025-09-23,2026-03-25 16:55:50,50,181,841,3.84,15.16,1.3149066856004403,8,3,12,24.0,5.8,0.8366600265340756,5.8,1,9,39,5
389,16,4,77,24,32,9,,2025-09-24,2026-03-25 16:55:50,50,181,841,3.84,15.16,1.3149066856004403,8,4,23,46.0,6.666666666666667,2.250925735484551,6.666666666666667,2,9,39,6
390,16,4,77,33,39,7,,2025-09-26,2026-03-25 16:55:50,50,181,841,3.84,15.16,1.3149066856004403,8,5,32,64.0,7.0,2.23606797749979,7.0,4,9,39,7
391,16,4,77,40,47,8,,2025-09-27,2026-03-25 16:55:50,50,181,841,3.84,15.16,1.3149066856004403,8,6,39,78.0,7.0,2.0701966780270626,7.285714285714286,5,9,39,8
392,16,4,77,48,50,3,,2025-09-28,2026-03-25 16:55:50,50,181,841,3.84,15.16,1.3149066856004403,8,7,47,94.0,7.111111111111111,1.9649710204252662,7.428571428571429,6,9,39,9
393,16,3,112,1,4,4,,2025-10-03,2026-03-25 16:55:50,4,15,47,4.75,14.25,2.5,8,1,0,0.0,6.7,2.263232692902394,7.142857142857143,4,10,40,10
394,17,4,108,1,3,3,,2025-09-15,2026-03-25 16:55:50,3,10,43,4.666666666666667,18.333333333333332,2.081665999466133,7,1,0,0.0,6.454545454545454,2.2962419891481978,3.0,0,9,38,0
395,17,4,79,1,9,9,,2025-09-16,2026-03-25 16:55:50,46,179,785,4.065217391304348,16.065217391304348,1.6786525537273236,9,1,0,0.0,3.0,0.0,3.0,1,9,38,1
396,17,4,79,10,14,5,,2025-09-17,2026-03-25 16:55:50,46,179,785,4.065217391304348,16.065217391304348,1.6786525537273236,9,2,9,19.6,6.0,4.242640687119285,6.0,2,9,38,2
397,17,4,79,15,20,6,,2025-09-19,2026-03-25 16:55:50,46,179,785,4.065217391304348,16.065217391304348,1.6786525537273236,9,3,14,30.4,5.666666666666667,3.0550504633038935,5.666666666666667,4,9,38,3
398,17,4,79,21,27,7,,2025-09-20,2026-03-25 16:55:50,46,179,785,4.065217391304348,16.065217391304348,1.6786525537273236,9,4,20,43.5,5.75,2.5,5.75,5,9,38,4
399,17,4,79,28,34,7,,2025-09-22,2026-03-25 16:55:50,46,179,785,4.065217391304348,16.065217391304348,1.6786525537273236,9,5,27,58.7,6.0,2.23606797749979,6.0,0,9,39,5
400,17,4,79,35,43,9,,2025-09-23,2026-03-25 16:55:50,46,179,785,4.065217391304348,16.065217391304348,1.6786525537273236,9,6,34,73.9,6.166666666666667,2.0412414523193148,6.166666666666667,1,9,39,6
401,17,4,79,44,46,3,,2025-09-24,2026-03-25 16:55:50,46,179,785,4.065217391304348,16.065217391304348,1.6786525537273236,9,7,43,93.5,6.571428571428571,2.1491969707422394,6.571428571428571,2,9,39,7
402,17,4,55,1,7,7,,2025-09-29,2026-03-25 16:55:50,78,352,1647,4.628205128205129,19.743589743589745,2.180843244269807,17,1,0,0.0,6.125,2.356601669474803,6.571428571428571,0,9,40,8
403,17,4,55,8,15,8,,2025-09-30,2026-03-25 16:55:50,78,352,1647,4.628205128205129,19.743589743589745,2.180843244269807,17,2,7,9.0,6.222222222222222,2.223610677354389,6.285714285714286,1,9,40,9
404,17,4,55,16,22,7,,2025-10-01,2026-03-25 16:55:50,78,352,1647,4.628205128205129,19.743589743589745,2.180843244269807,17,3,15,19.2,6.4,2.1705094128132942,6.714285714285714,2,10,40,10
405,17,4,55,23,30,8,,2025-10-03,2026-03-25 16:55:50,78,352,1647,4.628205128205129,19.743589743589745,2.180843244269807,17,4,22,28.2,6.454545454545454,2.0670576365276494,6.857142857142857,4,10,40,11
406,17,4,55,31,37,7,,2025-10-04,2026-03-25 16:55:50,78,352,1647,4.628205128205129,19.743589743589745,2.180843244269807,17,5,30,38.5,6.583333333333333,2.0207259421636903,7.0,5,10,40,12
407,17,4,55,38,41,4,,2025-10-05,2026-03-25 16:55:50,78,352,1647,4.628205128205129,19.743589743589745,2.180843244269807,17,6,37,47.4,6.615384615384615,1.938146087479026,7.0,6,10,40,13
408,17,4,55,42,48,7,,2025-10-06,2026-03-25 16:55:50,78,352,1647,4.628205128205129,19.743589743589745,2.180843244269807,17,7,41,52.6,6.428571428571429,1.9889806323953876,6.285714285714286,0,10,41,14
409,17,4,55,49,55,7,,2025-10-07,2026-03-25 16:55:50,78,352,1647,4.628205128205129,19.743589743589745,2.180843244269807,17,8,48,61.5,6.466666666666667,1.9223002094465098,6.857142857142857,1,10,41,15
410,17,4,55,56,60,5,,2025-10-09,2026-03-25 16:55:50,78,352,1647,4.628205128205129,19.743589743589745,2.180843244269807,17,9,55,70.5,6.5,1.8618986725025255,6.857142857142857,3,10,41,16
411,17,4,55,61,69,9,,2025-10-10,2026-03-25 16:55:50,78,352,1647,4.628205128205129,19.743589743589745,2.180843244269807,17,10,60,76.9,6.411764705882353,1.8391174353957038,6.428571428571429,4,10,41,17
412,17,4,55,70,73,4,,2025-10-12,2026-03-25 16:55:50,78,352,1647,4.628205128205129,19.743589743589745,2.180843244269807,17,11,69,88.5,6.555555555555555,1.8856180831641265,6.714285714285714,6,10,41,18
413,17,4,55,74,77,4,,2025-10-14,2026-03-25 16:55:50,78,352,1647,4.628205128205129,19.743589743589745,2.180843244269807,17,12,73,93.6,6.421052631578948,1.9239943830388155,6.142857142857143,1,10,42,19
414,17,4,55,78,78,1,,2025-10-15,2026-03-25 16:55:50,78,352,1647,4.628205128205129,19.743589743589745,2.180843244269807,17,13,77,98.7,6.3,1.949358868961793,5.714285714285714,2,10,42,20
415,18,2,1,1,6,6,,2025-09-06,2026-03-25 16:55:50,7,29,143,4.428571428571429,16.428571428571427,2.5727509827124,10,1,0,0.0,6.0476190476190474,2.224324402513952,3.0,5,9,36,0
416,18,2,1,7,7,1,,2025-09-07,2026-03-25 16:55:50,7,29,143,4.428571428571429,16.428571428571427,2.5727509827124,10,2,6,85.7,6.0,0.0,6.0,6,9,36,1
417,18,4,91,1,9,9,,2025-09-09,2026-03-25 16:55:50,15,54,253,3.8666666666666667,16.933333333333334,1.505545305418162,7,1,0,0.0,3.5,3.5355339059327378,3.5,1,9,37,2
418,18,4,91,10,15,6,,2025-09-11,2026-03-25 16:55:50,15,54,253,3.8666666666666667,16.933333333333334,1.505545305418162,7,2,9,60.0,5.333333333333333,4.041451884327381,5.333333333333333,3,9,37,3
419,18,3,92,1,8,8,,2025-09-12,2026-03-25 16:55:50,21,71,314,3.5714285714285716,14.19047619047619,1.468721504282843,7,1,0,0.0,5.5,3.3166247903554003,5.5,4,9,37,4
420,18,3,92,9,14,6,,2025-09-13,2026-03-25 16:55:50,21,71,314,3.5714285714285716,14.19047619047619,1.468721504282843,7,2,8,38.1,6.0,3.0822070014844885,6.0,5,9,37,5
421,18,3,92,15,21,7,,2025-09-16,2026-03-25 16:55:50,21,71,314,3.5714285714285716,14.19047619047619,1.468721504282843,7,3,14,66.7,6.0,2.7568097504180447,6.0,1,9,38,6
422,19,3,106,1,4,4,,2025-09-02,2026-03-25 16:55:50,4,17,77,5.25,21.0,1.5,7,1,0,0.0,6.142857142857143,2.5448360411214073,3.0,1,9,36,0
423,19,3,76,1,2,2,,2025-09-07,2026-03-25 16:55:50,31,243,1087,8.064516129032258,32.483870967741936,2.4349604222788748,15,1,0,0.0,4.0,0.0,4.0,6,9,36,1
424,19,3,76,3,7,5,,2025-09-09,2026-03-25 16:55:50,31,243,1087,8.064516129032258,32.483870967741936,2.4349604222788748,15,2,2,6.5,3.0,1.4142135623730951,3.0,1,9,37,2
425,19,3,76,8,10,3,,2025-09-10,2026-03-25 16:55:50,31,243,1087,8.064516129032258,32.483870967741936,2.4349604222788748,15,3,7,22.6,3.6666666666666665,1.5275252316519468,3.6666666666666665,2,9,37,3
426,19,3,76,11,15,5,,2025-09-11,2026-03-25 16:55:50,31,243,1087,8.064516129032258,32.483870967741936,2.4349604222788748,15,4,10,32.3,3.5,1.2909944487358056,3.5,3,9,37,4
427,19,3,76,16,17,2,,2025-09-14,2026-03-25 16:55:50,31,243,1087,8.064516129032258,32.483870967741936,2.4349604222788748,15,5,15,48.4,3.8,1.3038404810405297,3.8,6,9,37,5
428,19,3,76,18,21,4,,2025-09-16,2026-03-25 16:55:50,31,243,1087,8.064516129032258,32.483870967741936,2.4349604222788748,15,6,17,54.8,3.5,1.378404875209022,3.5,1,9,38,6
429,19,3,76,22,25,4,,2025-09-17,2026-03-25 16:55:50,31,243,1087,8.064516129032258,32.483870967741936,2.4349604222788748,15,7,21,67.7,3.5714285714285716,1.2724180205607034,3.5714285714285716,2,9,38,7
430,19,3,76,26,28,3,,2025-09-18,2026-03-25 16:55:50,31,243,1087,8.064516129032258,32.483870967741936,2.4349604222788748,15,8,25,80.6,3.625,1.1877349391654208,3.5714285714285716,3,9,38,8
431,19,3,76,29,30,2,,2025-09-20,2026-03-25 16:55:50,31,243,1087,8.064516129032258,32.483870967741936,2.4349604222788748,15,9,28,90.3,3.5555555555555554,1.130388330520878,3.7142857142857144,5,9,38,9
432,19,3,76,31,31,1,,2025-09-21,2026-03-25 16:55:50,31,243,1087,8.064516129032258,32.483870967741936,2.4349604222788748,15,10,30,96.8,3.4,1.1737877907772671,3.2857142857142856,6,9,38,10
433,19,3,101,1,9,9,,2025-09-25,2026-03-25 16:55:50,11,36,160,3.8181818181818183,14.090909090909092,1.2504544628399563,5,1,0,0.0,3.1818181818181817,1.3280197150781923,3.0,3,9,39,11
434,19,3,101,10,11,2,,2025-09-26,2026-03-25 16:55:50,11,36,160,3.8181818181818183,14.090909090909092,1.2504544628399563,5,2,9,81.8,3.6666666666666665,2.1033883198882757,3.5714285714285716,4,9,39,12
435,19,3,110,1,3,3,,2025-09-29,2026-03-25 16:55:50,3,19,80,7.666666666666667,29.0,1.1547005383792517,9,1,0,0.0,3.5384615384615383,2.0662116951635836,3.5714285714285716,0,9,40,13
436,19,2,1,1,7,7,,2025-10-02,2026-03-25 16:55:50,7,29,143,4.428571428571429,16.428571428571427,2.5727509827124,10,1,0,0.0,3.5,1.9903613896824015,3.4285714285714284,3,10,40,14
437,20,4,83,1,7,7,,2025-09-02,2026-03-25 16:55:50,36,169,750,4.833333333333333,19.02777777777778,1.7154757774032086,8,1,0,0.0,3.7333333333333334,2.1201976547572383,3.0,1,9,36,0
438,20,4,83,8,12,5,,2025-09-03,2026-03-25 16:55:50,36,169,750,4.833333333333333,19.02777777777778,1.7154757774032086,8,2,7,19.4,7.0,0.0,7.0,2,9,36,1
439,20,4,83,13,18,6,,2025-09-04,2026-03-25 16:55:50,36,169,750,4.833333333333333,19.02777777777778,1.7154757774032086,8,3,12,33.3,6.0,1.4142135623730951,6.0,3,9,36,2
440,20,4,83,19,26,8,,2025-09-05,2026-03-25 16:55:50,36,169,750,4.833333333333333,19.02777777777778,1.7154757774032086,8,4,18,50.0,6.0,1.0,6.0,4,9,36,3
441,20,4,83,27,31,5,,2025-09-06,2026-03-25 16:55:50,36,169,750,4.833333333333333,19.02777777777778,1.7154757774032086,8,5,26,72.2,6.5,1.2909944487358056,6.5,5,9,36,4
442,20,4,83,32,36,5,,2025-09-07,2026-03-25 16:55:50,36,169,750,4.833333333333333,19.02777777777778,1.7154757774032086,8,6,31,86.1,6.2,1.3038404810405297,6.2,6,9,36,5
443,20,2,105,1,3,3,,2025-09-10,2026-03-25 16:55:50,5,23,97,5.4,20.2,3.2093613071762426,11,1,0,0.0,6.0,1.2649110640673518,6.0,2,9,37,6
444,20,2,105,4,5,2,,2025-09-12,2026-03-25 16:55:50,5,23,97,5.4,20.2,3.2093613071762426,11,2,3,60.0,5.571428571428571,1.618347187425374,5.571428571428571,4,9,37,7
445,21,3,85,1,3,3,,2025-09-04,2026-03-25 16:55:50,22,109,469,5.2272727272727275,19.272727272727273,3.740789554827496,15,1,0,0.0,5.125,1.9594095320493148,3.0,3,9,36,0
446,21,3,85,4,10,7,,2025-09-05,2026-03-25 16:55:50,22,109,469,5.2272727272727275,19.272727272727273,3.740789554827496,15,2,3,13.6,3.0,0.0,3.0,4,9,36,1
447,21,3,85,11,17,7,,2025-09-07,2026-03-25 16:55:50,22,109,469,5.2272727272727275,19.272727272727273,3.740789554827496,15,3,10,45.5,5.0,2.8284271247461903,5.0,6,9,36,2
448,21,3,85,18,22,5,,2025-09-08,2026-03-25 16:55:50,22,109,469,5.2272727272727275,19.272727272727273,3.740789554827496,15,4,17,77.3,5.666666666666667,2.309401076758503,5.666666666666667,0,9,37,3
449,21,2,75,1,8,8,,2025-09-09,2026-03-25 16:55:50,40,164,676,4.225,15.725,1.3865193462176781,8,1,0,0.0,5.5,1.9148542155126762,5.5,1,9,37,4
450,21,2,75,9,12,4,,2025-09-11,2026-03-25 16:55:50,40,164,676,4.225,15.725,1.3865193462176781,8,2,8,20.0,6.0,2.0,6.0,3,9,37,5
451,21,2,75,13,21,9,,2025-09-13,2026-03-25 16:55:50,40,164,676,4.225,15.725,1.3865193462176781,8,3,12,30.0,5.666666666666667,1.9663841605003503,5.666666666666667,5,9,37,6
452,21,2,75,22,30,9,,2025-09-14,2026-03-25 16:55:50,40,164,676,4.225,15.725,1.3865193462176781,8,4,21,52.5,6.142857142857143,2.193062655175134,6.142857142857143,6,9,37,7
453,21,2,75,31,37,7,,2025-09-16,2026-03-25 16:55:50,40,164,676,4.225,15.725,1.3865193462176781,8,5,30,75.0,6.5,2.2677868380553634,7.0,1,9,38,8
454,21,2,75,38,40,3,,2025-09-17,2026-03-25 16:55:50,40,164,676,4.225,15.725,1.3865193462176781,8,6,37,92.5,6.555555555555555,2.1278575558006176,7.0,2,9,38,9
455,21,2,95,1,4,4,,2025-09-19,2026-03-25 16:55:50,8,34,162,4.75,19.5,2.187627547301936,9,1,0,0.0,6.2,2.2997584414213788,6.428571428571429,4,9,38,10
456,21,2,95,5,8,4,,2025-09-20,2026-03-25 16:55:50,8,34,162,4.75,19.5,2.187627547301936,9,2,4,50.0,6.0,2.280350850198276,6.285714285714286,5,9,38,11
457,21,4,114,1,6,6,,2025-09-24,2026-03-25 16:55:50,6,20,80,4.0,14.166666666666666,2.280350850198276,8,1,0,0.0,5.833333333333333,2.2495790852081776,5.714285714285714,2,9,39,12
458,22,3,100,1,8,8,,2025-09-02,2026-03-25 16:55:50,11,40,169,4.2727272727272725,15.090909090909092,1.6787441193290351,8,1,0,0.0,5.846153846153846,2.154303980645638,3.0,1,9,36,0
459,22,3,100,9,11,3,,2025-09-03,2026-03-25 16:55:50,11,40,169,4.2727272727272725,15.090909090909092,1.6787441193290351,8,2,8,72.7,8.0,0.0,8.0,2,9,36,1
460,22,2,105,1,3,3,,2025-09-04,2026-03-25 16:55:50,5,23,97,5.4,20.2,3.2093613071762426,11,1,0,0.0,5.5,3.5355339059327378,5.5,3,9,36,2
461,22,2,105,4,5,2,,2025-09-06,2026-03-25 16:55:50,5,23,97,5.4,20.2,3.2093613071762426,11,2,3,60.0,4.666666666666667,2.886751345948129,4.666666666666667,5,9,36,3
462,23,4,96,1,12,12,,2025-09-08,2026-03-25 16:55:50,19,72,288,4.052631578947368,14.105263157894736,1.6823820483841194,9,1,0,0.0,4.0,2.70801280154532,3.0,0,9,37,0
463,23,4,96,13,19,7,,2025-09-09,2026-03-25 16:55:50,19,72,288,4.052631578947368,14.105263157894736,1.6823820483841194,9,2,12,63.2,12.0,0.0,12.0,1,9,37,1
464,23,4,98,1,5,5,,2025-09-11,2026-03-25 16:55:50,8,94,404,12.5,46.125,6.347102826149446,22,1,0,0.0,9.5,3.5355339059327378,9.5,3,9,37,2
465,23,4,98,6,8,3,,2025-09-12,2026-03-25 16:55:50,8,94,404,12.5,46.125,6.347102826149446,22,2,5,62.5,8.0,3.605551275463989,8.0,4,9,37,3
466,23,4,85,1,14,14,,2025-09-18,2026-03-25 16:55:50,22,109,469,5.2272727272727275,19.272727272727273,3.740789554827496,15,1,0,0.0,6.75,3.8622100754188224,6.75,3,9,38,4
467,23,4,85,15,22,8,,2025-09-19,2026-03-25 16:55:50,22,109,469,5.2272727272727275,19.272727272727273,3.740789554827496,15,2,14,63.6,8.2,4.658325879540847,8.2,4,9,38,5
468,23,3,78,1,13,13,,2025-09-24,2026-03-25 16:55:50,40,174,796,4.6,18.625,3.1525325594609708,16,1,0,0.0,8.166666666666666,4.167333280008532,8.166666666666666,2,9,39,6
469,23,3,78,14,25,12,,2025-09-25,2026-03-25 16:55:50,40,174,796,4.6,18.625,3.1525325594609708,16,2,13,32.5,8.857142857142858,4.220133150686577,8.857142857142858,3,9,39,7
470,23,3,78,26,40,15,,2025-09-27,2026-03-25 16:55:50,40,174,796,4.6,18.625,3.1525325594609708,16,3,25,62.5,9.25,4.06201920231798,8.857142857142858,5,9,39,8
471,24,3,71,1,7,7,,2025-09-04,2026-03-25 16:55:50,28,227,965,8.321428571428571,32.32142857142857,4.447667482146797,18,1,0,0.0,9.88888888888889,4.255715111601235,3.0,3,9,36,0
472,24,3,71,8,14,7,,2025-09-06,2026-03-25 16:55:50,28,227,965,8.321428571428571,32.32142857142857,4.447667482146797,18,2,7,25.0,7.0,0.0,7.0,5,9,36,1
473,24,3,71,15,19,5,,2025-09-07,2026-03-25 16:55:50,28,227,965,8.321428571428571,32.32142857142857,4.447667482146797,18,3,14,50.0,7.0,0.0,7.0,6,9,36,2
474,24,3,71,20,25,6,,2025-09-08,2026-03-25 16:55:50,28,227,965,8.321428571428571,32.32142857142857,4.447667482146797,18,4,19,67.9,6.333333333333333,1.1547005383792515,6.333333333333333,0,9,37,3
475,24,3,71,26,28,3,,2025-09-09,2026-03-25 16:55:50,28,227,965,8.321428571428571,32.32142857142857,4.447667482146797,18,5,25,89.3,6.25,0.957427107756338,6.25,1,9,37,4
476,24,4,101,1,11,11,,2025-09-14,2026-03-25 16:55:50,11,36,160,3.8181818181818183,14.090909090909092,1.2504544628399563,5,1,0,0.0,5.6,1.673320053068151,5.6,6,9,37,5
477,24,3,83,1,16,16,,2025-09-17,2026-03-25 16:55:50,36,169,750,4.833333333333333,19.02777777777778,1.7154757774032086,8,1,0,0.0,6.5,2.6645825188948455,6.5,2,9,38,6
478,24,3,83,17,26,10,,2025-09-18,2026-03-25 16:55:50,36,169,750,4.833333333333333,19.02777777777778,1.7154757774032086,8,2,16,44.4,7.857142857142857,4.336994790119514,7.857142857142857,3,9,38,7
479,24,3,83,27,36,10,,2025-09-19,2026-03-25 16:55:50,36,169,750,4.833333333333333,19.02777777777778,1.7154757774032086,8,3,26,72.2,8.125,4.086126352846736,8.285714285714286,4,9,38,8
480,24,2,105,1,5,5,,2025-09-22,2026-03-25 16:55:50,5,23,97,5.4,20.2,3.2093613071762426,11,1,0,0.0,8.333333333333334,3.8729833462074166,8.714285714285714,0,9,39,9
481,24,2,84,1,15,15,,2025-09-23,2026-03-25 16:55:50,25,108,445,4.48,16.88,1.7823205847059802,9,1,0,0.0,8.0,3.80058475033046,8.714285714285714,1,9,39,10
482,24,2,84,16,25,10,,2025-09-24,2026-03-25 16:55:50,25,108,445,4.48,16.88,1.7823205847059802,9,2,15,60.0,8.636363636363637,4.177863742936748,10.0,2,9,39,11
483,25,4,32,1,4,4,,2025-09-06,2026-03-25 16:55:50,30,372,1563,12.733333333333333,48.06666666666667,4.755637912417533,25,1,0,0.0,8.75,4.002839900961225,3.0,5,9,36,0
484,25,4,32,5,8,4,,2025-09-08,2026-03-25 16:55:50,30,372,1563,12.733333333333333,48.06666666666667,4.755637912417533,25,2,4,13.3,4.0,0.0,4.0,0,9,37,1
485,25,4,32,9,12,4,,2025-09-09,2026-03-25 16:55:50,30,372,1563,12.733333333333333,48.06666666666667,4.755637912417533,25,3,8,26.7,4.0,0.0,4.0,1,9,37,2
486,25,4,32,13,15,3,,2025-09-11,2026-03-25 16:55:50,30,372,1563,12.733333333333333,48.06666666666667,4.755637912417533,25,4,12,40.0,4.0,0.0,4.0,3,9,37,3
487,25,4,32,16,18,3,,2025-09-12,2026-03-25 16:55:50,30,372,1563,12.733333333333333,48.06666666666667,4.755637912417533,25,5,15,50.0,3.75,0.5,3.75,4,9,37,4
488,25,4,32,19,21,3,,2025-09-14,2026-03-25 16:55:50,30,372,1563,12.733333333333333,48.06666666666667,4.755637912417533,25,6,18,60.0,3.6,0.5477225575051662,3.6,6,9,37,5
489,25,4,32,22,27,6,,2025-09-15,2026-03-25 16:55:50,30,372,1563,12.733333333333333,48.06666666666667,4.755637912417533,25,7,21,70.0,3.5,0.5477225575051662,3.5,0,9,38,6
490,25,4,32,28,30,3,,2025-09-17,2026-03-25 16:55:50,30,372,1563,12.733333333333333,48.06666666666667,4.755637912417533,25,8,27,90.0,3.857142857142857,1.0690449676496976,3.857142857142857,2,9,38,7
491,25,4,114,1,6,6,,2025-09-21,2026-03-25 16:55:50,6,20,80,4.0,14.166666666666666,2.280350850198276,8,1,0,0.0,3.75,1.0350983390135313,3.7142857142857144,6,9,38,8
492,25,3,67,1,6,6,,2025-09-22,2026-03-25 16:55:50,30,333,1347,11.3,40.233333333333334,3.302559091329652,19,1,0,0.0,4.0,1.224744871391589,4.0,0,9,39,9
493,25,3,67,7,10,4,,2025-09-23,2026-03-25 16:55:50,30,333,1347,11.3,40.233333333333334,3.302559091329652,19,2,6,20.0,4.2,1.3165611772087666,4.285714285714286,1,9,39,10
494,25,3,67,11,15,5,,2025-09-24,2026-03-25 16:55:50,30,333,1347,11.3,40.233333333333334,3.302559091329652,19,3,10,33.3,4.181818181818182,1.2504544628399563,4.428571428571429,2,9,39,11
495,25,3,67,16,19,4,,2025-09-25,2026-03-25 16:55:50,30,333,1347,11.3,40.233333333333334,3.302559091329652,19,4,15,50.0,4.25,1.2154310870109943,4.714285714285714,3,9,39,12
496,25,3,67,20,25,6,,2025-09-26,2026-03-25 16:55:50,30,333,1347,11.3,40.233333333333334,3.302559091329652,19,5,19,63.3,4.230769230769231,1.1657505560686465,4.857142857142857,4,9,39,13
497,25,3,67,26,29,4,,2025-09-27,2026-03-25 16:55:50,30,333,1347,11.3,40.233333333333334,3.302559091329652,19,6,25,83.3,4.357142857142857,1.2157392722216298,4.857142857142857,5,9,39,14
498,25,3,67,30,30,1,,2025-09-28,2026-03-25 16:55:50,30,333,1347,11.3,40.233333333333334,3.302559091329652,19,7,29,96.7,4.333333333333333,1.1751393027860062,5.0,6,9,39,15
499,25,4,56,1,10,10,,2025-10-03,2026-03-25 16:55:50,96,379,1756,4.052083333333333,16.927083333333332,1.55170393043238,9,1,0,0.0,4.125,1.408308678285174,4.285714285714286,4,10,40,16
500,25,4,56,11,22,12,,2025-10-04,2026-03-25 16:55:50,96,379,1756,4.052083333333333,16.927083333333332,1.55170393043238,9,2,10,10.4,4.470588235294118,1.9722337291388514,4.857142857142857,5,10,40,17
501,25,4,56,23,38,16,,2025-10-05,2026-03-25 16:55:50,96,379,1756,4.052083333333333,16.927083333333332,1.55170393043238,9,3,22,22.9,4.888888888888889,2.6096853289888933,6.0,6,10,40,18
502,25,4,56,39,53,15,,2025-10-06,2026-03-25 16:55:50,96,379,1756,4.052083333333333,16.927083333333332,1.55170393043238,9,4,38,39.6,5.473684210526316,3.5958065244675645,7.571428571428571,0,10,41,19
503,25,4,56,54,65,12,,2025-10-07,2026-03-25 16:55:50,96,379,1756,4.052083333333333,16.927083333333332,1.55170393043238,9,5,53,55.2,5.95,4.097174893174949,9.142857142857142,1,10,41,20
504,25,4,56,66,78,13,,2025-10-08,2026-03-25 16:55:50,96,379,1756,4.052083333333333,16.927083333333332,1.55170393043238,9,6,65,67.7,6.238095238095238,4.20600477775242,10.0,2,10,41,21
505,25,4,56,79,88,10,,2025-10-09,2026-03-25 16:55:50,96,379,1756,4.052083333333333,16.927083333333332,1.55170393043238,9,7,78,81.2,6.545454545454546,4.3504490488232275,11.285714285714286,3,10,41,22
506,25,4,56,89,96,8,,2025-10-10,2026-03-25 16:55:50,96,379,1756,4.052083333333333,16.927083333333332,1.55170393043238,9,8,88,91.7,6.695652173913044,4.3110300668348565,12.571428571428571,4,10,41,23
507,25,2,55,1,13,13,,2025-10-13,2026-03-25 16:55:50,78,352,1647,4.628205128205129,19.743589743589745,2.180843244269807,17,1,0,0.0,6.75,4.224668754702138,12.285714285714286,0,10,42,24
508,25,2,55,14,23,10,,2025-10-14,2026-03-25 16:55:50,78,352,1647,4.628205128205129,19.743589743589745,2.180843244269807,17,2,13,16.7,7.0,4.320493798938573,12.428571428571429,1,10,42,25
509,25,2,55,24,39,16,,2025-10-15,2026-03-25 16:55:50,78,352,1647,4.628205128205129,19.743589743589745,2.180843244269807,17,3,23,29.5,7.115384615384615,4.2738921191524994,11.571428571428571,2,10,42,26
510,25,2,55,40,52,13,,2025-10-16,2026-03-25 16:55:50,78,352,1647,4.628205128205129,19.743589743589745,2.180843244269807,17,4,39,50.0,7.444444444444445,4.526276558848286,11.714285714285714,3,10,42,27
511,25,2,55,53,64,12,,2025-10-17,2026-03-25 16:55:50,78,352,1647,4.628205128205129,19.743589743589745,2.180843244269807,17,5,52,66.7,7.642857142857143,4.564064836380814,11.857142857142858,4,10,42,28
512,25,2,55,65,75,11,,2025-10-19,2026-03-25 16:55:50,78,352,1647,4.628205128205129,19.743589743589745,2.180843244269807,17,6,64,82.1,7.793103448275862,4.554270447650735,11.714285714285714,6,10,42,29
513,25,2,55,76,78,3,,2025-10-20,2026-03-25 16:55:50,78,352,1647,4.628205128205129,19.743589743589745,2.180843244269807,17,7,75,96.2,7.9,4.513199033639152,11.857142857142858,0,10,43,30
514,26,4,36,1,7,7,,2025-09-05,2026-03-25 16:55:50,83,730,3068,8.939759036144578,33.55421686746988,3.4898787371146462,24,1,0,0.0,7.741935483870968,4.523772333908091,3.0,4,9,36,0
515,26,4,36,8,12,5,,2025-09-06,2026-03-25 16:55:50,83,730,3068,8.939759036144578,33.55421686746988,3.4898787371146462,24,2,7,8.4,7.0,0.0,7.0,5,9,36,1
516,26,4,36,13,20,8,,2025-09-07,2026-03-25 16:55:50,83,730,3068,8.939759036144578,33.55421686746988,3.4898787371146462,24,3,12,14.5,6.0,1.4142135623730951,6.0,6,9,36,2
517,26,4,36,21,28,8,,2025-09-08,2026-03-25 16:55:50,83,730,3068,8.939759036144578,33.55421686746988,3.4898787371146462,24,4,20,24.1,6.666666666666667,1.5275252316519465,6.666666666666667,0,9,37,3
518,26,4,36,29,32,4,,2025-09-09,2026-03-25 16:55:50,83,730,3068,8.939759036144578,33.55421686746988,3.4898787371146462,24,5,28,33.7,7.0,1.414213562373095,7.0,1,9,37,4
519,26,4,36,33,38,6,,2025-09-10,2026-03-25 16:55:50,83,730,3068,8.939759036144578,33.55421686746988,3.4898787371146462,24,6,32,38.6,6.4,1.816590212458495,6.4,2,9,37,5
520,26,4,36,39,43,5,,2025-09-11,2026-03-25 16:55:50,83,730,3068,8.939759036144578,33.55421686746988,3.4898787371146462,24,7,38,45.8,6.333333333333333,1.632993161855452,6.333333333333333,3,9,37,6
521,26,4,36,44,47,4,,2025-09-12,2026-03-25 16:55:50,83,730,3068,8.939759036144578,33.55421686746988,3.4898787371146462,24,8,43,51.8,6.142857142857143,1.5735915849388864,6.142857142857143,4,9,37,7
522,26,4,36,48,53,6,,2025-09-13,2026-03-25 16:55:50,83,730,3068,8.939759036144578,33.55421686746988,3.4898787371146462,24,9,47,56.6,5.875,1.6420805617960927,5.714285714285714,5,9,37,8
523,26,4,36,54,59,6,,2025-09-14,2026-03-25 16:55:50,83,730,3068,8.939759036144578,33.55421686746988,3.4898787371146462,24,10,53,63.9,5.888888888888889,1.536590742882148,5.857142857142857,6,9,37,9
524,26,4,36,60,64,5,,2025-09-15,2026-03-25 16:55:50,83,730,3068,8.939759036144578,33.55421686746988,3.4898787371146462,24,11,59,71.1,5.9,1.4491376746189437,5.571428571428571,0,9,38,10
525,26,4,36,65,69,5,,2025-09-16,2026-03-25 16:55:50,83,730,3068,8.939759036144578,33.55421686746988,3.4898787371146462,24,12,64,77.1,5.818181818181818,1.4012980994907414,5.142857142857143,1,9,38,11
526,26,4,36,70,73,4,,2025-09-17,2026-03-25 16:55:50,83,730,3068,8.939759036144578,33.55421686746988,3.4898787371146462,24,13,69,83.1,5.75,1.3568010505999362,5.285714285714286,2,9,38,12
527,26,4,36,74,79,6,,2025-09-18,2026-03-25 16:55:50,83,730,3068,8.939759036144578,33.55421686746988,3.4898787371146462,24,14,73,88.0,5.615384615384615,1.3867504905630728,5.0,3,9,38,13
528,26,4,36,80,83,4,,2025-09-19,2026-03-25 16:55:50,83,730,3068,8.939759036144578,33.55421686746988,3.4898787371146462,24,15,79,95.2,5.642857142857143,1.3363062095621219,5.142857142857143,4,9,38,14
529,26,4,72,1,7,7,,2025-09-20,2026-03-25 16:55:50,28,286,1109,10.357142857142858,37.464285714285715,2.8049464999755105,17,1,0,0.0,5.533333333333333,1.3557637102737476,5.142857142857143,5,9,38,15
530,26,4,72,8,12,5,,2025-09-21,2026-03-25 16:55:50,28,286,1109,10.357142857142858,37.464285714285715,2.8049464999755105,17,2,7,25.0,5.625,1.3601470508735443,5.285714285714286,6,9,38,16
531,26,4,72,13,17,5,,2025-09-22,2026-03-25 16:55:50,28,286,1109,10.357142857142858,37.464285714285715,2.8049464999755105,17,3,12,42.9,5.588235294117647,1.325651892910228,5.142857142857143,0,9,39,17
532,26,4,72,18,22,5,,2025-09-23,2026-03-25 16:55:50,28,286,1109,10.357142857142858,37.464285714285715,2.8049464999755105,17,4,17,60.7,5.555555555555555,1.293523333527109,5.142857142857143,1,9,39,18
533,26,4,72,23,28,6,,2025-09-24,2026-03-25 16:55:50,28,286,1109,10.357142857142858,37.464285714285715,2.8049464999755105,17,5,22,78.6,5.526315789473684,1.2635233389495326,5.142857142857143,2,9,39,19
534,26,4,83,1,11,11,,2025-09-26,2026-03-25 16:55:50,36,169,750,4.833333333333333,19.02777777777778,1.7154757774032086,8,1,0,0.0,5.55,1.234376040972246,5.428571428571429,4,9,39,20
535,26,4,83,12,24,13,,2025-09-27,2026-03-25 16:55:50,36,169,750,4.833333333333333,19.02777777777778,1.7154757774032086,8,2,11,30.6,5.809523809523809,1.6917165134574887,6.142857142857143,5,9,39,21
536,26,4,83,25,36,12,,2025-09-28,2026-03-25 16:55:50,36,169,750,4.833333333333333,19.02777777777778,1.7154757774032086,8,3,24,66.7,6.136363636363637,2.2529442016520465,7.428571428571429,6,9,39,22
537,27,4,75,1,16,16,,2025-09-04,2026-03-25 16:55:50,40,164,676,4.225,15.725,1.3865193462176781,8,1,0,0.0,6.391304347826087,2.517919964696376,3.0,3,9,36,0
538,27,4,75,17,33,17,,2025-09-05,2026-03-25 16:55:50,40,164,676,4.225,15.725,1.3865193462176781,8,2,16,40.0,16.0,0.0,16.0,4,9,36,1
539,27,4,75,34,40,7,,2025-09-06,2026-03-25 16:55:50,40,164,676,4.225,15.725,1.3865193462176781,8,3,33,82.5,16.5,0.7071067811865476,16.5,5,9,36,2
540,27,3,74,1,11,11,,2025-09-11,2026-03-25 16:55:50,56,256,1035,4.660714285714286,16.946428571428573,7.4572156288433105,58,1,0,0.0,13.333333333333334,5.507570547286102,13.333333333333334,3,9,37,3
541,27,3,74,12,25,14,,2025-09-12,2026-03-25 16:55:50,56,256,1035,4.660714285714286,16.946428571428573,7.4572156288433105,58,2,11,19.6,12.75,4.645786621588784,12.75,4,9,37,4
542,27,3,74,26,34,9,,2025-09-13,2026-03-25 16:55:50,56,256,1035,4.660714285714286,16.946428571428573,7.4572156288433105,58,3,25,44.6,13.0,4.06201920231798,13.0,5,9,37,5
543,27,3,74,35,50,16,,2025-09-14,2026-03-25 16:55:50,56,256,1035,4.660714285714286,16.946428571428573,7.4572156288433105,58,4,34,60.7,12.333333333333334,3.9832984656772417,12.333333333333334,6,9,37,6
544,27,3,74,51,56,6,,2025-09-15,2026-03-25 16:55:50,56,256,1035,4.660714285714286,16.946428571428573,7.4572156288433105,58,5,50,89.3,12.857142857142858,3.8913824205360674,12.857142857142858,0,9,38,7
545,27,2,77,1,15,15,,2025-09-18,2026-03-25 16:55:50,50,181,841,3.84,15.16,1.3149066856004403,8,1,0,0.0,12.0,4.342481186734475,11.428571428571429,3,9,38,8
546,27,2,77,16,24,9,,2025-09-19,2026-03-25 16:55:50,50,181,841,3.84,15.16,1.3149066856004403,8,2,15,30.0,12.333333333333334,4.183300132670378,11.142857142857142,4,9,38,9
547,27,2,77,25,40,16,,2025-09-20,2026-03-25 16:55:50,50,181,841,3.84,15.16,1.3149066856004403,8,3,24,48.0,12.0,4.08248290463863,11.428571428571429,5,9,38,10
548,27,2,77,41,50,10,,2025-09-21,2026-03-25 16:55:50,50,181,841,3.84,15.16,1.3149066856004403,8,4,40,80.0,12.363636363636363,4.0564202758769285,12.142857142857142,6,9,38,11
549,27,2,106,1,4,4,,2025-09-22,2026-03-25 16:55:50,4,17,77,5.25,21.0,1.5,7,1,0,0.0,12.166666666666666,3.9273709303097952,11.571428571428571,0,9,39,12
550,28,2,83,1,10,10,,2025-09-07,2026-03-25 16:55:50,36,169,750,4.833333333333333,19.02777777777778,1.7154757774032086,8,1,0,0.0,11.538461538461538,4.389673196176541,3.0,6,9,36,0
551,28,2,83,11,19,9,,2025-09-08,2026-03-25 16:55:50,36,169,750,4.833333333333333,19.02777777777778,1.7154757774032086,8,2,10,27.8,10.0,0.0,10.0,0,9,37,1
552,28,2,83,20,28,9,,2025-09-09,2026-03-25 16:55:50,36,169,750,4.833333333333333,19.02777777777778,1.7154757774032086,8,3,19,52.8,9.5,0.7071067811865476,9.5,1,9,37,2
553,28,2,83,29,36,8,,2025-09-10,2026-03-25 16:55:50,36,169,750,4.833333333333333,19.02777777777778,1.7154757774032086,8,4,28,77.8,9.333333333333334,0.5773502691896258,9.333333333333334,2,9,37,3
554,28,2,92,1,13,13,,2025-09-13,2026-03-25 16:55:50,21,71,314,3.5714285714285716,14.19047619047619,1.468721504282843,7,1,0,0.0,9.0,0.8164965809277263,9.0,5,9,37,4
555,28,2,92,14,21,8,,2025-09-14,2026-03-25 16:55:50,21,71,314,3.5714285714285716,14.19047619047619,1.468721504282843,7,2,13,61.9,9.8,1.9235384061671343,9.8,6,9,37,5
556,28,4,106,1,4,4,,2025-09-16,2026-03-25 16:55:50,4,17,77,5.25,21.0,1.5,7,1,0,0.0,9.5,1.8708286933869707,9.5,1,9,38,6
557,28,2,100,1,11,11,,2025-09-18,2026-03-25 16:55:50,11,40,169,4.2727272727272725,15.090909090909092,1.6787441193290351,8,1,0,0.0,8.714285714285714,2.690370836538197,8.714285714285714,3,9,38,7
558,28,4,79,1,13,13,,2025-09-23,2026-03-25 16:55:50,46,179,785,4.065217391304348,16.065217391304348,1.6786525537273236,9,1,0,0.0,9.0,2.6186146828319083,8.857142857142858,1,9,39,8
559,28,4,79,14,26,13,,2025-09-24,2026-03-25 16:55:50,46,179,785,4.065217391304348,16.065217391304348,1.6786525537273236,9,2,13,28.3,9.444444444444445,2.788866755113585,9.428571428571429,2,9,39,9
560,28,4,79,27,36,10,,2025-09-25,2026-03-25 16:55:50,46,179,785,4.065217391304348,16.065217391304348,1.6786525537273236,9,3,26,56.5,9.8,2.859681411936962,10.0,3,9,39,10
561,28,4,79,37,46,10,,2025-09-27,2026-03-25 16:55:50,46,179,785,4.065217391304348,16.065217391304348,1.6786525537273236,9,4,36,78.3,9.818181818181818,2.7136021011998723,10.285714285714286,5,9,39,11
562,29,4,82,1,13,13,,2025-09-01,2026-03-25 16:55:50,19,81,333,4.421052631578948,16.157894736842106,1.7421503147829251,9,1,0,0.0,9.833333333333334,2.5878504008094625,3.0,0,9,36,0
563,29,4,82,14,19,6,,2025-09-02,2026-03-25 16:55:50,19,81,333,4.421052631578948,16.157894736842106,1.7421503147829251,9,2,13,68.4,13.0,0.0,13.0,1,9,36,1
564,29,2,85,1,9,9,,2025-09-06,2026-03-25 16:55:50,22,109,469,5.2272727272727275,19.272727272727273,3.740789554827496,15,1,0,0.0,9.5,4.949747468305833,9.5,5,9,36,2
565,29,2,85,10,19,10,,2025-09-07,2026-03-25 16:55:50,22,109,469,5.2272727272727275,19.272727272727273,3.740789554827496,15,2,9,40.9,9.333333333333334,3.5118845842842465,9.333333333333334,6,9,36,3
566,29,2,85,20,22,3,,2025-09-08,2026-03-25 16:55:50,22,109,469,5.2272727272727275,19.272727272727273,3.740789554827496,15,3,19,86.4,9.5,2.886751345948129,9.5,0,9,37,4
567,29,3,109,1,6,6,,2025-09-14,2026-03-25 16:55:50,6,27,99,5.0,18.166666666666668,1.0954451150103321,7,1,0,0.0,8.2,3.8340579025361627,8.2,6,9,37,5
568,29,4,36,1,4,4,,2025-09-20,2026-03-25 16:55:50,83,730,3068,8.939759036144578,33.55421686746988,3.4898787371146462,24,1,0,0.0,7.833333333333333,3.5449494589721118,7.833333333333333,5,9,38,6
569,29,4,36,5,9,5,,2025-09-21,2026-03-25 16:55:50,83,730,3068,8.939759036144578,33.55421686746988,3.4898787371146462,24,2,4,4.8,7.285714285714286,3.545621041711673,7.285714285714286,6,9,38,7
570,29,4,36,10,13,4,,2025-09-22,2026-03-25 16:55:50,83,730,3068,8.939759036144578,33.55421686746988,3.4898787371146462,24,3,9,10.8,7.0,3.3806170189140663,6.142857142857143,0,9,39,8
571,29,4,36,14,18,5,,2025-09-23,2026-03-25 16:55:50,83,730,3068,8.939759036144578,33.55421686746988,3.4898787371146462,24,4,13,15.7,6.666666666666667,3.3166247903553994,5.857142857142857,1,9,39,9
572,29,4,36,19,26,8,,2025-09-24,2026-03-25 16:55:50,83,730,3068,8.939759036144578,33.55421686746988,3.4898787371146462,24,5,18,21.7,6.5,3.171049598406741,5.285714285714286,2,9,39,10
573,29,4,36,27,31,5,,2025-09-25,2026-03-25 16:55:50,83,730,3068,8.939759036144578,33.55421686746988,3.4898787371146462,24,6,26,31.3,6.636363636363637,3.042128441493793,5.0,3,9,39,11
574,29,4,36,32,38,7,,2025-09-26,2026-03-25 16:55:50,83,730,3068,8.939759036144578,33.55421686746988,3.4898787371146462,24,7,31,37.3,6.5,2.9387690682262932,5.285714285714286,4,9,39,12
575,29,4,36,39,44,6,,2025-09-27,2026-03-25 16:55:50,83,730,3068,8.939759036144578,33.55421686746988,3.4898787371146462,24,8,38,45.8,6.538461538461538,2.8170724939016805,5.428571428571429,5,9,39,13
576,29,4,36,45,51,7,,2025-09-29,2026-03-25 16:55:50,83,730,3068,8.939759036144578,33.55421686746988,3.4898787371146462,24,9,44,53.0,6.5,2.7103789119150563,5.714285714285714,0,9,40,14
577,29,4,36,52,59,8,,2025-09-30,2026-03-25 16:55:50,83,730,3068,8.939759036144578,33.55421686746988,3.4898787371146462,24,10,51,61.4,6.533333333333333,2.614975188810639,6.0,1,9,40,15
578,29,4,36,60,66,7,,2025-10-01,2026-03-25 16:55:50,83,730,3068,8.939759036144578,33.55421686746988,3.4898787371146462,24,11,59,71.1,6.625,2.552776266472772,6.571428571428571,2,10,40,16
579,29,4,36,67,71,5,,2025-10-02,2026-03-25 16:55:50,83,730,3068,8.939759036144578,33.55421686746988,3.4898787371146462,24,12,66,79.5,6.647058823529412,2.473387769603369,6.857142857142857,3,10,40,17
580,29,4,36,72,80,9,,2025-10-03,2026-03-25 16:55:50,83,730,3068,8.939759036144578,33.55421686746988,3.4898787371146462,24,13,71,85.5,6.555555555555555,2.4307399556567426,6.428571428571429,4,10,40,18
581,29,4,36,81,83,3,,2025-10-04,2026-03-25 16:55:50,83,730,3068,8.939759036144578,33.55421686746988,3.4898787371146462,24,14,80,96.4,6.684210526315789,2.4279079146675357,7.0,5,10,40,19
582,29,2,112,1,4,4,,2025-10-08,2026-03-25 16:55:50,4,15,47,4.75,14.25,2.5,8,1,0,0.0,6.5,2.50263019536184,6.428571428571429,2,10,41,20
584,30,2,2,1,18,18,,2026-03-25,2026-03-25 22:42:06,286,6140,26249,21.895104895104897,82.44055944055944,14.41890245073096,129,1,0,0.0,6.380952380952381,2.499523764163695,3.0,2,3,13,0
586,30,2,2,19,29,11,kamu keren,2026-03-25,2026-03-25 23:19:55,286,6140,26249,21.895104895104897,82.44055944055944,14.41890245073096,129,2,18,6.3,18.0,0.0,18.0,2,3,13,1
